{
    "iptm+ptm": {
        "model_1_multimer_v3_pred_0": 0.8388081772849476,
        "model_2_multimer_v3_pred_0": 0.8741356941838894,
        "model_3_multimer_v3_pred_0": 0.8417250575114292,
        "model_4_multimer_v3_pred_0": 0.8152608002611892,
        "model_5_multimer_v3_pred_0": 0.8484543697470933
    },
    "order": [
        "model_2_multimer_v3_pred_0",
        "model_5_multimer_v3_pred_0",
        "model_3_multimer_v3_pred_0",
        "model_1_multimer_v3_pred_0",
        "model_4_multimer_v3_pred_0"
    ]
}