{
    "features": 185.3544204235077,
    "process_features_model_1_multimer_v3_pred_0": 1.1920928955078125e-05,
    "predict_and_compile_model_1_multimer_v3_pred_0": 899.2515213489532,
    "relax_model_1_multimer_v3_pred_0": 208.30556344985962,
    "process_features_model_2_multimer_v3_pred_0": 5.245208740234375e-06,
    "predict_and_compile_model_2_multimer_v3_pred_0": 585.1553032398224,
    "relax_model_2_multimer_v3_pred_0": 255.9271638393402,
    "process_features_model_3_multimer_v3_pred_0": 2.574920654296875e-05,
    "predict_and_compile_model_3_multimer_v3_pred_0": 715.6862535476685,
    "relax_model_3_multimer_v3_pred_0": 528.8635365962982,
    "process_features_model_4_multimer_v3_pred_0": 1.0251998901367188e-05,
    "predict_and_compile_model_4_multimer_v3_pred_0": 1464.1879937648773,
    "relax_model_4_multimer_v3_pred_0": 398.74248909950256,
    "process_features_model_5_multimer_v3_pred_0": 5.9604644775390625e-06,
    "predict_and_compile_model_5_multimer_v3_pred_0": 716.2671067714691,
    "relax_model_5_multimer_v3_pred_0": 232.78373050689697
}