{
    "iptm+ptm": {
        "model_1_multimer_v3_pred_0": 0.6268713194308242,
        "model_2_multimer_v3_pred_0": 0.5734603115965768,
        "model_3_multimer_v3_pred_0": 0.6438124849889094,
        "model_4_multimer_v3_pred_0": 0.6260837801915413,
        "model_5_multimer_v3_pred_0": 0.632161925666418
    },
    "order": [
        "model_3_multimer_v3_pred_0",
        "model_5_multimer_v3_pred_0",
        "model_1_multimer_v3_pred_0",
        "model_4_multimer_v3_pred_0",
        "model_2_multimer_v3_pred_0"
    ]
}