{
    "features": 253.85421991348267,
    "process_features_model_1_multimer_v3_pred_0": 1.0728836059570312e-05,
    "predict_and_compile_model_1_multimer_v3_pred_0": 846.6962313652039,
    "relax_model_1_multimer_v3_pred_0": 220.0770342350006,
    "process_features_model_2_multimer_v3_pred_0": 2.4318695068359375e-05,
    "predict_and_compile_model_2_multimer_v3_pred_0": 708.95645570755,
    "relax_model_2_multimer_v3_pred_0": 601.6180188655853,
    "process_features_model_3_multimer_v3_pred_0": 5.4836273193359375e-06,
    "predict_and_compile_model_3_multimer_v3_pred_0": 706.776171207428,
    "relax_model_3_multimer_v3_pred_0": 733.3788077831268,
    "process_features_model_4_multimer_v3_pred_0": 5.9604644775390625e-06,
    "predict_and_compile_model_4_multimer_v3_pred_0": 968.9968092441559,
    "relax_model_4_multimer_v3_pred_0": 285.40179324150085,
    "process_features_model_5_multimer_v3_pred_0": 4.76837158203125e-06,
    "predict_and_compile_model_5_multimer_v3_pred_0": 1182.6189839839935,
    "relax_model_5_multimer_v3_pred_0": 795.1721804141998
}