{
    "iptm+ptm": {
        "model_1_multimer_v3_pred_0": 0.6751860733732816,
        "model_2_multimer_v3_pred_0": 0.6711705677289993,
        "model_3_multimer_v3_pred_0": 0.6695200598292604,
        "model_4_multimer_v3_pred_0": 0.6625256187657759,
        "model_5_multimer_v3_pred_0": 0.6746843712356649
    },
    "order": [
        "model_1_multimer_v3_pred_0",
        "model_5_multimer_v3_pred_0",
        "model_2_multimer_v3_pred_0",
        "model_3_multimer_v3_pred_0",
        "model_4_multimer_v3_pred_0"
    ]
}