{
    "features": 642.0551996231079,
    "process_features_model_1_multimer_v3_pred_0": 1.049041748046875e-05,
    "predict_and_compile_model_1_multimer_v3_pred_0": 7261.777462005615,
    "relax_model_1_multimer_v3_pred_0": 5821.878989696503,
    "process_features_model_2_multimer_v3_pred_0": 8.344650268554688e-06,
    "predict_and_compile_model_2_multimer_v3_pred_0": 7200.073464155197,
    "relax_model_2_multimer_v3_pred_0": 5102.405939340591,
    "process_features_model_3_multimer_v3_pred_0": 9.298324584960938e-06,
    "predict_and_compile_model_3_multimer_v3_pred_0": 7242.918602466583,
    "relax_model_3_multimer_v3_pred_0": 4425.768780946732,
    "process_features_model_4_multimer_v3_pred_0": 5.4836273193359375e-06,
    "predict_and_compile_model_4_multimer_v3_pred_0": 7051.551048517227,
    "relax_model_4_multimer_v3_pred_0": 4668.4819877147675,
    "process_features_model_5_multimer_v3_pred_0": 2.4318695068359375e-05,
    "predict_and_compile_model_5_multimer_v3_pred_0": 7029.511657238007,
    "relax_model_5_multimer_v3_pred_0": 2597.8119325637817
}