{
    "iptm+ptm": {
        "model_1_multimer_v3_pred_0": 0.8037507257169126,
        "model_2_multimer_v3_pred_0": 0.8151290307983505,
        "model_3_multimer_v3_pred_0": 0.8305546413440921,
        "model_4_multimer_v3_pred_0": 0.8300787925437135,
        "model_5_multimer_v3_pred_0": 0.8315199514793932
    },
    "order": [
        "model_5_multimer_v3_pred_0",
        "model_3_multimer_v3_pred_0",
        "model_4_multimer_v3_pred_0",
        "model_2_multimer_v3_pred_0",
        "model_1_multimer_v3_pred_0"
    ]
}