{
    "features": 186.99207282066345,
    "process_features_model_1_multimer_v3_pred_0": 1.1682510375976562e-05,
    "predict_and_compile_model_1_multimer_v3_pred_0": 552.4209909439087,
    "relax_model_1_multimer_v3_pred_0": 166.30315470695496,
    "process_features_model_2_multimer_v3_pred_0": 6.9141387939453125e-06,
    "predict_and_compile_model_2_multimer_v3_pred_0": 427.20502948760986,
    "relax_model_2_multimer_v3_pred_0": 319.8745377063751,
    "process_features_model_3_multimer_v3_pred_0": 2.8848648071289062e-05,
    "predict_and_compile_model_3_multimer_v3_pred_0": 431.6026773452759,
    "relax_model_3_multimer_v3_pred_0": 330.8005118370056,
    "process_features_model_4_multimer_v3_pred_0": 5.4836273193359375e-06,
    "predict_and_compile_model_4_multimer_v3_pred_0": 415.5944936275482,
    "relax_model_4_multimer_v3_pred_0": 328.29976987838745,
    "process_features_model_5_multimer_v3_pred_0": 5.245208740234375e-06,
    "predict_and_compile_model_5_multimer_v3_pred_0": 469.1001718044281,
    "relax_model_5_multimer_v3_pred_0": 251.43248391151428
}