{
    "iptm+ptm": {
        "model_1_multimer_v3_pred_0": 0.6331109932346934,
        "model_2_multimer_v3_pred_0": 0.3936607135793313,
        "model_3_multimer_v3_pred_0": 0.41707347448754295,
        "model_4_multimer_v3_pred_0": 0.5019049483443324,
        "model_5_multimer_v3_pred_0": 0.5548316943964399
    },
    "order": [
        "model_1_multimer_v3_pred_0",
        "model_5_multimer_v3_pred_0",
        "model_4_multimer_v3_pred_0",
        "model_3_multimer_v3_pred_0",
        "model_2_multimer_v3_pred_0"
    ]
}