{
    "features": 117.74126839637756,
    "process_features_model_1_multimer_v3_pred_0": 1.3828277587890625e-05,
    "predict_and_compile_model_1_multimer_v3_pred_0": 239.88943433761597,
    "relax_model_1_multimer_v3_pred_0": 363.0859115123749,
    "process_features_model_2_multimer_v3_pred_0": 6.198883056640625e-06,
    "predict_and_compile_model_2_multimer_v3_pred_0": 236.68942093849182,
    "relax_model_2_multimer_v3_pred_0": 827.1210134029388,
    "process_features_model_3_multimer_v3_pred_0": 1.1444091796875e-05,
    "predict_and_compile_model_3_multimer_v3_pred_0": 235.0123119354248,
    "relax_model_3_multimer_v3_pred_0": 497.2399117946625,
    "process_features_model_4_multimer_v3_pred_0": 1.1205673217773438e-05,
    "predict_and_compile_model_4_multimer_v3_pred_0": 192.18520545959473,
    "relax_model_4_multimer_v3_pred_0": 324.35596895217896,
    "process_features_model_5_multimer_v3_pred_0": 1.1444091796875e-05,
    "predict_and_compile_model_5_multimer_v3_pred_0": 231.00270438194275,
    "relax_model_5_multimer_v3_pred_0": 368.8754143714905
}