{
    "iptm+ptm": {
        "model_1_multimer_v3_pred_0": 0.7116884594997356,
        "model_2_multimer_v3_pred_0": 0.72009577970235,
        "model_3_multimer_v3_pred_0": 0.7083859907138395,
        "model_4_multimer_v3_pred_0": 0.7195274871381417,
        "model_5_multimer_v3_pred_0": 0.7157434993411848
    },
    "order": [
        "model_2_multimer_v3_pred_0",
        "model_4_multimer_v3_pred_0",
        "model_5_multimer_v3_pred_0",
        "model_1_multimer_v3_pred_0",
        "model_3_multimer_v3_pred_0"
    ]
}