{
    "features": 200.69819855690002,
    "process_features_model_1_multimer_v3_pred_0": 1.3589859008789062e-05,
    "predict_and_compile_model_1_multimer_v3_pred_0": 1342.3758268356323,
    "relax_model_1_multimer_v3_pred_0": 452.5453407764435,
    "process_features_model_2_multimer_v3_pred_0": 1.1920928955078125e-05,
    "predict_and_compile_model_2_multimer_v3_pred_0": 1722.8554291725159,
    "relax_model_2_multimer_v3_pred_0": 310.9943697452545,
    "process_features_model_3_multimer_v3_pred_0": 4.5299530029296875e-06,
    "predict_and_compile_model_3_multimer_v3_pred_0": 1284.1752514839172,
    "relax_model_3_multimer_v3_pred_0": 387.9786853790283,
    "process_features_model_4_multimer_v3_pred_0": 2.288818359375e-05,
    "predict_and_compile_model_4_multimer_v3_pred_0": 1683.1534216403961,
    "relax_model_4_multimer_v3_pred_0": 289.48343682289124,
    "process_features_model_5_multimer_v3_pred_0": 4.76837158203125e-06,
    "predict_and_compile_model_5_multimer_v3_pred_0": 1446.875988960266,
    "relax_model_5_multimer_v3_pred_0": 384.1828055381775
}