{
    "iptm+ptm": {
        "model_1_multimer_v3_pred_0": 0.8634108962494773,
        "model_2_multimer_v3_pred_0": 0.8680519285293968,
        "model_3_multimer_v3_pred_0": 0.8669580858495435,
        "model_4_multimer_v3_pred_0": 0.8782730048497904,
        "model_5_multimer_v3_pred_0": 0.86977634673542
    },
    "order": [
        "model_4_multimer_v3_pred_0",
        "model_5_multimer_v3_pred_0",
        "model_2_multimer_v3_pred_0",
        "model_3_multimer_v3_pred_0",
        "model_1_multimer_v3_pred_0"
    ]
}