{
    "features": 186.05063796043396,
    "process_features_model_1_multimer_v3_pred_0": 2.7179718017578125e-05,
    "predict_and_compile_model_1_multimer_v3_pred_0": 715.5700879096985,
    "relax_model_1_multimer_v3_pred_0": 228.86889457702637,
    "process_features_model_2_multimer_v3_pred_0": 4.76837158203125e-06,
    "predict_and_compile_model_2_multimer_v3_pred_0": 519.6561777591705,
    "relax_model_2_multimer_v3_pred_0": 307.52330231666565,
    "process_features_model_3_multimer_v3_pred_0": 5.4836273193359375e-06,
    "predict_and_compile_model_3_multimer_v3_pred_0": 579.3458755016327,
    "relax_model_3_multimer_v3_pred_0": 231.63549280166626,
    "process_features_model_4_multimer_v3_pred_0": 5.0067901611328125e-06,
    "predict_and_compile_model_4_multimer_v3_pred_0": 761.2784168720245,
    "relax_model_4_multimer_v3_pred_0": 275.89837193489075,
    "process_features_model_5_multimer_v3_pred_0": 5.4836273193359375e-06,
    "predict_and_compile_model_5_multimer_v3_pred_0": 573.3446938991547,
    "relax_model_5_multimer_v3_pred_0": 394.85196185112
}