{
    "iptm+ptm": {
        "model_1_multimer_v3_pred_0": 0.7123499679472927,
        "model_2_multimer_v3_pred_0": 0.7030689752236847,
        "model_3_multimer_v3_pred_0": 0.7295220750393404,
        "model_4_multimer_v3_pred_0": 0.7506099089026125,
        "model_5_multimer_v3_pred_0": 0.7477338031710697
    },
    "order": [
        "model_4_multimer_v3_pred_0",
        "model_5_multimer_v3_pred_0",
        "model_3_multimer_v3_pred_0",
        "model_1_multimer_v3_pred_0",
        "model_2_multimer_v3_pred_0"
    ]
}