{
    "features": 173.68605756759644,
    "process_features_model_1_multimer_v3_pred_0": 4.291534423828125e-05,
    "predict_and_compile_model_1_multimer_v3_pred_0": 434.24673223495483,
    "relax_model_1_multimer_v3_pred_0": 163.09279942512512,
    "process_features_model_2_multimer_v3_pred_0": 4.76837158203125e-06,
    "predict_and_compile_model_2_multimer_v3_pred_0": 301.0229034423828,
    "relax_model_2_multimer_v3_pred_0": 111.14328241348267,
    "process_features_model_3_multimer_v3_pred_0": 4.76837158203125e-06,
    "predict_and_compile_model_3_multimer_v3_pred_0": 336.06285333633423,
    "relax_model_3_multimer_v3_pred_0": 174.8952558040619,
    "process_features_model_4_multimer_v3_pred_0": 4.76837158203125e-06,
    "predict_and_compile_model_4_multimer_v3_pred_0": 348.16666293144226,
    "relax_model_4_multimer_v3_pred_0": 178.2042751312256,
    "process_features_model_5_multimer_v3_pred_0": 5.4836273193359375e-06,
    "predict_and_compile_model_5_multimer_v3_pred_0": 400.0082378387451,
    "relax_model_5_multimer_v3_pred_0": 192.78638219833374
}