{
    "iptm+ptm": {
        "model_1_multimer_v3_pred_0": 0.6686398595025802,
        "model_2_multimer_v3_pred_0": 0.7362974846899294,
        "model_3_multimer_v3_pred_0": 0.6625954607382556,
        "model_4_multimer_v3_pred_0": 0.586680531454226,
        "model_5_multimer_v3_pred_0": 0.44506620011578646
    },
    "order": [
        "model_2_multimer_v3_pred_0",
        "model_1_multimer_v3_pred_0",
        "model_3_multimer_v3_pred_0",
        "model_4_multimer_v3_pred_0",
        "model_5_multimer_v3_pred_0"
    ]
}