{
    "features": 204.64017486572266,
    "process_features_model_1_multimer_v3_pred_0": 1.0013580322265625e-05,
    "predict_and_compile_model_1_multimer_v3_pred_0": 1242.707787513733,
    "relax_model_1_multimer_v3_pred_0": 231.20368909835815,
    "process_features_model_2_multimer_v3_pred_0": 1.2874603271484375e-05,
    "predict_and_compile_model_2_multimer_v3_pred_0": 1110.6007277965546,
    "relax_model_2_multimer_v3_pred_0": 617.1490445137024,
    "process_features_model_3_multimer_v3_pred_0": 8.344650268554688e-06,
    "predict_and_compile_model_3_multimer_v3_pred_0": 1175.4545860290527,
    "relax_model_3_multimer_v3_pred_0": 249.1695911884308,
    "process_features_model_4_multimer_v3_pred_0": 1.0967254638671875e-05,
    "predict_and_compile_model_4_multimer_v3_pred_0": 1049.1382746696472,
    "relax_model_4_multimer_v3_pred_0": 665.6495931148529,
    "process_features_model_5_multimer_v3_pred_0": 2.9087066650390625e-05,
    "predict_and_compile_model_5_multimer_v3_pred_0": 1489.570708990097,
    "relax_model_5_multimer_v3_pred_0": 382.6697335243225
}