{
    "iptm+ptm": {
        "model_1_multimer_v3_pred_0": 0.9033319574721058,
        "model_2_multimer_v3_pred_0": 0.9073513236446981,
        "model_3_multimer_v3_pred_0": 0.8958423416728793,
        "model_4_multimer_v3_pred_0": 0.8888668384170405,
        "model_5_multimer_v3_pred_0": 0.896372361000997
    },
    "order": [
        "model_2_multimer_v3_pred_0",
        "model_1_multimer_v3_pred_0",
        "model_5_multimer_v3_pred_0",
        "model_3_multimer_v3_pred_0",
        "model_4_multimer_v3_pred_0"
    ]
}