{
    "features": 174.63304138183594,
    "process_features_model_1_multimer_v3_pred_0": 4.2438507080078125e-05,
    "predict_and_compile_model_1_multimer_v3_pred_0": 361.536333322525,
    "relax_model_1_multimer_v3_pred_0": 139.13161373138428,
    "process_features_model_2_multimer_v3_pred_0": 1.1444091796875e-05,
    "predict_and_compile_model_2_multimer_v3_pred_0": 510.8419120311737,
    "relax_model_2_multimer_v3_pred_0": 182.70320630073547,
    "process_features_model_3_multimer_v3_pred_0": 1.6927719116210938e-05,
    "predict_and_compile_model_3_multimer_v3_pred_0": 572.8601651191711,
    "relax_model_3_multimer_v3_pred_0": 224.38583731651306,
    "process_features_model_4_multimer_v3_pred_0": 1.33514404296875e-05,
    "predict_and_compile_model_4_multimer_v3_pred_0": 460.03931307792664,
    "relax_model_4_multimer_v3_pred_0": 141.36398839950562,
    "process_features_model_5_multimer_v3_pred_0": 8.106231689453125e-06,
    "predict_and_compile_model_5_multimer_v3_pred_0": 1022.1130902767181,
    "relax_model_5_multimer_v3_pred_0": 304.058313369751
}