{
    "iptm+ptm": {
        "model_1_multimer_v3_pred_0": 0.7216741813520603,
        "model_2_multimer_v3_pred_0": 0.749183058274341,
        "model_3_multimer_v3_pred_0": 0.7410357251372695,
        "model_4_multimer_v3_pred_0": 0.7460772697083707,
        "model_5_multimer_v3_pred_0": 0.7590197670821629
    },
    "order": [
        "model_5_multimer_v3_pred_0",
        "model_2_multimer_v3_pred_0",
        "model_4_multimer_v3_pred_0",
        "model_3_multimer_v3_pred_0",
        "model_1_multimer_v3_pred_0"
    ]
}