{
    "features": 96.33601951599121,
    "process_features_model_1_multimer_v3_pred_0": 1.0013580322265625e-05,
    "predict_and_compile_model_1_multimer_v3_pred_0": 103.82413387298584,
    "relax_model_1_multimer_v3_pred_0": 347.8764445781708,
    "process_features_model_2_multimer_v3_pred_0": 5.7220458984375e-06,
    "predict_and_compile_model_2_multimer_v3_pred_0": 128.40402746200562,
    "relax_model_2_multimer_v3_pred_0": 390.0155761241913,
    "process_features_model_3_multimer_v3_pred_0": 5.0067901611328125e-06,
    "predict_and_compile_model_3_multimer_v3_pred_0": 129.79633831977844,
    "relax_model_3_multimer_v3_pred_0": 357.7399923801422,
    "process_features_model_4_multimer_v3_pred_0": 6.9141387939453125e-06,
    "predict_and_compile_model_4_multimer_v3_pred_0": 137.90850687026978,
    "relax_model_4_multimer_v3_pred_0": 564.4579899311066,
    "process_features_model_5_multimer_v3_pred_0": 5.4836273193359375e-06,
    "predict_and_compile_model_5_multimer_v3_pred_0": 124.17868542671204,
    "relax_model_5_multimer_v3_pred_0": 382.70084857940674
}