{
    "iptm+ptm": {
        "model_1_multimer_v3_pred_0": 0.6836436393206026,
        "model_2_multimer_v3_pred_0": 0.6990869312864795,
        "model_3_multimer_v3_pred_0": 0.6874929696733378,
        "model_4_multimer_v3_pred_0": 0.7980167857075356,
        "model_5_multimer_v3_pred_0": 0.698838411798874
    },
    "order": [
        "model_4_multimer_v3_pred_0",
        "model_2_multimer_v3_pred_0",
        "model_5_multimer_v3_pred_0",
        "model_3_multimer_v3_pred_0",
        "model_1_multimer_v3_pred_0"
    ]
}