{
    "features": 158.8626344203949,
    "process_features_model_1_multimer_v3_pred_0": 6.890296936035156e-05,
    "predict_and_compile_model_1_multimer_v3_pred_0": 429.0979986190796,
    "relax_model_1_multimer_v3_pred_0": 144.8525960445404,
    "process_features_model_2_multimer_v3_pred_0": 2.4080276489257812e-05,
    "predict_and_compile_model_2_multimer_v3_pred_0": 647.7415561676025,
    "relax_model_2_multimer_v3_pred_0": 236.4215362071991,
    "process_features_model_3_multimer_v3_pred_0": 1.0013580322265625e-05,
    "predict_and_compile_model_3_multimer_v3_pred_0": 562.1325988769531,
    "relax_model_3_multimer_v3_pred_0": 750.9468548297882,
    "process_features_model_4_multimer_v3_pred_0": 9.298324584960938e-06,
    "predict_and_compile_model_4_multimer_v3_pred_0": 646.900012254715,
    "relax_model_4_multimer_v3_pred_0": 272.4812662601471,
    "process_features_model_5_multimer_v3_pred_0": 1.5020370483398438e-05,
    "predict_and_compile_model_5_multimer_v3_pred_0": 1357.4876737594604,
    "relax_model_5_multimer_v3_pred_0": 301.2338044643402
}