{
    "iptm+ptm": {
        "model_1_multimer_v3_pred_0": 0.7668367730736436,
        "model_2_multimer_v3_pred_0": 0.8043441822627243,
        "model_3_multimer_v3_pred_0": 0.6925227939387637,
        "model_4_multimer_v3_pred_0": 0.799606058362339,
        "model_5_multimer_v3_pred_0": 0.7927373201490086
    },
    "order": [
        "model_2_multimer_v3_pred_0",
        "model_4_multimer_v3_pred_0",
        "model_5_multimer_v3_pred_0",
        "model_1_multimer_v3_pred_0",
        "model_3_multimer_v3_pred_0"
    ]
}