{
    "features": 208.56302976608276,
    "process_features_model_1_multimer_v3_pred_0": 3.337860107421875e-05,
    "predict_and_compile_model_1_multimer_v3_pred_0": 538.7140855789185,
    "relax_model_1_multimer_v3_pred_0": 240.5705111026764,
    "process_features_model_2_multimer_v3_pred_0": 2.5272369384765625e-05,
    "predict_and_compile_model_2_multimer_v3_pred_0": 1015.6593251228333,
    "relax_model_2_multimer_v3_pred_0": 718.6629838943481,
    "process_features_model_3_multimer_v3_pred_0": 1.430511474609375e-05,
    "predict_and_compile_model_3_multimer_v3_pred_0": 959.4157581329346,
    "relax_model_3_multimer_v3_pred_0": 904.7097029685974,
    "process_features_model_4_multimer_v3_pred_0": 1.1920928955078125e-05,
    "predict_and_compile_model_4_multimer_v3_pred_0": 616.686998128891,
    "relax_model_4_multimer_v3_pred_0": 208.9832546710968,
    "process_features_model_5_multimer_v3_pred_0": 9.298324584960938e-06,
    "predict_and_compile_model_5_multimer_v3_pred_0": 597.541446685791,
    "relax_model_5_multimer_v3_pred_0": 276.50223779678345
}