{
    "iptm+ptm": {
        "model_1_multimer_v3_pred_0": 0.8127400509964922,
        "model_2_multimer_v3_pred_0": 0.8380766523932287,
        "model_3_multimer_v3_pred_0": 0.824818888618371,
        "model_4_multimer_v3_pred_0": 0.8006166690332719,
        "model_5_multimer_v3_pred_0": 0.8223898202830178
    },
    "order": [
        "model_2_multimer_v3_pred_0",
        "model_3_multimer_v3_pred_0",
        "model_5_multimer_v3_pred_0",
        "model_1_multimer_v3_pred_0",
        "model_4_multimer_v3_pred_0"
    ]
}