{
    "features": 2059.9765813350677,
    "process_features_model_1_multimer_v3_pred_0": 1.1205673217773438e-05,
    "predict_and_compile_model_1_multimer_v3_pred_0": 727.2632019519806,
    "relax_model_1_multimer_v3_pred_0": 529.773618221283,
    "process_features_model_2_multimer_v3_pred_0": 2.47955322265625e-05,
    "predict_and_compile_model_2_multimer_v3_pred_0": 643.7327375411987,
    "relax_model_2_multimer_v3_pred_0": 564.3822557926178,
    "process_features_model_3_multimer_v3_pred_0": 1.430511474609375e-05,
    "predict_and_compile_model_3_multimer_v3_pred_0": 729.5075216293335,
    "relax_model_3_multimer_v3_pred_0": 611.0032842159271,
    "process_features_model_4_multimer_v3_pred_0": 1.9788742065429688e-05,
    "predict_and_compile_model_4_multimer_v3_pred_0": 1646.2285482883453,
    "relax_model_4_multimer_v3_pred_0": 845.0945174694061,
    "process_features_model_5_multimer_v3_pred_0": 5.4836273193359375e-06,
    "predict_and_compile_model_5_multimer_v3_pred_0": 1359.749273777008,
    "relax_model_5_multimer_v3_pred_0": 434.64191222190857
}