{
    "iptm+ptm": {
        "model_1_multimer_v3_pred_0": 0.7638454989058386,
        "model_2_multimer_v3_pred_0": 0.7392089016815948,
        "model_3_multimer_v3_pred_0": 0.6912585098851644,
        "model_4_multimer_v3_pred_0": 0.6550564266018398,
        "model_5_multimer_v3_pred_0": 0.6772442554300435
    },
    "order": [
        "model_1_multimer_v3_pred_0",
        "model_2_multimer_v3_pred_0",
        "model_3_multimer_v3_pred_0",
        "model_5_multimer_v3_pred_0",
        "model_4_multimer_v3_pred_0"
    ]
}