{
    "features": 268.85374450683594,
    "process_features_model_1_multimer_v3_pred_0": 1.0728836059570312e-05,
    "predict_and_compile_model_1_multimer_v3_pred_0": 1688.1938107013702,
    "relax_model_1_multimer_v3_pred_0": 804.7318890094757,
    "process_features_model_2_multimer_v3_pred_0": 7.152557373046875e-06,
    "predict_and_compile_model_2_multimer_v3_pred_0": 1686.0264508724213,
    "relax_model_2_multimer_v3_pred_0": 447.684711933136,
    "process_features_model_3_multimer_v3_pred_0": 7.867813110351562e-06,
    "predict_and_compile_model_3_multimer_v3_pred_0": 800.5312831401825,
    "relax_model_3_multimer_v3_pred_0": 278.23240327835083,
    "process_features_model_4_multimer_v3_pred_0": 5.7220458984375e-06,
    "predict_and_compile_model_4_multimer_v3_pred_0": 723.4484615325928,
    "relax_model_4_multimer_v3_pred_0": 389.0554814338684,
    "process_features_model_5_multimer_v3_pred_0": 7.152557373046875e-06,
    "predict_and_compile_model_5_multimer_v3_pred_0": 1649.1021792888641,
    "relax_model_5_multimer_v3_pred_0": 527.661780834198
}