{
    "iptm+ptm": {
        "model_1_multimer_v3_pred_0": 0.7443116623789241,
        "model_2_multimer_v3_pred_0": 0.7438877618818914,
        "model_3_multimer_v3_pred_0": 0.7409636315987526,
        "model_4_multimer_v3_pred_0": 0.729605863316221,
        "model_5_multimer_v3_pred_0": 0.7404480967041636
    },
    "order": [
        "model_1_multimer_v3_pred_0",
        "model_2_multimer_v3_pred_0",
        "model_3_multimer_v3_pred_0",
        "model_5_multimer_v3_pred_0",
        "model_4_multimer_v3_pred_0"
    ]
}