{
    "features": 251.93405604362488,
    "process_features_model_1_multimer_v3_pred_0": 4.553794860839844e-05,
    "predict_and_compile_model_1_multimer_v3_pred_0": 691.678858757019,
    "relax_model_1_multimer_v3_pred_0": 179.73120641708374,
    "process_features_model_2_multimer_v3_pred_0": 2.3603439331054688e-05,
    "predict_and_compile_model_2_multimer_v3_pred_0": 780.8715825080872,
    "relax_model_2_multimer_v3_pred_0": 246.20491456985474,
    "process_features_model_3_multimer_v3_pred_0": 4.5299530029296875e-06,
    "predict_and_compile_model_3_multimer_v3_pred_0": 1427.8217434883118,
    "relax_model_3_multimer_v3_pred_0": 461.826593875885,
    "process_features_model_4_multimer_v3_pred_0": 5.0067901611328125e-06,
    "predict_and_compile_model_4_multimer_v3_pred_0": 1422.173436164856,
    "relax_model_4_multimer_v3_pred_0": 304.3007287979126,
    "process_features_model_5_multimer_v3_pred_0": 5.7220458984375e-06,
    "predict_and_compile_model_5_multimer_v3_pred_0": 816.0923969745636,
    "relax_model_5_multimer_v3_pred_0": 413.146014213562
}