{
    "iptm+ptm": {
        "model_1_multimer_v3_pred_0": 0.6953104626047025,
        "model_2_multimer_v3_pred_0": 0.6849998427236927,
        "model_3_multimer_v3_pred_0": 0.6712566061761225,
        "model_4_multimer_v3_pred_0": 0.6589346933588527,
        "model_5_multimer_v3_pred_0": 0.6840069571450034
    },
    "order": [
        "model_1_multimer_v3_pred_0",
        "model_2_multimer_v3_pred_0",
        "model_5_multimer_v3_pred_0",
        "model_3_multimer_v3_pred_0",
        "model_4_multimer_v3_pred_0"
    ]
}