{
    "features": 270.01798367500305,
    "process_features_model_1_multimer_v3_pred_0": 2.4557113647460938e-05,
    "predict_and_compile_model_1_multimer_v3_pred_0": 827.9529812335968,
    "relax_model_1_multimer_v3_pred_0": 192.9519443511963,
    "process_features_model_2_multimer_v3_pred_0": 3.6716461181640625e-05,
    "predict_and_compile_model_2_multimer_v3_pred_0": 1588.1569814682007,
    "relax_model_2_multimer_v3_pred_0": 701.4586381912231,
    "process_features_model_3_multimer_v3_pred_0": 6.198883056640625e-06,
    "predict_and_compile_model_3_multimer_v3_pred_0": 1035.2244470119476,
    "relax_model_3_multimer_v3_pred_0": 712.7082095146179,
    "process_features_model_4_multimer_v3_pred_0": 4.5299530029296875e-06,
    "predict_and_compile_model_4_multimer_v3_pred_0": 1567.618192911148,
    "relax_model_4_multimer_v3_pred_0": 836.0042371749878,
    "process_features_model_5_multimer_v3_pred_0": 4.76837158203125e-06,
    "predict_and_compile_model_5_multimer_v3_pred_0": 1548.099944114685,
    "relax_model_5_multimer_v3_pred_0": 308.3978967666626
}