{
    "iptm+ptm": {
        "model_1_multimer_v3_pred_0": 0.7095260457567195,
        "model_2_multimer_v3_pred_0": 0.7178242083105968,
        "model_3_multimer_v3_pred_0": 0.7190950912267127,
        "model_4_multimer_v3_pred_0": 0.718614662836378,
        "model_5_multimer_v3_pred_0": 0.7000354505029558
    },
    "order": [
        "model_3_multimer_v3_pred_0",
        "model_4_multimer_v3_pred_0",
        "model_2_multimer_v3_pred_0",
        "model_1_multimer_v3_pred_0",
        "model_5_multimer_v3_pred_0"
    ]
}