{
    "features": 246.04472875595093,
    "process_features_model_1_multimer_v3_pred_0": 1.1682510375976562e-05,
    "predict_and_compile_model_1_multimer_v3_pred_0": 1406.1835923194885,
    "relax_model_1_multimer_v3_pred_0": 459.11003708839417,
    "process_features_model_2_multimer_v3_pred_0": 1.0251998901367188e-05,
    "predict_and_compile_model_2_multimer_v3_pred_0": 521.1387252807617,
    "relax_model_2_multimer_v3_pred_0": 631.4942374229431,
    "process_features_model_3_multimer_v3_pred_0": 1.811981201171875e-05,
    "predict_and_compile_model_3_multimer_v3_pred_0": 742.9823548793793,
    "relax_model_3_multimer_v3_pred_0": 622.527467250824,
    "process_features_model_4_multimer_v3_pred_0": 7.62939453125e-06,
    "predict_and_compile_model_4_multimer_v3_pred_0": 858.752402305603,
    "relax_model_4_multimer_v3_pred_0": 182.29239177703857,
    "process_features_model_5_multimer_v3_pred_0": 9.298324584960938e-06,
    "predict_and_compile_model_5_multimer_v3_pred_0": 1361.5544822216034,
    "relax_model_5_multimer_v3_pred_0": 444.6303653717041
}