{
    "iptm+ptm": {
        "model_1_multimer_v3_pred_0": 0.77726080264952,
        "model_2_multimer_v3_pred_0": 0.5280090635146584,
        "model_3_multimer_v3_pred_0": 0.6145005513151176,
        "model_4_multimer_v3_pred_0": 0.7155257158888186,
        "model_5_multimer_v3_pred_0": 0.7545400792605583
    },
    "order": [
        "model_1_multimer_v3_pred_0",
        "model_5_multimer_v3_pred_0",
        "model_4_multimer_v3_pred_0",
        "model_3_multimer_v3_pred_0",
        "model_2_multimer_v3_pred_0"
    ]
}