{
    "features": 233.7171928882599,
    "process_features_model_1_multimer_v3_pred_0": 5.412101745605469e-05,
    "predict_and_compile_model_1_multimer_v3_pred_0": 1396.4954988956451,
    "relax_model_1_multimer_v3_pred_0": 734.7101068496704,
    "process_features_model_2_multimer_v3_pred_0": 5.4836273193359375e-06,
    "predict_and_compile_model_2_multimer_v3_pred_0": 616.3630487918854,
    "relax_model_2_multimer_v3_pred_0": 339.5443608760834,
    "process_features_model_3_multimer_v3_pred_0": 5.0067901611328125e-06,
    "predict_and_compile_model_3_multimer_v3_pred_0": 1388.3085792064667,
    "relax_model_3_multimer_v3_pred_0": 304.72033643722534,
    "process_features_model_4_multimer_v3_pred_0": 1.4543533325195312e-05,
    "predict_and_compile_model_4_multimer_v3_pred_0": 1374.148829460144,
    "relax_model_4_multimer_v3_pred_0": 775.7080562114716,
    "process_features_model_5_multimer_v3_pred_0": 5.245208740234375e-06,
    "predict_and_compile_model_5_multimer_v3_pred_0": 1085.0350258350372,
    "relax_model_5_multimer_v3_pred_0": 417.8140296936035
}