{
    "iptm+ptm": {
        "model_1_multimer_v3_pred_0": 0.8476950083751496,
        "model_2_multimer_v3_pred_0": 0.840399293579745,
        "model_3_multimer_v3_pred_0": 0.835325314035369,
        "model_4_multimer_v3_pred_0": 0.8757181226788996,
        "model_5_multimer_v3_pred_0": 0.8380335633991024
    },
    "order": [
        "model_4_multimer_v3_pred_0",
        "model_1_multimer_v3_pred_0",
        "model_2_multimer_v3_pred_0",
        "model_5_multimer_v3_pred_0",
        "model_3_multimer_v3_pred_0"
    ]
}