{
    "features": 206.3747034072876,
    "process_features_model_1_multimer_v3_pred_0": 2.9087066650390625e-05,
    "predict_and_compile_model_1_multimer_v3_pred_0": 1409.5427544116974,
    "relax_model_1_multimer_v3_pred_0": 266.3339030742645,
    "process_features_model_2_multimer_v3_pred_0": 4.5299530029296875e-06,
    "predict_and_compile_model_2_multimer_v3_pred_0": 1401.2835631370544,
    "relax_model_2_multimer_v3_pred_0": 162.12039232254028,
    "process_features_model_3_multimer_v3_pred_0": 5.7220458984375e-06,
    "predict_and_compile_model_3_multimer_v3_pred_0": 650.2806451320648,
    "relax_model_3_multimer_v3_pred_0": 784.7815845012665,
    "process_features_model_4_multimer_v3_pred_0": 5.0067901611328125e-06,
    "predict_and_compile_model_4_multimer_v3_pred_0": 1393.4326372146606,
    "relax_model_4_multimer_v3_pred_0": 458.86583638191223,
    "process_features_model_5_multimer_v3_pred_0": 1.2874603271484375e-05,
    "predict_and_compile_model_5_multimer_v3_pred_0": 682.969836473465,
    "relax_model_5_multimer_v3_pred_0": 198.82366847991943
}