{
    "iptm+ptm": {
        "model_1_multimer_v3_pred_0": 0.6307108204704207,
        "model_2_multimer_v3_pred_0": 0.6341303036716988,
        "model_3_multimer_v3_pred_0": 0.6438920127231959,
        "model_4_multimer_v3_pred_0": 0.6476919895010151,
        "model_5_multimer_v3_pred_0": 0.6385516620163816
    },
    "order": [
        "model_4_multimer_v3_pred_0",
        "model_3_multimer_v3_pred_0",
        "model_5_multimer_v3_pred_0",
        "model_2_multimer_v3_pred_0",
        "model_1_multimer_v3_pred_0"
    ]
}