{
    "features": 670.0781219005585,
    "process_features_model_1_multimer_v3_pred_0": 2.6702880859375e-05,
    "predict_and_compile_model_1_multimer_v3_pred_0": 7576.5451102256775,
    "relax_model_1_multimer_v3_pred_0": 3727.941732645035,
    "process_features_model_2_multimer_v3_pred_0": 6.67572021484375e-06,
    "predict_and_compile_model_2_multimer_v3_pred_0": 6864.246713638306,
    "relax_model_2_multimer_v3_pred_0": 4083.24649977684,
    "process_features_model_3_multimer_v3_pred_0": 5.4836273193359375e-06,
    "predict_and_compile_model_3_multimer_v3_pred_0": 7561.730661392212,
    "relax_model_3_multimer_v3_pred_0": 6097.392331838608,
    "process_features_model_4_multimer_v3_pred_0": 5.0067901611328125e-06,
    "predict_and_compile_model_4_multimer_v3_pred_0": 7367.980187177658,
    "relax_model_4_multimer_v3_pred_0": 4038.859640598297,
    "process_features_model_5_multimer_v3_pred_0": 4.76837158203125e-06,
    "predict_and_compile_model_5_multimer_v3_pred_0": 7366.858322381973,
    "relax_model_5_multimer_v3_pred_0": 6731.3231863975525
}