{
    "iptm+ptm": {
        "model_1_multimer_v3_pred_0": 0.8705269863253877,
        "model_2_multimer_v3_pred_0": 0.8836773194989894,
        "model_3_multimer_v3_pred_0": 0.8728462483665195,
        "model_4_multimer_v3_pred_0": 0.8815320883083351,
        "model_5_multimer_v3_pred_0": 0.8881013037129988
    },
    "order": [
        "model_5_multimer_v3_pred_0",
        "model_2_multimer_v3_pred_0",
        "model_4_multimer_v3_pred_0",
        "model_3_multimer_v3_pred_0",
        "model_1_multimer_v3_pred_0"
    ]
}