{
    "features": 270.0882296562195,
    "process_features_model_1_multimer_v3_pred_0": 9.298324584960938e-06,
    "predict_and_compile_model_1_multimer_v3_pred_0": 880.7722182273865,
    "relax_model_1_multimer_v3_pred_0": 232.69707822799683,
    "process_features_model_2_multimer_v3_pred_0": 2.6941299438476562e-05,
    "predict_and_compile_model_2_multimer_v3_pred_0": 624.4102339744568,
    "relax_model_2_multimer_v3_pred_0": 628.3044910430908,
    "process_features_model_3_multimer_v3_pred_0": 3.147125244140625e-05,
    "predict_and_compile_model_3_multimer_v3_pred_0": 614.8804585933685,
    "relax_model_3_multimer_v3_pred_0": 453.68708658218384,
    "process_features_model_4_multimer_v3_pred_0": 7.390975952148438e-05,
    "predict_and_compile_model_4_multimer_v3_pred_0": 733.3981802463531,
    "relax_model_4_multimer_v3_pred_0": 335.5704097747803,
    "process_features_model_5_multimer_v3_pred_0": 3.6716461181640625e-05,
    "predict_and_compile_model_5_multimer_v3_pred_0": 1538.7356112003326,
    "relax_model_5_multimer_v3_pred_0": 267.2604386806488
}