{
    "iptm+ptm": {
        "model_1_multimer_v3_pred_0": 0.5922156215933273,
        "model_2_multimer_v3_pred_0": 0.6025587563828001,
        "model_3_multimer_v3_pred_0": 0.6421925998877733,
        "model_4_multimer_v3_pred_0": 0.7818879437285527,
        "model_5_multimer_v3_pred_0": 0.7739818596364649
    },
    "order": [
        "model_4_multimer_v3_pred_0",
        "model_5_multimer_v3_pred_0",
        "model_3_multimer_v3_pred_0",
        "model_2_multimer_v3_pred_0",
        "model_1_multimer_v3_pred_0"
    ]
}