{
    "features": 264.29075932502747,
    "process_features_model_1_multimer_v3_pred_0": 9.298324584960938e-06,
    "predict_and_compile_model_1_multimer_v3_pred_0": 1109.9711997509003,
    "relax_model_1_multimer_v3_pred_0": 350.86966371536255,
    "process_features_model_2_multimer_v3_pred_0": 5.245208740234375e-06,
    "predict_and_compile_model_2_multimer_v3_pred_0": 1179.7646975517273,
    "relax_model_2_multimer_v3_pred_0": 389.82450222969055,
    "process_features_model_3_multimer_v3_pred_0": 6.67572021484375e-06,
    "predict_and_compile_model_3_multimer_v3_pred_0": 1144.2433626651764,
    "relax_model_3_multimer_v3_pred_0": 317.5923433303833,
    "process_features_model_4_multimer_v3_pred_0": 5.0067901611328125e-06,
    "predict_and_compile_model_4_multimer_v3_pred_0": 1412.7135212421417,
    "relax_model_4_multimer_v3_pred_0": 518.8929781913757,
    "process_features_model_5_multimer_v3_pred_0": 5.0067901611328125e-06,
    "predict_and_compile_model_5_multimer_v3_pred_0": 1236.6624014377594,
    "relax_model_5_multimer_v3_pred_0": 255.40109705924988
}