{
    "iptm+ptm": {
        "model_1_multimer_v3_pred_0": 0.6408642935890438,
        "model_2_multimer_v3_pred_0": 0.7106388092257497,
        "model_3_multimer_v3_pred_0": 0.7647684833809931,
        "model_4_multimer_v3_pred_0": 0.29871537589139263,
        "model_5_multimer_v3_pred_0": 0.6830370658772973
    },
    "order": [
        "model_3_multimer_v3_pred_0",
        "model_2_multimer_v3_pred_0",
        "model_5_multimer_v3_pred_0",
        "model_1_multimer_v3_pred_0",
        "model_4_multimer_v3_pred_0"
    ]
}