{
    "features": 293.62974786758423,
    "process_features_model_1_multimer_v3_pred_0": 3.814697265625e-05,
    "predict_and_compile_model_1_multimer_v3_pred_0": 2151.8908264636993,
    "relax_model_1_multimer_v3_pred_0": 1203.8781683444977,
    "process_features_model_2_multimer_v3_pred_0": 1.0967254638671875e-05,
    "predict_and_compile_model_2_multimer_v3_pred_0": 1372.188076019287,
    "relax_model_2_multimer_v3_pred_0": 1358.7863516807556,
    "process_features_model_3_multimer_v3_pred_0": 1.0967254638671875e-05,
    "predict_and_compile_model_3_multimer_v3_pred_0": 1947.8567953109741,
    "relax_model_3_multimer_v3_pred_0": 1621.2961597442627,
    "process_features_model_4_multimer_v3_pred_0": 9.775161743164062e-06,
    "predict_and_compile_model_4_multimer_v3_pred_0": 2096.4489629268646,
    "relax_model_4_multimer_v3_pred_0": 1392.5552289485931,
    "process_features_model_5_multimer_v3_pred_0": 4.57763671875e-05,
    "predict_and_compile_model_5_multimer_v3_pred_0": 2072.5545670986176,
    "relax_model_5_multimer_v3_pred_0": 585.3418033123016
}