{
    "iptm+ptm": {
        "model_1_multimer_v3_pred_0": 0.60831074254871,
        "model_2_multimer_v3_pred_0": 0.5983871816399672,
        "model_3_multimer_v3_pred_0": 0.5158920225177642,
        "model_4_multimer_v3_pred_0": 0.5783987992164287,
        "model_5_multimer_v3_pred_0": 0.5932177522889901
    },
    "order": [
        "model_1_multimer_v3_pred_0",
        "model_2_multimer_v3_pred_0",
        "model_5_multimer_v3_pred_0",
        "model_4_multimer_v3_pred_0",
        "model_3_multimer_v3_pred_0"
    ]
}