{
    "features": 121.04925513267517,
    "process_features_model_1_multimer_v3_pred_0": 3.0517578125e-05,
    "predict_and_compile_model_1_multimer_v3_pred_0": 254.9971263408661,
    "relax_model_1_multimer_v3_pred_0": 465.8492510318756,
    "process_features_model_2_multimer_v3_pred_0": 6.9141387939453125e-06,
    "predict_and_compile_model_2_multimer_v3_pred_0": 257.77326107025146,
    "relax_model_2_multimer_v3_pred_0": 1453.4496681690216,
    "process_features_model_3_multimer_v3_pred_0": 4.76837158203125e-06,
    "predict_and_compile_model_3_multimer_v3_pred_0": 248.89797353744507,
    "relax_model_3_multimer_v3_pred_0": 382.84404850006104,
    "process_features_model_4_multimer_v3_pred_0": 6.198883056640625e-06,
    "predict_and_compile_model_4_multimer_v3_pred_0": 249.26178073883057,
    "relax_model_4_multimer_v3_pred_0": 571.8394601345062,
    "process_features_model_5_multimer_v3_pred_0": 6.198883056640625e-06,
    "predict_and_compile_model_5_multimer_v3_pred_0": 250.80140829086304,
    "relax_model_5_multimer_v3_pred_0": 532.4230661392212
}