{
    "iptm+ptm": {
        "model_1_multimer_v3_pred_0": 0.5738937409459625,
        "model_2_multimer_v3_pred_0": 0.5526165208721912,
        "model_3_multimer_v3_pred_0": 0.588995279269285,
        "model_4_multimer_v3_pred_0": 0.5740243715150489,
        "model_5_multimer_v3_pred_0": 0.8310573746712894
    },
    "order": [
        "model_5_multimer_v3_pred_0",
        "model_3_multimer_v3_pred_0",
        "model_4_multimer_v3_pred_0",
        "model_1_multimer_v3_pred_0",
        "model_2_multimer_v3_pred_0"
    ]
}