{
    "features": 201.3177387714386,
    "process_features_model_1_multimer_v3_pred_0": 3.266334533691406e-05,
    "predict_and_compile_model_1_multimer_v3_pred_0": 1408.9152371883392,
    "relax_model_1_multimer_v3_pred_0": 194.30915355682373,
    "process_features_model_2_multimer_v3_pred_0": 1.33514404296875e-05,
    "predict_and_compile_model_2_multimer_v3_pred_0": 914.7675964832306,
    "relax_model_2_multimer_v3_pred_0": 795.7118213176727,
    "process_features_model_3_multimer_v3_pred_0": 6.67572021484375e-06,
    "predict_and_compile_model_3_multimer_v3_pred_0": 941.513845205307,
    "relax_model_3_multimer_v3_pred_0": 637.5409686565399,
    "process_features_model_4_multimer_v3_pred_0": 5.9604644775390625e-06,
    "predict_and_compile_model_4_multimer_v3_pred_0": 1387.0604774951935,
    "relax_model_4_multimer_v3_pred_0": 251.61788272857666,
    "process_features_model_5_multimer_v3_pred_0": 9.5367431640625e-06,
    "predict_and_compile_model_5_multimer_v3_pred_0": 914.4029366970062,
    "relax_model_5_multimer_v3_pred_0": 219.39594721794128
}