{
    "iptm+ptm": {
        "model_1_multimer_v3_pred_0": 0.7194088909326701,
        "model_2_multimer_v3_pred_0": 0.7133612039015075,
        "model_3_multimer_v3_pred_0": 0.7188082489133601,
        "model_4_multimer_v3_pred_0": 0.724686710415523,
        "model_5_multimer_v3_pred_0": 0.7042390630271733
    },
    "order": [
        "model_4_multimer_v3_pred_0",
        "model_1_multimer_v3_pred_0",
        "model_3_multimer_v3_pred_0",
        "model_2_multimer_v3_pred_0",
        "model_5_multimer_v3_pred_0"
    ]
}