{
    "features": 149.61443328857422,
    "process_features_model_1_multimer_v3_pred_0": 4.887580871582031e-05,
    "predict_and_compile_model_1_multimer_v3_pred_0": 3206.7269389629364,
    "relax_model_1_multimer_v3_pred_0": 3042.920415878296,
    "process_features_model_2_multimer_v3_pred_0": 1.1444091796875e-05,
    "predict_and_compile_model_2_multimer_v3_pred_0": 3230.7252354621887,
    "relax_model_2_multimer_v3_pred_0": 2729.283548116684,
    "process_features_model_3_multimer_v3_pred_0": 3.0279159545898438e-05,
    "predict_and_compile_model_3_multimer_v3_pred_0": 3229.9855971336365,
    "relax_model_3_multimer_v3_pred_0": 2386.02551817894,
    "process_features_model_4_multimer_v3_pred_0": 5.9604644775390625e-06,
    "predict_and_compile_model_4_multimer_v3_pred_0": 3110.774859905243,
    "relax_model_4_multimer_v3_pred_0": 2231.909026145935,
    "process_features_model_5_multimer_v3_pred_0": 5.9604644775390625e-06,
    "predict_and_compile_model_5_multimer_v3_pred_0": 3117.259885787964,
    "relax_model_5_multimer_v3_pred_0": 1933.0764274597168
}