{
    "iptm+ptm": {
        "model_1_multimer_v3_pred_0": 0.8825307317437077,
        "model_2_multimer_v3_pred_0": 0.8812025095790559,
        "model_3_multimer_v3_pred_0": 0.8776626288850318,
        "model_4_multimer_v3_pred_0": 0.8799578707606464,
        "model_5_multimer_v3_pred_0": 0.8716577751566782
    },
    "order": [
        "model_1_multimer_v3_pred_0",
        "model_2_multimer_v3_pred_0",
        "model_4_multimer_v3_pred_0",
        "model_3_multimer_v3_pred_0",
        "model_5_multimer_v3_pred_0"
    ]
}