{
    "features": 156.56359553337097,
    "process_features_model_1_multimer_v3_pred_0": 1.0967254638671875e-05,
    "predict_and_compile_model_1_multimer_v3_pred_0": 420.0073914527893,
    "relax_model_1_multimer_v3_pred_0": 206.14625453948975,
    "process_features_model_2_multimer_v3_pred_0": 1.0967254638671875e-05,
    "predict_and_compile_model_2_multimer_v3_pred_0": 528.6623687744141,
    "relax_model_2_multimer_v3_pred_0": 168.4309425354004,
    "process_features_model_3_multimer_v3_pred_0": 9.775161743164062e-06,
    "predict_and_compile_model_3_multimer_v3_pred_0": 459.9978892803192,
    "relax_model_3_multimer_v3_pred_0": 249.8731987476349,
    "process_features_model_4_multimer_v3_pred_0": 1.621246337890625e-05,
    "predict_and_compile_model_4_multimer_v3_pred_0": 514.0642426013947,
    "relax_model_4_multimer_v3_pred_0": 213.66807579994202,
    "process_features_model_5_multimer_v3_pred_0": 1.0967254638671875e-05,
    "predict_and_compile_model_5_multimer_v3_pred_0": 536.1405365467072,
    "relax_model_5_multimer_v3_pred_0": 239.2696602344513
}