{
    "iptm+ptm": {
        "model_1_multimer_v3_pred_0": 0.7878706558352501,
        "model_2_multimer_v3_pred_0": 0.8057298290809951,
        "model_3_multimer_v3_pred_0": 0.8236413155548581,
        "model_4_multimer_v3_pred_0": 0.8372860475779244,
        "model_5_multimer_v3_pred_0": 0.8162379625519836
    },
    "order": [
        "model_4_multimer_v3_pred_0",
        "model_3_multimer_v3_pred_0",
        "model_5_multimer_v3_pred_0",
        "model_2_multimer_v3_pred_0",
        "model_1_multimer_v3_pred_0"
    ]
}