{
    "features": 195.6899230480194,
    "process_features_model_1_multimer_v3_pred_0": 1.4543533325195312e-05,
    "predict_and_compile_model_1_multimer_v3_pred_0": 477.3631343841553,
    "relax_model_1_multimer_v3_pred_0": 486.80228781700134,
    "process_features_model_2_multimer_v3_pred_0": 5.245208740234375e-06,
    "predict_and_compile_model_2_multimer_v3_pred_0": 539.6669478416443,
    "relax_model_2_multimer_v3_pred_0": 289.32984614372253,
    "process_features_model_3_multimer_v3_pred_0": 7.867813110351562e-06,
    "predict_and_compile_model_3_multimer_v3_pred_0": 482.9739899635315,
    "relax_model_3_multimer_v3_pred_0": 251.92835927009583,
    "process_features_model_4_multimer_v3_pred_0": 4.5299530029296875e-06,
    "predict_and_compile_model_4_multimer_v3_pred_0": 465.3400008678436,
    "relax_model_4_multimer_v3_pred_0": 274.063853263855,
    "process_features_model_5_multimer_v3_pred_0": 4.5299530029296875e-06,
    "predict_and_compile_model_5_multimer_v3_pred_0": 396.2977964878082,
    "relax_model_5_multimer_v3_pred_0": 333.36090993881226
}