{
    "iptm+ptm": {
        "model_1_multimer_v3_pred_0": 0.8944776795731004,
        "model_2_multimer_v3_pred_0": 0.9040515296532479,
        "model_3_multimer_v3_pred_0": 0.8857136680729305,
        "model_4_multimer_v3_pred_0": 0.8768752672484971,
        "model_5_multimer_v3_pred_0": 0.894731878751249
    },
    "order": [
        "model_2_multimer_v3_pred_0",
        "model_5_multimer_v3_pred_0",
        "model_1_multimer_v3_pred_0",
        "model_3_multimer_v3_pred_0",
        "model_4_multimer_v3_pred_0"
    ]
}