{
    "features": 262.70983958244324,
    "process_features_model_1_multimer_v3_pred_0": 1.1205673217773438e-05,
    "predict_and_compile_model_1_multimer_v3_pred_0": 738.0989818572998,
    "relax_model_1_multimer_v3_pred_0": 208.9052186012268,
    "process_features_model_2_multimer_v3_pred_0": 5.4836273193359375e-06,
    "predict_and_compile_model_2_multimer_v3_pred_0": 505.3905394077301,
    "relax_model_2_multimer_v3_pred_0": 180.80542755126953,
    "process_features_model_3_multimer_v3_pred_0": 5.9604644775390625e-06,
    "predict_and_compile_model_3_multimer_v3_pred_0": 1394.5513248443604,
    "relax_model_3_multimer_v3_pred_0": 368.68693351745605,
    "process_features_model_4_multimer_v3_pred_0": 5.0067901611328125e-06,
    "predict_and_compile_model_4_multimer_v3_pred_0": 560.7810165882111,
    "relax_model_4_multimer_v3_pred_0": 431.4428904056549,
    "process_features_model_5_multimer_v3_pred_0": 5.4836273193359375e-06,
    "predict_and_compile_model_5_multimer_v3_pred_0": 1366.052030324936,
    "relax_model_5_multimer_v3_pred_0": 256.7713692188263
}