{
    "iptm+ptm": {
        "model_1_multimer_v3_pred_0": 0.904811119130227,
        "model_2_multimer_v3_pred_0": 0.902101218321132,
        "model_3_multimer_v3_pred_0": 0.910994592970314,
        "model_4_multimer_v3_pred_0": 0.9048049151714891,
        "model_5_multimer_v3_pred_0": 0.9100105736177581
    },
    "order": [
        "model_3_multimer_v3_pred_0",
        "model_5_multimer_v3_pred_0",
        "model_1_multimer_v3_pred_0",
        "model_4_multimer_v3_pred_0",
        "model_2_multimer_v3_pred_0"
    ]
}