{
    "features": 163.70624113082886,
    "process_features_model_1_multimer_v3_pred_0": 1.5497207641601562e-05,
    "predict_and_compile_model_1_multimer_v3_pred_0": 482.522935628891,
    "relax_model_1_multimer_v3_pred_0": 242.2398784160614,
    "process_features_model_2_multimer_v3_pred_0": 2.9087066650390625e-05,
    "predict_and_compile_model_2_multimer_v3_pred_0": 422.62363147735596,
    "relax_model_2_multimer_v3_pred_0": 263.56740164756775,
    "process_features_model_3_multimer_v3_pred_0": 5.4836273193359375e-06,
    "predict_and_compile_model_3_multimer_v3_pred_0": 426.03182315826416,
    "relax_model_3_multimer_v3_pred_0": 301.08864736557007,
    "process_features_model_4_multimer_v3_pred_0": 7.3909759521484375e-06,
    "predict_and_compile_model_4_multimer_v3_pred_0": 433.06878447532654,
    "relax_model_4_multimer_v3_pred_0": 232.07977414131165,
    "process_features_model_5_multimer_v3_pred_0": 5.7220458984375e-06,
    "predict_and_compile_model_5_multimer_v3_pred_0": 473.3971092700958,
    "relax_model_5_multimer_v3_pred_0": 299.7234220504761
}