{
    "iptm+ptm": {
        "model_1_multimer_v3_pred_0": 0.5888169465773265,
        "model_2_multimer_v3_pred_0": 0.5792884591461007,
        "model_3_multimer_v3_pred_0": 0.5236429592118599,
        "model_4_multimer_v3_pred_0": 0.5704189343994932,
        "model_5_multimer_v3_pred_0": 0.5556146546147089
    },
    "order": [
        "model_1_multimer_v3_pred_0",
        "model_2_multimer_v3_pred_0",
        "model_4_multimer_v3_pred_0",
        "model_5_multimer_v3_pred_0",
        "model_3_multimer_v3_pred_0"
    ]
}