{
    "features": 235.57455825805664,
    "process_features_model_1_multimer_v3_pred_0": 4.6253204345703125e-05,
    "predict_and_compile_model_1_multimer_v3_pred_0": 639.3186650276184,
    "relax_model_1_multimer_v3_pred_0": 662.1826589107513,
    "process_features_model_2_multimer_v3_pred_0": 5.9604644775390625e-06,
    "predict_and_compile_model_2_multimer_v3_pred_0": 744.5366332530975,
    "relax_model_2_multimer_v3_pred_0": 241.05608248710632,
    "process_features_model_3_multimer_v3_pred_0": 3.147125244140625e-05,
    "predict_and_compile_model_3_multimer_v3_pred_0": 757.2168729305267,
    "relax_model_3_multimer_v3_pred_0": 328.8795084953308,
    "process_features_model_4_multimer_v3_pred_0": 7.3909759521484375e-06,
    "predict_and_compile_model_4_multimer_v3_pred_0": 852.0678465366364,
    "relax_model_4_multimer_v3_pred_0": 212.90865921974182,
    "process_features_model_5_multimer_v3_pred_0": 5.245208740234375e-06,
    "predict_and_compile_model_5_multimer_v3_pred_0": 1222.4255878925323,
    "relax_model_5_multimer_v3_pred_0": 345.81135535240173
}