{
    "iptm+ptm": {
        "model_1_multimer_v3_pred_0": 0.5910052263235692,
        "model_2_multimer_v3_pred_0": 0.6275328709371992,
        "model_3_multimer_v3_pred_0": 0.6461224039903436,
        "model_4_multimer_v3_pred_0": 0.6595810454251322,
        "model_5_multimer_v3_pred_0": 0.6577144906616987
    },
    "order": [
        "model_4_multimer_v3_pred_0",
        "model_5_multimer_v3_pred_0",
        "model_3_multimer_v3_pred_0",
        "model_2_multimer_v3_pred_0",
        "model_1_multimer_v3_pred_0"
    ]
}