{
    "features": 207.83403491973877,
    "process_features_model_1_multimer_v3_pred_0": 4.076957702636719e-05,
    "predict_and_compile_model_1_multimer_v3_pred_0": 462.7563474178314,
    "relax_model_1_multimer_v3_pred_0": 169.13392543792725,
    "process_features_model_2_multimer_v3_pred_0": 5.9604644775390625e-06,
    "predict_and_compile_model_2_multimer_v3_pred_0": 477.0890746116638,
    "relax_model_2_multimer_v3_pred_0": 252.37947249412537,
    "process_features_model_3_multimer_v3_pred_0": 2.47955322265625e-05,
    "predict_and_compile_model_3_multimer_v3_pred_0": 692.2177147865295,
    "relax_model_3_multimer_v3_pred_0": 205.0131916999817,
    "process_features_model_4_multimer_v3_pred_0": 6.4373016357421875e-06,
    "predict_and_compile_model_4_multimer_v3_pred_0": 523.2434463500977,
    "relax_model_4_multimer_v3_pred_0": 299.306617975235,
    "process_features_model_5_multimer_v3_pred_0": 7.152557373046875e-06,
    "predict_and_compile_model_5_multimer_v3_pred_0": 515.5682518482208,
    "relax_model_5_multimer_v3_pred_0": 212.645601272583
}