{
    "iptm+ptm": {
        "model_1_multimer_v3_pred_0": 0.5466640011503295,
        "model_2_multimer_v3_pred_0": 0.5529936571439867,
        "model_3_multimer_v3_pred_0": 0.5031158659463655,
        "model_4_multimer_v3_pred_0": 0.5157977648081498,
        "model_5_multimer_v3_pred_0": 0.5130481285613139
    },
    "order": [
        "model_2_multimer_v3_pred_0",
        "model_1_multimer_v3_pred_0",
        "model_4_multimer_v3_pred_0",
        "model_5_multimer_v3_pred_0",
        "model_3_multimer_v3_pred_0"
    ]
}