{
    "features": 229.03305292129517,
    "process_features_model_1_multimer_v3_pred_0": 3.24249267578125e-05,
    "predict_and_compile_model_1_multimer_v3_pred_0": 1098.4443657398224,
    "relax_model_1_multimer_v3_pred_0": 329.3881754875183,
    "process_features_model_2_multimer_v3_pred_0": 5.245208740234375e-06,
    "predict_and_compile_model_2_multimer_v3_pred_0": 1318.9343392848969,
    "relax_model_2_multimer_v3_pred_0": 239.7389018535614,
    "process_features_model_3_multimer_v3_pred_0": 5.4836273193359375e-06,
    "predict_and_compile_model_3_multimer_v3_pred_0": 609.5474858283997,
    "relax_model_3_multimer_v3_pred_0": 480.9212543964386,
    "process_features_model_4_multimer_v3_pred_0": 6.198883056640625e-06,
    "predict_and_compile_model_4_multimer_v3_pred_0": 1136.9488151073456,
    "relax_model_4_multimer_v3_pred_0": 195.92647290229797,
    "process_features_model_5_multimer_v3_pred_0": 5.4836273193359375e-06,
    "predict_and_compile_model_5_multimer_v3_pred_0": 1015.390388250351,
    "relax_model_5_multimer_v3_pred_0": 240.77802872657776
}