{
    "iptm+ptm": {
        "model_1_multimer_v3_pred_0": 0.4957867153802529,
        "model_2_multimer_v3_pred_0": 0.5256820871533143,
        "model_3_multimer_v3_pred_0": 0.6805583562784894,
        "model_4_multimer_v3_pred_0": 0.6727639363237328,
        "model_5_multimer_v3_pred_0": 0.6585748763709987
    },
    "order": [
        "model_3_multimer_v3_pred_0",
        "model_4_multimer_v3_pred_0",
        "model_5_multimer_v3_pred_0",
        "model_2_multimer_v3_pred_0",
        "model_1_multimer_v3_pred_0"
    ]
}