{
    "features": 196.79909110069275,
    "process_features_model_1_multimer_v3_pred_0": 1.049041748046875e-05,
    "predict_and_compile_model_1_multimer_v3_pred_0": 543.2220952510834,
    "relax_model_1_multimer_v3_pred_0": 263.4951722621918,
    "process_features_model_2_multimer_v3_pred_0": 2.9325485229492188e-05,
    "predict_and_compile_model_2_multimer_v3_pred_0": 497.5985267162323,
    "relax_model_2_multimer_v3_pred_0": 196.0598382949829,
    "process_features_model_3_multimer_v3_pred_0": 4.5299530029296875e-06,
    "predict_and_compile_model_3_multimer_v3_pred_0": 438.07264018058777,
    "relax_model_3_multimer_v3_pred_0": 206.80797147750854,
    "process_features_model_4_multimer_v3_pred_0": 5.0067901611328125e-06,
    "predict_and_compile_model_4_multimer_v3_pred_0": 482.3413178920746,
    "relax_model_4_multimer_v3_pred_0": 298.7077407836914,
    "process_features_model_5_multimer_v3_pred_0": 2.0265579223632812e-05,
    "predict_and_compile_model_5_multimer_v3_pred_0": 512.5871980190277,
    "relax_model_5_multimer_v3_pred_0": 308.0895035266876
}