{
    "iptm+ptm": {
        "model_1_multimer_v3_pred_0": 0.7960959301942501,
        "model_2_multimer_v3_pred_0": 0.7872517964874666,
        "model_3_multimer_v3_pred_0": 0.7909276228688782,
        "model_4_multimer_v3_pred_0": 0.7948309594909846,
        "model_5_multimer_v3_pred_0": 0.8056541006100627
    },
    "order": [
        "model_5_multimer_v3_pred_0",
        "model_1_multimer_v3_pred_0",
        "model_4_multimer_v3_pred_0",
        "model_3_multimer_v3_pred_0",
        "model_2_multimer_v3_pred_0"
    ]
}