{
    "features": 108.40722250938416,
    "process_features_model_1_multimer_v3_pred_0": 3.361701965332031e-05,
    "predict_and_compile_model_1_multimer_v3_pred_0": 122.4277606010437,
    "relax_model_1_multimer_v3_pred_0": 362.02649307250977,
    "process_features_model_2_multimer_v3_pred_0": 6.9141387939453125e-06,
    "predict_and_compile_model_2_multimer_v3_pred_0": 127.37654495239258,
    "relax_model_2_multimer_v3_pred_0": 181.12286400794983,
    "process_features_model_3_multimer_v3_pred_0": 9.059906005859375e-06,
    "predict_and_compile_model_3_multimer_v3_pred_0": 109.45259404182434,
    "relax_model_3_multimer_v3_pred_0": 398.93118691444397,
    "process_features_model_4_multimer_v3_pred_0": 5.4836273193359375e-06,
    "predict_and_compile_model_4_multimer_v3_pred_0": 111.66920399665833,
    "relax_model_4_multimer_v3_pred_0": 318.6187779903412,
    "process_features_model_5_multimer_v3_pred_0": 5.4836273193359375e-06,
    "predict_and_compile_model_5_multimer_v3_pred_0": 103.87512516975403,
    "relax_model_5_multimer_v3_pred_0": 573.7618219852448
}