{
    "iptm+ptm": {
        "model_1_multimer_v3_pred_0": 0.8649275366320908,
        "model_2_multimer_v3_pred_0": 0.8708381662555817,
        "model_3_multimer_v3_pred_0": 0.8674689694308242,
        "model_4_multimer_v3_pred_0": 0.860608269509401,
        "model_5_multimer_v3_pred_0": 0.8765002208272277
    },
    "order": [
        "model_5_multimer_v3_pred_0",
        "model_2_multimer_v3_pred_0",
        "model_3_multimer_v3_pred_0",
        "model_1_multimer_v3_pred_0",
        "model_4_multimer_v3_pred_0"
    ]
}