{
    "features": 166.15873312950134,
    "process_features_model_1_multimer_v3_pred_0": 2.288818359375e-05,
    "predict_and_compile_model_1_multimer_v3_pred_0": 1726.7842071056366,
    "relax_model_1_multimer_v3_pred_0": 750.8024187088013,
    "process_features_model_2_multimer_v3_pred_0": 5.245208740234375e-06,
    "predict_and_compile_model_2_multimer_v3_pred_0": 1422.8989970684052,
    "relax_model_2_multimer_v3_pred_0": 843.6865291595459,
    "process_features_model_3_multimer_v3_pred_0": 5.9604644775390625e-06,
    "predict_and_compile_model_3_multimer_v3_pred_0": 815.4356243610382,
    "relax_model_3_multimer_v3_pred_0": 864.8522605895996,
    "process_features_model_4_multimer_v3_pred_0": 1.5974044799804688e-05,
    "predict_and_compile_model_4_multimer_v3_pred_0": 1033.9738957881927,
    "relax_model_4_multimer_v3_pred_0": 598.8946392536163,
    "process_features_model_5_multimer_v3_pred_0": 1.1920928955078125e-05,
    "predict_and_compile_model_5_multimer_v3_pred_0": 1252.4379189014435,
    "relax_model_5_multimer_v3_pred_0": 287.1078760623932
}