{
    "iptm+ptm": {
        "model_1_multimer_v3_pred_0": 0.8171237093753028,
        "model_2_multimer_v3_pred_0": 0.8252277595310376,
        "model_3_multimer_v3_pred_0": 0.839836365182235,
        "model_4_multimer_v3_pred_0": 0.8206780407729489,
        "model_5_multimer_v3_pred_0": 0.8531447426511597
    },
    "order": [
        "model_5_multimer_v3_pred_0",
        "model_3_multimer_v3_pred_0",
        "model_2_multimer_v3_pred_0",
        "model_4_multimer_v3_pred_0",
        "model_1_multimer_v3_pred_0"
    ]
}