{
    "features": 278.56420612335205,
    "process_features_model_1_multimer_v3_pred_0": 2.574920654296875e-05,
    "predict_and_compile_model_1_multimer_v3_pred_0": 1450.754789352417,
    "relax_model_1_multimer_v3_pred_0": 228.19486927986145,
    "process_features_model_2_multimer_v3_pred_0": 2.6702880859375e-05,
    "predict_and_compile_model_2_multimer_v3_pred_0": 1379.9501738548279,
    "relax_model_2_multimer_v3_pred_0": 502.5609338283539,
    "process_features_model_3_multimer_v3_pred_0": 5.9604644775390625e-06,
    "predict_and_compile_model_3_multimer_v3_pred_0": 1373.600507736206,
    "relax_model_3_multimer_v3_pred_0": 430.8678641319275,
    "process_features_model_4_multimer_v3_pred_0": 5.7220458984375e-06,
    "predict_and_compile_model_4_multimer_v3_pred_0": 1347.1411156654358,
    "relax_model_4_multimer_v3_pred_0": 641.1314508914948,
    "process_features_model_5_multimer_v3_pred_0": 1.0251998901367188e-05,
    "predict_and_compile_model_5_multimer_v3_pred_0": 1381.698016166687,
    "relax_model_5_multimer_v3_pred_0": 298.1837706565857
}