{
    "iptm+ptm": {
        "model_1_multimer_v3_pred_0": 0.7041530879593703,
        "model_2_multimer_v3_pred_0": 0.8242283628374215,
        "model_3_multimer_v3_pred_0": 0.707252938962085,
        "model_4_multimer_v3_pred_0": 0.8051968165376344,
        "model_5_multimer_v3_pred_0": 0.7266708157584276
    },
    "order": [
        "model_2_multimer_v3_pred_0",
        "model_4_multimer_v3_pred_0",
        "model_5_multimer_v3_pred_0",
        "model_3_multimer_v3_pred_0",
        "model_1_multimer_v3_pred_0"
    ]
}