{
    "features": 384.95045256614685,
    "process_features_model_1_multimer_v3_pred_0": 1.52587890625e-05,
    "predict_and_compile_model_1_multimer_v3_pred_0": 2026.1205470561981,
    "relax_model_1_multimer_v3_pred_0": 1519.8318574428558,
    "process_features_model_2_multimer_v3_pred_0": 6.9141387939453125e-06,
    "predict_and_compile_model_2_multimer_v3_pred_0": 2019.393337726593,
    "relax_model_2_multimer_v3_pred_0": 1366.343253850937,
    "process_features_model_3_multimer_v3_pred_0": 8.58306884765625e-06,
    "predict_and_compile_model_3_multimer_v3_pred_0": 2025.7055621147156,
    "relax_model_3_multimer_v3_pred_0": 1244.9663729667664,
    "process_features_model_4_multimer_v3_pred_0": 4.291534423828125e-06,
    "predict_and_compile_model_4_multimer_v3_pred_0": 1988.2985796928406,
    "relax_model_4_multimer_v3_pred_0": 1056.333279132843,
    "process_features_model_5_multimer_v3_pred_0": 4.76837158203125e-06,
    "predict_and_compile_model_5_multimer_v3_pred_0": 1980.5830862522125,
    "relax_model_5_multimer_v3_pred_0": 1215.7716085910797
}