{
    "iptm+ptm": {
        "model_1_multimer_v3_pred_0": 0.7410904328766899,
        "model_2_multimer_v3_pred_0": 0.7385832093925953,
        "model_3_multimer_v3_pred_0": 0.6997251344058087,
        "model_4_multimer_v3_pred_0": 0.6550420461588933,
        "model_5_multimer_v3_pred_0": 0.670026670327197
    },
    "order": [
        "model_1_multimer_v3_pred_0",
        "model_2_multimer_v3_pred_0",
        "model_3_multimer_v3_pred_0",
        "model_5_multimer_v3_pred_0",
        "model_4_multimer_v3_pred_0"
    ]
}