{
    "features": 277.833443403244,
    "process_features_model_1_multimer_v3_pred_0": 1.049041748046875e-05,
    "predict_and_compile_model_1_multimer_v3_pred_0": 1612.428772687912,
    "relax_model_1_multimer_v3_pred_0": 639.3127727508545,
    "process_features_model_2_multimer_v3_pred_0": 5.245208740234375e-06,
    "predict_and_compile_model_2_multimer_v3_pred_0": 1598.6638078689575,
    "relax_model_2_multimer_v3_pred_0": 490.0897078514099,
    "process_features_model_3_multimer_v3_pred_0": 7.867813110351562e-06,
    "predict_and_compile_model_3_multimer_v3_pred_0": 1627.5855123996735,
    "relax_model_3_multimer_v3_pred_0": 836.0923600196838,
    "process_features_model_4_multimer_v3_pred_0": 9.298324584960938e-06,
    "predict_and_compile_model_4_multimer_v3_pred_0": 783.8468680381775,
    "relax_model_4_multimer_v3_pred_0": 1029.3509254455566,
    "process_features_model_5_multimer_v3_pred_0": 6.198883056640625e-06,
    "predict_and_compile_model_5_multimer_v3_pred_0": 1205.813265323639,
    "relax_model_5_multimer_v3_pred_0": 585.8064589500427
}