{
    "iptm+ptm": {
        "model_1_multimer_v3_pred_0": 0.4952810064622023,
        "model_2_multimer_v3_pred_0": 0.4922003720881558,
        "model_3_multimer_v3_pred_0": 0.476200971234336,
        "model_4_multimer_v3_pred_0": 0.48257797497662086,
        "model_5_multimer_v3_pred_0": 0.5166054920347207
    },
    "order": [
        "model_5_multimer_v3_pred_0",
        "model_1_multimer_v3_pred_0",
        "model_2_multimer_v3_pred_0",
        "model_4_multimer_v3_pred_0",
        "model_3_multimer_v3_pred_0"
    ]
}