{
    "features": 152.9369637966156,
    "process_features_model_1_multimer_v3_pred_0": 1.5497207641601562e-05,
    "predict_and_compile_model_1_multimer_v3_pred_0": 1641.0280299186707,
    "relax_model_1_multimer_v3_pred_0": 720.3460083007812,
    "process_features_model_2_multimer_v3_pred_0": 1.2636184692382812e-05,
    "predict_and_compile_model_2_multimer_v3_pred_0": 1622.2876873016357,
    "relax_model_2_multimer_v3_pred_0": 825.6266686916351,
    "process_features_model_3_multimer_v3_pred_0": 3.337860107421875e-05,
    "predict_and_compile_model_3_multimer_v3_pred_0": 1665.133822441101,
    "relax_model_3_multimer_v3_pred_0": 705.0597720146179,
    "process_features_model_4_multimer_v3_pred_0": 5.245208740234375e-06,
    "predict_and_compile_model_4_multimer_v3_pred_0": 1550.1417398452759,
    "relax_model_4_multimer_v3_pred_0": 699.4220025539398,
    "process_features_model_5_multimer_v3_pred_0": 5.245208740234375e-06,
    "predict_and_compile_model_5_multimer_v3_pred_0": 1553.938294172287,
    "relax_model_5_multimer_v3_pred_0": 550.0305666923523
}