{
    "iptm+ptm": {
        "model_1_multimer_v3_pred_0": 0.7392358136844109,
        "model_2_multimer_v3_pred_0": 0.7169591003863588,
        "model_3_multimer_v3_pred_0": 0.7193771390633235,
        "model_4_multimer_v3_pred_0": 0.6559930932384882,
        "model_5_multimer_v3_pred_0": 0.7220539070030563
    },
    "order": [
        "model_1_multimer_v3_pred_0",
        "model_5_multimer_v3_pred_0",
        "model_3_multimer_v3_pred_0",
        "model_2_multimer_v3_pred_0",
        "model_4_multimer_v3_pred_0"
    ]
}