{
    "features": 92.55161213874817,
    "process_features_model_1_multimer_v3_pred_0": 1.5020370483398438e-05,
    "predict_and_compile_model_1_multimer_v3_pred_0": 117.301598072052,
    "relax_model_1_multimer_v3_pred_0": 305.89145135879517,
    "process_features_model_2_multimer_v3_pred_0": 6.67572021484375e-06,
    "predict_and_compile_model_2_multimer_v3_pred_0": 135.9590232372284,
    "relax_model_2_multimer_v3_pred_0": 364.3162064552307,
    "process_features_model_3_multimer_v3_pred_0": 6.4373016357421875e-06,
    "predict_and_compile_model_3_multimer_v3_pred_0": 153.4416859149933,
    "relax_model_3_multimer_v3_pred_0": 171.46631860733032,
    "process_features_model_4_multimer_v3_pred_0": 8.344650268554688e-06,
    "predict_and_compile_model_4_multimer_v3_pred_0": 142.95442509651184,
    "relax_model_4_multimer_v3_pred_0": 624.881343126297,
    "process_features_model_5_multimer_v3_pred_0": 7.3909759521484375e-06,
    "predict_and_compile_model_5_multimer_v3_pred_0": 108.13066697120667,
    "relax_model_5_multimer_v3_pred_0": 311.26705741882324
}