{
    "iptm+ptm": {
        "model_1_multimer_v3_pred_0": 0.7941742202008468,
        "model_2_multimer_v3_pred_0": 0.7532675792437659,
        "model_3_multimer_v3_pred_0": 0.7382949064859069,
        "model_4_multimer_v3_pred_0": 0.7205381988649084,
        "model_5_multimer_v3_pred_0": 0.7286555285240336
    },
    "order": [
        "model_1_multimer_v3_pred_0",
        "model_2_multimer_v3_pred_0",
        "model_3_multimer_v3_pred_0",
        "model_5_multimer_v3_pred_0",
        "model_4_multimer_v3_pred_0"
    ]
}