{
    "features": 99.70806407928467,
    "process_features_model_1_multimer_v3_pred_0": 1.049041748046875e-05,
    "predict_and_compile_model_1_multimer_v3_pred_0": 435.0155231952667,
    "relax_model_1_multimer_v3_pred_0": 158.8269646167755,
    "process_features_model_2_multimer_v3_pred_0": 6.198883056640625e-06,
    "predict_and_compile_model_2_multimer_v3_pred_0": 345.6954438686371,
    "relax_model_2_multimer_v3_pred_0": 189.05728363990784,
    "process_features_model_3_multimer_v3_pred_0": 5.9604644775390625e-06,
    "predict_and_compile_model_3_multimer_v3_pred_0": 397.47971630096436,
    "relax_model_3_multimer_v3_pred_0": 114.07026505470276,
    "process_features_model_4_multimer_v3_pred_0": 5.245208740234375e-06,
    "predict_and_compile_model_4_multimer_v3_pred_0": 338.4001929759979,
    "relax_model_4_multimer_v3_pred_0": 153.33595991134644,
    "process_features_model_5_multimer_v3_pred_0": 6.4373016357421875e-06,
    "predict_and_compile_model_5_multimer_v3_pred_0": 383.0234651565552,
    "relax_model_5_multimer_v3_pred_0": 171.7623655796051
}