{
    "iptm+ptm": {
        "model_1_multimer_v3_pred_0": 0.8402040816823675,
        "model_2_multimer_v3_pred_0": 0.8280550012685285,
        "model_3_multimer_v3_pred_0": 0.8223778644243407,
        "model_4_multimer_v3_pred_0": 0.8305093365058558,
        "model_5_multimer_v3_pred_0": 0.8397103391430206
    },
    "order": [
        "model_1_multimer_v3_pred_0",
        "model_5_multimer_v3_pred_0",
        "model_4_multimer_v3_pred_0",
        "model_2_multimer_v3_pred_0",
        "model_3_multimer_v3_pred_0"
    ]
}