{
    "features": 216.89524340629578,
    "process_features_model_1_multimer_v3_pred_0": 1.1920928955078125e-05,
    "predict_and_compile_model_1_multimer_v3_pred_0": 438.00226354599,
    "relax_model_1_multimer_v3_pred_0": 296.80615305900574,
    "process_features_model_2_multimer_v3_pred_0": 5.4836273193359375e-06,
    "predict_and_compile_model_2_multimer_v3_pred_0": 510.5636193752289,
    "relax_model_2_multimer_v3_pred_0": 402.5396511554718,
    "process_features_model_3_multimer_v3_pred_0": 8.821487426757812e-06,
    "predict_and_compile_model_3_multimer_v3_pred_0": 605.6693813800812,
    "relax_model_3_multimer_v3_pred_0": 341.51926159858704,
    "process_features_model_4_multimer_v3_pred_0": 5.245208740234375e-06,
    "predict_and_compile_model_4_multimer_v3_pred_0": 503.82457756996155,
    "relax_model_4_multimer_v3_pred_0": 483.5167820453644,
    "process_features_model_5_multimer_v3_pred_0": 8.58306884765625e-06,
    "predict_and_compile_model_5_multimer_v3_pred_0": 477.6667935848236,
    "relax_model_5_multimer_v3_pred_0": 346.4218542575836
}