{
    "iptm+ptm": {
        "model_1_multimer_v3_pred_0": 0.716715135870558,
        "model_2_multimer_v3_pred_0": 0.7237562133948792,
        "model_3_multimer_v3_pred_0": 0.6949663258327987,
        "model_4_multimer_v3_pred_0": 0.6590459517942949,
        "model_5_multimer_v3_pred_0": 0.47040003187015966
    },
    "order": [
        "model_2_multimer_v3_pred_0",
        "model_1_multimer_v3_pred_0",
        "model_3_multimer_v3_pred_0",
        "model_4_multimer_v3_pred_0",
        "model_5_multimer_v3_pred_0"
    ]
}