{
    "features": 110.68737268447876,
    "process_features_model_1_multimer_v3_pred_0": 1.1205673217773438e-05,
    "predict_and_compile_model_1_multimer_v3_pred_0": 111.49479961395264,
    "relax_model_1_multimer_v3_pred_0": 274.3460907936096,
    "process_features_model_2_multimer_v3_pred_0": 5.7220458984375e-06,
    "predict_and_compile_model_2_multimer_v3_pred_0": 115.53709506988525,
    "relax_model_2_multimer_v3_pred_0": 251.71584820747375,
    "process_features_model_3_multimer_v3_pred_0": 6.198883056640625e-06,
    "predict_and_compile_model_3_multimer_v3_pred_0": 111.28727459907532,
    "relax_model_3_multimer_v3_pred_0": 123.16912865638733,
    "process_features_model_4_multimer_v3_pred_0": 4.76837158203125e-06,
    "predict_and_compile_model_4_multimer_v3_pred_0": 120.19374084472656,
    "relax_model_4_multimer_v3_pred_0": 263.8670539855957,
    "process_features_model_5_multimer_v3_pred_0": 7.3909759521484375e-06,
    "predict_and_compile_model_5_multimer_v3_pred_0": 103.76426243782043,
    "relax_model_5_multimer_v3_pred_0": 336.49904203414917
}