{
    "iptm+ptm": {
        "model_1_multimer_v3_pred_0": 0.7454523793628294,
        "model_2_multimer_v3_pred_0": 0.7147381688362566,
        "model_3_multimer_v3_pred_0": 0.7154854240281764,
        "model_4_multimer_v3_pred_0": 0.7535079685740552,
        "model_5_multimer_v3_pred_0": 0.7163506183124275
    },
    "order": [
        "model_4_multimer_v3_pred_0",
        "model_1_multimer_v3_pred_0",
        "model_5_multimer_v3_pred_0",
        "model_3_multimer_v3_pred_0",
        "model_2_multimer_v3_pred_0"
    ]
}