{
    "features": 374.58694648742676,
    "process_features_model_1_multimer_v3_pred_0": 1.7404556274414062e-05,
    "predict_and_compile_model_1_multimer_v3_pred_0": 961.9546356201172,
    "relax_model_1_multimer_v3_pred_0": 369.25281047821045,
    "process_features_model_2_multimer_v3_pred_0": 2.7418136596679688e-05,
    "predict_and_compile_model_2_multimer_v3_pred_0": 951.8113360404968,
    "relax_model_2_multimer_v3_pred_0": 239.9966139793396,
    "process_features_model_3_multimer_v3_pred_0": 2.384185791015625e-05,
    "predict_and_compile_model_3_multimer_v3_pred_0": 481.307373046875,
    "relax_model_3_multimer_v3_pred_0": 677.1569631099701,
    "process_features_model_4_multimer_v3_pred_0": 1.049041748046875e-05,
    "predict_and_compile_model_4_multimer_v3_pred_0": 544.5968248844147,
    "relax_model_4_multimer_v3_pred_0": 541.0263283252716,
    "process_features_model_5_multimer_v3_pred_0": 5.4836273193359375e-06,
    "predict_and_compile_model_5_multimer_v3_pred_0": 1074.6281278133392,
    "relax_model_5_multimer_v3_pred_0": 314.52362751960754
}