{
    "iptm+ptm": {
        "model_1_multimer_v3_pred_0": 0.8158486966503874,
        "model_2_multimer_v3_pred_0": 0.8364696172864496,
        "model_3_multimer_v3_pred_0": 0.8226655629162634,
        "model_4_multimer_v3_pred_0": 0.7746289552005367,
        "model_5_multimer_v3_pred_0": 0.8438748613281197
    },
    "order": [
        "model_5_multimer_v3_pred_0",
        "model_2_multimer_v3_pred_0",
        "model_3_multimer_v3_pred_0",
        "model_1_multimer_v3_pred_0",
        "model_4_multimer_v3_pred_0"
    ]
}