{
    "features": 159.96482968330383,
    "process_features_model_1_multimer_v3_pred_0": 1.621246337890625e-05,
    "predict_and_compile_model_1_multimer_v3_pred_0": 1762.7105975151062,
    "relax_model_1_multimer_v3_pred_0": 773.0117683410645,
    "process_features_model_2_multimer_v3_pred_0": 2.4557113647460938e-05,
    "predict_and_compile_model_2_multimer_v3_pred_0": 1762.81263589859,
    "relax_model_2_multimer_v3_pred_0": 943.0808773040771,
    "process_features_model_3_multimer_v3_pred_0": 2.0503997802734375e-05,
    "predict_and_compile_model_3_multimer_v3_pred_0": 1759.5070140361786,
    "relax_model_3_multimer_v3_pred_0": 1090.342764377594,
    "process_features_model_4_multimer_v3_pred_0": 7.3909759521484375e-06,
    "predict_and_compile_model_4_multimer_v3_pred_0": 1731.4426379203796,
    "relax_model_4_multimer_v3_pred_0": 609.1591382026672,
    "process_features_model_5_multimer_v3_pred_0": 5.7220458984375e-06,
    "predict_and_compile_model_5_multimer_v3_pred_0": 805.3814022541046,
    "relax_model_5_multimer_v3_pred_0": 210.91537237167358
}