{
    "iptm+ptm": {
        "model_1_multimer_v3_pred_0": 0.8862084977933977,
        "model_2_multimer_v3_pred_0": 0.7132881817848027,
        "model_3_multimer_v3_pred_0": 0.7225924049153487,
        "model_4_multimer_v3_pred_0": 0.8515390512664234,
        "model_5_multimer_v3_pred_0": 0.870521216869105
    },
    "order": [
        "model_1_multimer_v3_pred_0",
        "model_5_multimer_v3_pred_0",
        "model_4_multimer_v3_pred_0",
        "model_3_multimer_v3_pred_0",
        "model_2_multimer_v3_pred_0"
    ]
}