{
    "features": 132.14546179771423,
    "process_features_model_1_multimer_v3_pred_0": 3.218650817871094e-05,
    "predict_and_compile_model_1_multimer_v3_pred_0": 1534.3459560871124,
    "relax_model_1_multimer_v3_pred_0": 613.5506389141083,
    "process_features_model_2_multimer_v3_pred_0": 8.106231689453125e-06,
    "predict_and_compile_model_2_multimer_v3_pred_0": 1527.1206274032593,
    "relax_model_2_multimer_v3_pred_0": 758.23153424263,
    "process_features_model_3_multimer_v3_pred_0": 5.9604644775390625e-06,
    "predict_and_compile_model_3_multimer_v3_pred_0": 1544.244063615799,
    "relax_model_3_multimer_v3_pred_0": 771.2284815311432,
    "process_features_model_4_multimer_v3_pred_0": 5.7220458984375e-06,
    "predict_and_compile_model_4_multimer_v3_pred_0": 1555.316338300705,
    "relax_model_4_multimer_v3_pred_0": 884.3742899894714,
    "process_features_model_5_multimer_v3_pred_0": 5.4836273193359375e-06,
    "predict_and_compile_model_5_multimer_v3_pred_0": 1512.6774501800537,
    "relax_model_5_multimer_v3_pred_0": 323.48264265060425
}