{
    "iptm+ptm": {
        "model_1_multimer_v3_pred_0": 0.8523498751157976,
        "model_2_multimer_v3_pred_0": 0.8563405249820677,
        "model_3_multimer_v3_pred_0": 0.8433917693665903,
        "model_4_multimer_v3_pred_0": 0.8626670432833966,
        "model_5_multimer_v3_pred_0": 0.8566088782661638
    },
    "order": [
        "model_4_multimer_v3_pred_0",
        "model_5_multimer_v3_pred_0",
        "model_2_multimer_v3_pred_0",
        "model_1_multimer_v3_pred_0",
        "model_3_multimer_v3_pred_0"
    ]
}