{
    "features": 174.72727036476135,
    "process_features_model_1_multimer_v3_pred_0": 9.298324584960938e-06,
    "predict_and_compile_model_1_multimer_v3_pred_0": 671.4516882896423,
    "relax_model_1_multimer_v3_pred_0": 209.88741254806519,
    "process_features_model_2_multimer_v3_pred_0": 8.344650268554688e-06,
    "predict_and_compile_model_2_multimer_v3_pred_0": 602.2645828723907,
    "relax_model_2_multimer_v3_pred_0": 369.94912910461426,
    "process_features_model_3_multimer_v3_pred_0": 6.198883056640625e-06,
    "predict_and_compile_model_3_multimer_v3_pred_0": 596.1179940700531,
    "relax_model_3_multimer_v3_pred_0": 352.47816801071167,
    "process_features_model_4_multimer_v3_pred_0": 6.4373016357421875e-06,
    "predict_and_compile_model_4_multimer_v3_pred_0": 735.4395179748535,
    "relax_model_4_multimer_v3_pred_0": 334.9886839389801,
    "process_features_model_5_multimer_v3_pred_0": 6.198883056640625e-06,
    "predict_and_compile_model_5_multimer_v3_pred_0": 653.219872713089,
    "relax_model_5_multimer_v3_pred_0": 290.91549730300903
}