{
    "iptm+ptm": {
        "model_1_multimer_v3_pred_0": 0.9096078696989796,
        "model_2_multimer_v3_pred_0": 0.9120922955978134,
        "model_3_multimer_v3_pred_0": 0.9121611227610282,
        "model_4_multimer_v3_pred_0": 0.9145166428157236,
        "model_5_multimer_v3_pred_0": 0.9136510451617805
    },
    "order": [
        "model_4_multimer_v3_pred_0",
        "model_5_multimer_v3_pred_0",
        "model_3_multimer_v3_pred_0",
        "model_2_multimer_v3_pred_0",
        "model_1_multimer_v3_pred_0"
    ]
}