{
    "features": 188.09113955497742,
    "process_features_model_1_multimer_v3_pred_0": 1.049041748046875e-05,
    "predict_and_compile_model_1_multimer_v3_pred_0": 413.68800616264343,
    "relax_model_1_multimer_v3_pred_0": 290.42078614234924,
    "process_features_model_2_multimer_v3_pred_0": 1.0013580322265625e-05,
    "predict_and_compile_model_2_multimer_v3_pred_0": 415.26992774009705,
    "relax_model_2_multimer_v3_pred_0": 320.48574805259705,
    "process_features_model_3_multimer_v3_pred_0": 1.71661376953125e-05,
    "predict_and_compile_model_3_multimer_v3_pred_0": 474.604079246521,
    "relax_model_3_multimer_v3_pred_0": 356.79517340660095,
    "process_features_model_4_multimer_v3_pred_0": 1.4781951904296875e-05,
    "predict_and_compile_model_4_multimer_v3_pred_0": 467.51005601882935,
    "relax_model_4_multimer_v3_pred_0": 300.7163841724396,
    "process_features_model_5_multimer_v3_pred_0": 9.298324584960938e-06,
    "predict_and_compile_model_5_multimer_v3_pred_0": 491.89380741119385,
    "relax_model_5_multimer_v3_pred_0": 384.53797221183777
}