{
    "iptm+ptm": {
        "model_1_multimer_v3_pred_0": 0.5533544811485446,
        "model_2_multimer_v3_pred_0": 0.5381412421288706,
        "model_3_multimer_v3_pred_0": 0.6603161287501076,
        "model_4_multimer_v3_pred_0": 0.5457846620869244,
        "model_5_multimer_v3_pred_0": 0.6544899704806794
    },
    "order": [
        "model_3_multimer_v3_pred_0",
        "model_5_multimer_v3_pred_0",
        "model_1_multimer_v3_pred_0",
        "model_4_multimer_v3_pred_0",
        "model_2_multimer_v3_pred_0"
    ]
}