{
    "features": 223.8374297618866,
    "process_features_model_1_multimer_v3_pred_0": 1.1444091796875e-05,
    "predict_and_compile_model_1_multimer_v3_pred_0": 959.4652583599091,
    "relax_model_1_multimer_v3_pred_0": 173.35600090026855,
    "process_features_model_2_multimer_v3_pred_0": 5.7220458984375e-06,
    "predict_and_compile_model_2_multimer_v3_pred_0": 707.0808930397034,
    "relax_model_2_multimer_v3_pred_0": 902.9401352405548,
    "process_features_model_3_multimer_v3_pred_0": 8.821487426757812e-06,
    "predict_and_compile_model_3_multimer_v3_pred_0": 1094.1959550380707,
    "relax_model_3_multimer_v3_pred_0": 274.1276478767395,
    "process_features_model_4_multimer_v3_pred_0": 3.409385681152344e-05,
    "predict_and_compile_model_4_multimer_v3_pred_0": 1456.4013085365295,
    "relax_model_4_multimer_v3_pred_0": 577.1372404098511,
    "process_features_model_5_multimer_v3_pred_0": 6.4373016357421875e-06,
    "predict_and_compile_model_5_multimer_v3_pred_0": 1448.5276107788086,
    "relax_model_5_multimer_v3_pred_0": 341.74153542518616
}