{
    "iptm+ptm": {
        "model_1_multimer_v3_pred_0": 0.8371395551519327,
        "model_2_multimer_v3_pred_0": 0.8589136064885345,
        "model_3_multimer_v3_pred_0": 0.8784758323933642,
        "model_4_multimer_v3_pred_0": 0.8496316754668429,
        "model_5_multimer_v3_pred_0": 0.870067184664802
    },
    "order": [
        "model_3_multimer_v3_pred_0",
        "model_5_multimer_v3_pred_0",
        "model_2_multimer_v3_pred_0",
        "model_4_multimer_v3_pred_0",
        "model_1_multimer_v3_pred_0"
    ]
}