{
    "features": 168.81699061393738,
    "process_features_model_1_multimer_v3_pred_0": 1.049041748046875e-05,
    "predict_and_compile_model_1_multimer_v3_pred_0": 453.7082736492157,
    "relax_model_1_multimer_v3_pred_0": 264.27081537246704,
    "process_features_model_2_multimer_v3_pred_0": 4.76837158203125e-06,
    "predict_and_compile_model_2_multimer_v3_pred_0": 1351.2140460014343,
    "relax_model_2_multimer_v3_pred_0": 187.26712679862976,
    "process_features_model_3_multimer_v3_pred_0": 4.5299530029296875e-06,
    "predict_and_compile_model_3_multimer_v3_pred_0": 560.9105637073517,
    "relax_model_3_multimer_v3_pred_0": 223.70658802986145,
    "process_features_model_4_multimer_v3_pred_0": 4.76837158203125e-06,
    "predict_and_compile_model_4_multimer_v3_pred_0": 432.624281167984,
    "relax_model_4_multimer_v3_pred_0": 204.07810592651367,
    "process_features_model_5_multimer_v3_pred_0": 5.4836273193359375e-06,
    "predict_and_compile_model_5_multimer_v3_pred_0": 857.7798058986664,
    "relax_model_5_multimer_v3_pred_0": 221.28881740570068
}