{
    "iptm+ptm": {
        "model_1_multimer_v3_pred_0": 0.7703720829559798,
        "model_2_multimer_v3_pred_0": 0.7706860950807384,
        "model_3_multimer_v3_pred_0": 0.8061891526022149,
        "model_4_multimer_v3_pred_0": 0.7885529635485397,
        "model_5_multimer_v3_pred_0": 0.7899414067992929
    },
    "order": [
        "model_3_multimer_v3_pred_0",
        "model_5_multimer_v3_pred_0",
        "model_4_multimer_v3_pred_0",
        "model_2_multimer_v3_pred_0",
        "model_1_multimer_v3_pred_0"
    ]
}