{
    "features": 227.95102047920227,
    "process_features_model_1_multimer_v3_pred_0": 1.8835067749023438e-05,
    "predict_and_compile_model_1_multimer_v3_pred_0": 357.0231738090515,
    "relax_model_1_multimer_v3_pred_0": 134.28138852119446,
    "process_features_model_2_multimer_v3_pred_0": 3.361701965332031e-05,
    "predict_and_compile_model_2_multimer_v3_pred_0": 426.40275263786316,
    "relax_model_2_multimer_v3_pred_0": 163.67670679092407,
    "process_features_model_3_multimer_v3_pred_0": 2.7418136596679688e-05,
    "predict_and_compile_model_3_multimer_v3_pred_0": 410.6776354312897,
    "relax_model_3_multimer_v3_pred_0": 282.7972946166992,
    "process_features_model_4_multimer_v3_pred_0": 5.245208740234375e-06,
    "predict_and_compile_model_4_multimer_v3_pred_0": 408.847044467926,
    "relax_model_4_multimer_v3_pred_0": 188.40903186798096,
    "process_features_model_5_multimer_v3_pred_0": 3.3855438232421875e-05,
    "predict_and_compile_model_5_multimer_v3_pred_0": 394.75969910621643,
    "relax_model_5_multimer_v3_pred_0": 213.0038321018219
}