{
    "iptm+ptm": {
        "model_1_multimer_v3_pred_0": 0.7732892459608632,
        "model_2_multimer_v3_pred_0": 0.7708111610399251,
        "model_3_multimer_v3_pred_0": 0.7699991535914401,
        "model_4_multimer_v3_pred_0": 0.7571004703240455,
        "model_5_multimer_v3_pred_0": 0.7661433658054151
    },
    "order": [
        "model_1_multimer_v3_pred_0",
        "model_2_multimer_v3_pred_0",
        "model_3_multimer_v3_pred_0",
        "model_5_multimer_v3_pred_0",
        "model_4_multimer_v3_pred_0"
    ]
}