{
    "features": 207.6962649822235,
    "process_features_model_1_multimer_v3_pred_0": 1.1444091796875e-05,
    "predict_and_compile_model_1_multimer_v3_pred_0": 504.66032576560974,
    "relax_model_1_multimer_v3_pred_0": 208.63308310508728,
    "process_features_model_2_multimer_v3_pred_0": 5.0067901611328125e-06,
    "predict_and_compile_model_2_multimer_v3_pred_0": 570.7118637561798,
    "relax_model_2_multimer_v3_pred_0": 224.00933527946472,
    "process_features_model_3_multimer_v3_pred_0": 6.9141387939453125e-06,
    "predict_and_compile_model_3_multimer_v3_pred_0": 948.331734418869,
    "relax_model_3_multimer_v3_pred_0": 542.9336831569672,
    "process_features_model_4_multimer_v3_pred_0": 9.298324584960938e-06,
    "predict_and_compile_model_4_multimer_v3_pred_0": 892.4925587177277,
    "relax_model_4_multimer_v3_pred_0": 258.1290056705475,
    "process_features_model_5_multimer_v3_pred_0": 8.344650268554688e-06,
    "predict_and_compile_model_5_multimer_v3_pred_0": 821.3070931434631,
    "relax_model_5_multimer_v3_pred_0": 320.0516154766083
}