{
    "iptm+ptm": {
        "model_1_multimer_v3_pred_0": 0.6772328767625172,
        "model_2_multimer_v3_pred_0": 0.6317678984523267,
        "model_3_multimer_v3_pred_0": 0.6908081968528982,
        "model_4_multimer_v3_pred_0": 0.7255535264765601,
        "model_5_multimer_v3_pred_0": 0.6717077409941086
    },
    "order": [
        "model_4_multimer_v3_pred_0",
        "model_3_multimer_v3_pred_0",
        "model_1_multimer_v3_pred_0",
        "model_5_multimer_v3_pred_0",
        "model_2_multimer_v3_pred_0"
    ]
}