{
    "features": 178.85025668144226,
    "process_features_model_1_multimer_v3_pred_0": 2.4080276489257812e-05,
    "predict_and_compile_model_1_multimer_v3_pred_0": 490.0250732898712,
    "relax_model_1_multimer_v3_pred_0": 389.5922050476074,
    "process_features_model_2_multimer_v3_pred_0": 6.198883056640625e-06,
    "predict_and_compile_model_2_multimer_v3_pred_0": 625.4135663509369,
    "relax_model_2_multimer_v3_pred_0": 326.5796067714691,
    "process_features_model_3_multimer_v3_pred_0": 8.106231689453125e-06,
    "predict_and_compile_model_3_multimer_v3_pred_0": 535.5493488311768,
    "relax_model_3_multimer_v3_pred_0": 290.61143231391907,
    "process_features_model_4_multimer_v3_pred_0": 5.7220458984375e-06,
    "predict_and_compile_model_4_multimer_v3_pred_0": 485.067257642746,
    "relax_model_4_multimer_v3_pred_0": 327.0493929386139,
    "process_features_model_5_multimer_v3_pred_0": 1.8596649169921875e-05,
    "predict_and_compile_model_5_multimer_v3_pred_0": 1520.2326228618622,
    "relax_model_5_multimer_v3_pred_0": 678.8049592971802
}