{
    "iptm+ptm": {
        "model_1_multimer_v3_pred_0": 0.5016311680136587,
        "model_2_multimer_v3_pred_0": 0.5322977142856926,
        "model_3_multimer_v3_pred_0": 0.5283090950469311,
        "model_4_multimer_v3_pred_0": 0.5225446827638732,
        "model_5_multimer_v3_pred_0": 0.5864601149463349
    },
    "order": [
        "model_5_multimer_v3_pred_0",
        "model_2_multimer_v3_pred_0",
        "model_3_multimer_v3_pred_0",
        "model_4_multimer_v3_pred_0",
        "model_1_multimer_v3_pred_0"
    ]
}