{
    "features": 229.35016679763794,
    "process_features_model_1_multimer_v3_pred_0": 4.00543212890625e-05,
    "predict_and_compile_model_1_multimer_v3_pred_0": 683.8200917243958,
    "relax_model_1_multimer_v3_pred_0": 237.70635509490967,
    "process_features_model_2_multimer_v3_pred_0": 5.4836273193359375e-06,
    "predict_and_compile_model_2_multimer_v3_pred_0": 547.7117059230804,
    "relax_model_2_multimer_v3_pred_0": 458.99118089675903,
    "process_features_model_3_multimer_v3_pred_0": 6.4373016357421875e-06,
    "predict_and_compile_model_3_multimer_v3_pred_0": 1394.9201860427856,
    "relax_model_3_multimer_v3_pred_0": 847.7314970493317,
    "process_features_model_4_multimer_v3_pred_0": 5.0067901611328125e-06,
    "predict_and_compile_model_4_multimer_v3_pred_0": 1369.5377984046936,
    "relax_model_4_multimer_v3_pred_0": 810.4700591564178,
    "process_features_model_5_multimer_v3_pred_0": 7.152557373046875e-06,
    "predict_and_compile_model_5_multimer_v3_pred_0": 1383.636112689972,
    "relax_model_5_multimer_v3_pred_0": 423.9954571723938
}