{
    "iptm+ptm": {
        "model_1_multimer_v3_pred_0": 0.8452532804284721,
        "model_2_multimer_v3_pred_0": 0.8513418965444327,
        "model_3_multimer_v3_pred_0": 0.8511078491111908,
        "model_4_multimer_v3_pred_0": 0.8595476824897603,
        "model_5_multimer_v3_pred_0": 0.858544707211824
    },
    "order": [
        "model_4_multimer_v3_pred_0",
        "model_5_multimer_v3_pred_0",
        "model_2_multimer_v3_pred_0",
        "model_3_multimer_v3_pred_0",
        "model_1_multimer_v3_pred_0"
    ]
}