{
    "features": 197.9185152053833,
    "process_features_model_1_multimer_v3_pred_0": 1.4066696166992188e-05,
    "predict_and_compile_model_1_multimer_v3_pred_0": 566.7131729125977,
    "relax_model_1_multimer_v3_pred_0": 281.89873242378235,
    "process_features_model_2_multimer_v3_pred_0": 5.4836273193359375e-06,
    "predict_and_compile_model_2_multimer_v3_pred_0": 716.9388098716736,
    "relax_model_2_multimer_v3_pred_0": 304.13714694976807,
    "process_features_model_3_multimer_v3_pred_0": 4.5299530029296875e-06,
    "predict_and_compile_model_3_multimer_v3_pred_0": 499.40005826950073,
    "relax_model_3_multimer_v3_pred_0": 343.0446150302887,
    "process_features_model_4_multimer_v3_pred_0": 5.0067901611328125e-06,
    "predict_and_compile_model_4_multimer_v3_pred_0": 561.3759329319,
    "relax_model_4_multimer_v3_pred_0": 273.72094917297363,
    "process_features_model_5_multimer_v3_pred_0": 2.6941299438476562e-05,
    "predict_and_compile_model_5_multimer_v3_pred_0": 566.9000446796417,
    "relax_model_5_multimer_v3_pred_0": 349.2402334213257
}