{
    "iptm+ptm": {
        "model_1_multimer_v3_pred_0": 0.90629083154497,
        "model_2_multimer_v3_pred_0": 0.9020345431670307,
        "model_3_multimer_v3_pred_0": 0.8990758297134791,
        "model_4_multimer_v3_pred_0": 0.9074452694023843,
        "model_5_multimer_v3_pred_0": 0.9050898633964812
    },
    "order": [
        "model_4_multimer_v3_pred_0",
        "model_1_multimer_v3_pred_0",
        "model_5_multimer_v3_pred_0",
        "model_2_multimer_v3_pred_0",
        "model_3_multimer_v3_pred_0"
    ]
}