{
    "features": 120.8488438129425,
    "process_features_model_1_multimer_v3_pred_0": 1.1682510375976562e-05,
    "predict_and_compile_model_1_multimer_v3_pred_0": 618.2955706119537,
    "relax_model_1_multimer_v3_pred_0": 435.3405659198761,
    "process_features_model_2_multimer_v3_pred_0": 7.152557373046875e-06,
    "predict_and_compile_model_2_multimer_v3_pred_0": 1214.0994534492493,
    "relax_model_2_multimer_v3_pred_0": 330.3336184024811,
    "process_features_model_3_multimer_v3_pred_0": 2.0503997802734375e-05,
    "predict_and_compile_model_3_multimer_v3_pred_0": 617.1163301467896,
    "relax_model_3_multimer_v3_pred_0": 722.0532603263855,
    "process_features_model_4_multimer_v3_pred_0": 5.0067901611328125e-06,
    "predict_and_compile_model_4_multimer_v3_pred_0": 1350.060424566269,
    "relax_model_4_multimer_v3_pred_0": 352.7897050380707,
    "process_features_model_5_multimer_v3_pred_0": 6.67572021484375e-06,
    "predict_and_compile_model_5_multimer_v3_pred_0": 1531.6731295585632,
    "relax_model_5_multimer_v3_pred_0": 422.92207288742065
}