{
    "iptm+ptm": {
        "model_1_multimer_v3_pred_0": 0.8472352897427844,
        "model_2_multimer_v3_pred_0": 0.8228995899817748,
        "model_3_multimer_v3_pred_0": 0.8385978718862592,
        "model_4_multimer_v3_pred_0": 0.8416786164842065,
        "model_5_multimer_v3_pred_0": 0.8212960012037086
    },
    "order": [
        "model_1_multimer_v3_pred_0",
        "model_4_multimer_v3_pred_0",
        "model_3_multimer_v3_pred_0",
        "model_2_multimer_v3_pred_0",
        "model_5_multimer_v3_pred_0"
    ]
}