{
    "features": 86.68305039405823,
    "process_features_model_1_multimer_v3_pred_0": 2.5272369384765625e-05,
    "predict_and_compile_model_1_multimer_v3_pred_0": 458.8600809574127,
    "relax_model_1_multimer_v3_pred_0": 240.21826648712158,
    "process_features_model_2_multimer_v3_pred_0": 1.2159347534179688e-05,
    "predict_and_compile_model_2_multimer_v3_pred_0": 521.4966781139374,
    "relax_model_2_multimer_v3_pred_0": 272.8126072883606,
    "process_features_model_3_multimer_v3_pred_0": 9.298324584960938e-06,
    "predict_and_compile_model_3_multimer_v3_pred_0": 660.5464932918549,
    "relax_model_3_multimer_v3_pred_0": 207.51015377044678,
    "process_features_model_4_multimer_v3_pred_0": 3.695487976074219e-05,
    "predict_and_compile_model_4_multimer_v3_pred_0": 473.80692958831787,
    "relax_model_4_multimer_v3_pred_0": 225.01848649978638,
    "process_features_model_5_multimer_v3_pred_0": 9.298324584960938e-06,
    "predict_and_compile_model_5_multimer_v3_pred_0": 393.32952642440796,
    "relax_model_5_multimer_v3_pred_0": 359.3363285064697
}