{
    "iptm+ptm": {
        "model_1_multimer_v3_pred_0": 0.5187892200374509,
        "model_2_multimer_v3_pred_0": 0.48499136338085236,
        "model_3_multimer_v3_pred_0": 0.49571915744156947,
        "model_4_multimer_v3_pred_0": 0.4955454608994261,
        "model_5_multimer_v3_pred_0": 0.5116441245104371
    },
    "order": [
        "model_1_multimer_v3_pred_0",
        "model_5_multimer_v3_pred_0",
        "model_3_multimer_v3_pred_0",
        "model_4_multimer_v3_pred_0",
        "model_2_multimer_v3_pred_0"
    ]
}