{
    "features": 160.2955334186554,
    "process_features_model_1_multimer_v3_pred_0": 1.049041748046875e-05,
    "predict_and_compile_model_1_multimer_v3_pred_0": 506.5340373516083,
    "relax_model_1_multimer_v3_pred_0": 210.92500567436218,
    "process_features_model_2_multimer_v3_pred_0": 5.245208740234375e-06,
    "predict_and_compile_model_2_multimer_v3_pred_0": 536.2330048084259,
    "relax_model_2_multimer_v3_pred_0": 911.1618402004242,
    "process_features_model_3_multimer_v3_pred_0": 5.0067901611328125e-06,
    "predict_and_compile_model_3_multimer_v3_pred_0": 995.589409828186,
    "relax_model_3_multimer_v3_pred_0": 655.0687816143036,
    "process_features_model_4_multimer_v3_pred_0": 1.4543533325195312e-05,
    "predict_and_compile_model_4_multimer_v3_pred_0": 1324.3152213096619,
    "relax_model_4_multimer_v3_pred_0": 285.42306089401245,
    "process_features_model_5_multimer_v3_pred_0": 5.245208740234375e-06,
    "predict_and_compile_model_5_multimer_v3_pred_0": 537.8626821041107,
    "relax_model_5_multimer_v3_pred_0": 457.8297460079193
}