{
    "iptm+ptm": {
        "model_1_multimer_v3_pred_0": 0.8284744763391166,
        "model_2_multimer_v3_pred_0": 0.8282793184881457,
        "model_3_multimer_v3_pred_0": 0.8260892030967613,
        "model_4_multimer_v3_pred_0": 0.8282527064279293,
        "model_5_multimer_v3_pred_0": 0.8295928279519392
    },
    "order": [
        "model_5_multimer_v3_pred_0",
        "model_1_multimer_v3_pred_0",
        "model_2_multimer_v3_pred_0",
        "model_4_multimer_v3_pred_0",
        "model_3_multimer_v3_pred_0"
    ]
}