{
    "features": 199.4440312385559,
    "process_features_model_1_multimer_v3_pred_0": 1.3828277587890625e-05,
    "predict_and_compile_model_1_multimer_v3_pred_0": 484.92748403549194,
    "relax_model_1_multimer_v3_pred_0": 879.5323388576508,
    "process_features_model_2_multimer_v3_pred_0": 1.5974044799804688e-05,
    "predict_and_compile_model_2_multimer_v3_pred_0": 432.706663608551,
    "relax_model_2_multimer_v3_pred_0": 652.7272408008575,
    "process_features_model_3_multimer_v3_pred_0": 8.821487426757812e-06,
    "predict_and_compile_model_3_multimer_v3_pred_0": 493.51063203811646,
    "relax_model_3_multimer_v3_pred_0": 818.725044965744,
    "process_features_model_4_multimer_v3_pred_0": 9.059906005859375e-06,
    "predict_and_compile_model_4_multimer_v3_pred_0": 472.5323414802551,
    "relax_model_4_multimer_v3_pred_0": 609.9674963951111,
    "process_features_model_5_multimer_v3_pred_0": 1.049041748046875e-05,
    "predict_and_compile_model_5_multimer_v3_pred_0": 508.0347089767456,
    "relax_model_5_multimer_v3_pred_0": 711.9222745895386
}