{
    "iptm+ptm": {
        "model_1_multimer_v3_pred_0": 0.6816164431985099,
        "model_2_multimer_v3_pred_0": 0.6938096585314216,
        "model_3_multimer_v3_pred_0": 0.6656545363351699,
        "model_4_multimer_v3_pred_0": 0.6446672160738007,
        "model_5_multimer_v3_pred_0": 0.6762228966148001
    },
    "order": [
        "model_2_multimer_v3_pred_0",
        "model_1_multimer_v3_pred_0",
        "model_5_multimer_v3_pred_0",
        "model_3_multimer_v3_pred_0",
        "model_4_multimer_v3_pred_0"
    ]
}