{
    "features": 146.23078203201294,
    "process_features_model_1_multimer_v3_pred_0": 1.0967254638671875e-05,
    "predict_and_compile_model_1_multimer_v3_pred_0": 575.0650904178619,
    "relax_model_1_multimer_v3_pred_0": 215.95052409172058,
    "process_features_model_2_multimer_v3_pred_0": 1.430511474609375e-05,
    "predict_and_compile_model_2_multimer_v3_pred_0": 656.3169980049133,
    "relax_model_2_multimer_v3_pred_0": 432.0831890106201,
    "process_features_model_3_multimer_v3_pred_0": 1.1920928955078125e-05,
    "predict_and_compile_model_3_multimer_v3_pred_0": 1682.9095735549927,
    "relax_model_3_multimer_v3_pred_0": 454.4657609462738,
    "process_features_model_4_multimer_v3_pred_0": 1.1205673217773438e-05,
    "predict_and_compile_model_4_multimer_v3_pred_0": 1635.371753692627,
    "relax_model_4_multimer_v3_pred_0": 428.05929708480835,
    "process_features_model_5_multimer_v3_pred_0": 1.8835067749023438e-05,
    "predict_and_compile_model_5_multimer_v3_pred_0": 1369.4997539520264,
    "relax_model_5_multimer_v3_pred_0": 359.59587025642395
}