{
    "iptm+ptm": {
        "model_1_multimer_v3_pred_0": 0.8737430697332288,
        "model_2_multimer_v3_pred_0": 0.8787886129068682,
        "model_3_multimer_v3_pred_0": 0.884024332705151,
        "model_4_multimer_v3_pred_0": 0.8759997709882557,
        "model_5_multimer_v3_pred_0": 0.8890334454122389
    },
    "order": [
        "model_5_multimer_v3_pred_0",
        "model_3_multimer_v3_pred_0",
        "model_2_multimer_v3_pred_0",
        "model_4_multimer_v3_pred_0",
        "model_1_multimer_v3_pred_0"
    ]
}