{
    "features": 398.1808331012726,
    "process_features_model_1_multimer_v3_pred_0": 1.0013580322265625e-05,
    "predict_and_compile_model_1_multimer_v3_pred_0": 2175.933436155319,
    "process_features_model_2_multimer_v3_pred_0": 2.5033950805664062e-05,
    "predict_and_compile_model_2_multimer_v3_pred_0": 3303.218023777008,
    "process_features_model_3_multimer_v3_pred_0": 2.574920654296875e-05,
    "predict_and_compile_model_3_multimer_v3_pred_0": 2166.2522661685944,
    "process_features_model_4_multimer_v3_pred_0": 3.147125244140625e-05,
    "predict_and_compile_model_4_multimer_v3_pred_0": 2337.2260427474976,
    "process_features_model_5_multimer_v3_pred_0": 1.7404556274414062e-05,
    "predict_and_compile_model_5_multimer_v3_pred_0": 2549.4665336608887
}