{
    "iptm+ptm": {
        "model_1_multimer_v3_pred_0": 0.5099980400678915,
        "model_2_multimer_v3_pred_0": 0.5116739207795599,
        "model_3_multimer_v3_pred_0": 0.523831647482814,
        "model_4_multimer_v3_pred_0": 0.4381283961740039,
        "model_5_multimer_v3_pred_0": 0.5182403722388075
    },
    "order": [
        "model_3_multimer_v3_pred_0",
        "model_5_multimer_v3_pred_0",
        "model_2_multimer_v3_pred_0",
        "model_1_multimer_v3_pred_0",
        "model_4_multimer_v3_pred_0"
    ]
}