{
    "features": 257.42883038520813,
    "process_features_model_1_multimer_v3_pred_0": 9.059906005859375e-06,
    "predict_and_compile_model_1_multimer_v3_pred_0": 585.597455739975,
    "relax_model_1_multimer_v3_pred_0": 323.0061717033386,
    "process_features_model_2_multimer_v3_pred_0": 3.123283386230469e-05,
    "predict_and_compile_model_2_multimer_v3_pred_0": 781.3855724334717,
    "relax_model_2_multimer_v3_pred_0": 602.0851476192474,
    "process_features_model_3_multimer_v3_pred_0": 4.5299530029296875e-06,
    "predict_and_compile_model_3_multimer_v3_pred_0": 957.52583360672,
    "relax_model_3_multimer_v3_pred_0": 344.15616512298584,
    "process_features_model_4_multimer_v3_pred_0": 4.76837158203125e-06,
    "predict_and_compile_model_4_multimer_v3_pred_0": 1015.8412456512451,
    "relax_model_4_multimer_v3_pred_0": 333.37654399871826,
    "process_features_model_5_multimer_v3_pred_0": 5.4836273193359375e-06,
    "predict_and_compile_model_5_multimer_v3_pred_0": 714.316811800003,
    "relax_model_5_multimer_v3_pred_0": 357.9050450325012
}