{
    "iptm+ptm": {
        "model_1_multimer_v3_pred_0": 0.6263990581850944,
        "model_2_multimer_v3_pred_0": 0.7611515438420935,
        "model_3_multimer_v3_pred_0": 0.7338796940840507,
        "model_4_multimer_v3_pred_0": 0.7285880563778772,
        "model_5_multimer_v3_pred_0": 0.7477018702157683
    },
    "order": [
        "model_2_multimer_v3_pred_0",
        "model_5_multimer_v3_pred_0",
        "model_3_multimer_v3_pred_0",
        "model_4_multimer_v3_pred_0",
        "model_1_multimer_v3_pred_0"
    ]
}