{
    "features": 226.10542011260986,
    "process_features_model_1_multimer_v3_pred_0": 2.8371810913085938e-05,
    "predict_and_compile_model_1_multimer_v3_pred_0": 1392.107046365738,
    "relax_model_1_multimer_v3_pred_0": 230.79487299919128,
    "process_features_model_2_multimer_v3_pred_0": 4.5299530029296875e-06,
    "predict_and_compile_model_2_multimer_v3_pred_0": 868.6297211647034,
    "relax_model_2_multimer_v3_pred_0": 518.5532314777374,
    "process_features_model_3_multimer_v3_pred_0": 4.291534423828125e-06,
    "predict_and_compile_model_3_multimer_v3_pred_0": 1391.7756962776184,
    "relax_model_3_multimer_v3_pred_0": 248.11023545265198,
    "process_features_model_4_multimer_v3_pred_0": 5.0067901611328125e-06,
    "predict_and_compile_model_4_multimer_v3_pred_0": 663.4270679950714,
    "relax_model_4_multimer_v3_pred_0": 223.41790747642517,
    "process_features_model_5_multimer_v3_pred_0": 4.291534423828125e-06,
    "predict_and_compile_model_5_multimer_v3_pred_0": 1374.862568616867,
    "relax_model_5_multimer_v3_pred_0": 275.5417037010193
}