{
    "iptm+ptm": {
        "model_1_multimer_v3_pred_0": 0.835324567778198,
        "model_2_multimer_v3_pred_0": 0.8714392338014076,
        "model_3_multimer_v3_pred_0": 0.8451737313856504,
        "model_4_multimer_v3_pred_0": 0.807953189281289,
        "model_5_multimer_v3_pred_0": 0.8667259555413698
    },
    "order": [
        "model_2_multimer_v3_pred_0",
        "model_5_multimer_v3_pred_0",
        "model_3_multimer_v3_pred_0",
        "model_1_multimer_v3_pred_0",
        "model_4_multimer_v3_pred_0"
    ]
}