{
    "features": 302.50768399238586,
    "process_features_model_1_multimer_v3_pred_0": 3.6716461181640625e-05,
    "predict_and_compile_model_1_multimer_v3_pred_0": 1368.7755498886108,
    "process_features_model_2_multimer_v3_pred_0": 9.298324584960938e-06,
    "predict_and_compile_model_2_multimer_v3_pred_0": 966.9968595504761,
    "process_features_model_3_multimer_v3_pred_0": 2.9325485229492188e-05,
    "predict_and_compile_model_3_multimer_v3_pred_0": 536.1185619831085,
    "process_features_model_4_multimer_v3_pred_0": 2.2649765014648438e-05,
    "predict_and_compile_model_4_multimer_v3_pred_0": 558.8128364086151,
    "process_features_model_5_multimer_v3_pred_0": 3.337860107421875e-05,
    "predict_and_compile_model_5_multimer_v3_pred_0": 925.9741547107697
}