{
    "iptm+ptm": {
        "model_1_multimer_v3_pred_0": 0.746931427580465,
        "model_2_multimer_v3_pred_0": 0.7403855612501947,
        "model_3_multimer_v3_pred_0": 0.7701812493237807,
        "model_4_multimer_v3_pred_0": 0.7560933363992938,
        "model_5_multimer_v3_pred_0": 0.7641772443420136
    },
    "order": [
        "model_3_multimer_v3_pred_0",
        "model_5_multimer_v3_pred_0",
        "model_4_multimer_v3_pred_0",
        "model_1_multimer_v3_pred_0",
        "model_2_multimer_v3_pred_0"
    ]
}