{
    "features": 88.39824891090393,
    "process_features_model_1_multimer_v3_pred_0": 2.8133392333984375e-05,
    "predict_and_compile_model_1_multimer_v3_pred_0": 109.5700614452362,
    "relax_model_1_multimer_v3_pred_0": 774.5709283351898,
    "process_features_model_2_multimer_v3_pred_0": 7.62939453125e-06,
    "predict_and_compile_model_2_multimer_v3_pred_0": 105.83719515800476,
    "relax_model_2_multimer_v3_pred_0": 859.3394932746887,
    "process_features_model_3_multimer_v3_pred_0": 1.430511474609375e-05,
    "predict_and_compile_model_3_multimer_v3_pred_0": 109.35611748695374,
    "relax_model_3_multimer_v3_pred_0": 350.67599391937256,
    "process_features_model_4_multimer_v3_pred_0": 1.0251998901367188e-05,
    "predict_and_compile_model_4_multimer_v3_pred_0": 103.45642638206482,
    "relax_model_4_multimer_v3_pred_0": 347.8927721977234,
    "process_features_model_5_multimer_v3_pred_0": 8.344650268554688e-06,
    "predict_and_compile_model_5_multimer_v3_pred_0": 110.58082509040833,
    "relax_model_5_multimer_v3_pred_0": 183.43355560302734
}