{
    "iptm+ptm": {
        "model_1_multimer_v3_pred_0": 0.5070369403496836,
        "model_2_multimer_v3_pred_0": 0.48245250792890904,
        "model_3_multimer_v3_pred_0": 0.4888726220261397,
        "model_4_multimer_v3_pred_0": 0.5006789307442907,
        "model_5_multimer_v3_pred_0": 0.5013645155009261
    },
    "order": [
        "model_1_multimer_v3_pred_0",
        "model_5_multimer_v3_pred_0",
        "model_4_multimer_v3_pred_0",
        "model_3_multimer_v3_pred_0",
        "model_2_multimer_v3_pred_0"
    ]
}