{
    "features": 225.08119130134583,
    "process_features_model_1_multimer_v3_pred_0": 8.368492126464844e-05,
    "predict_and_compile_model_1_multimer_v3_pred_0": 497.1877717971802,
    "relax_model_1_multimer_v3_pred_0": 251.37227654457092,
    "process_features_model_2_multimer_v3_pred_0": 3.337860107421875e-05,
    "predict_and_compile_model_2_multimer_v3_pred_0": 667.74098944664,
    "relax_model_2_multimer_v3_pred_0": 222.97692918777466,
    "process_features_model_3_multimer_v3_pred_0": 4.482269287109375e-05,
    "predict_and_compile_model_3_multimer_v3_pred_0": 994.6034286022186,
    "relax_model_3_multimer_v3_pred_0": 401.1751708984375,
    "process_features_model_4_multimer_v3_pred_0": 2.288818359375e-05,
    "predict_and_compile_model_4_multimer_v3_pred_0": 1328.7845146656036,
    "relax_model_4_multimer_v3_pred_0": 192.9984450340271,
    "process_features_model_5_multimer_v3_pred_0": 2.7894973754882812e-05,
    "predict_and_compile_model_5_multimer_v3_pred_0": 713.527515411377,
    "relax_model_5_multimer_v3_pred_0": 222.8413372039795
}