{
    "iptm+ptm": {
        "model_1_multimer_v3_pred_0": 0.6298807897974983,
        "model_2_multimer_v3_pred_0": 0.624432765140242,
        "model_3_multimer_v3_pred_0": 0.6845004699483118,
        "model_4_multimer_v3_pred_0": 0.6358965376501721,
        "model_5_multimer_v3_pred_0": 0.6827624656873166
    },
    "order": [
        "model_3_multimer_v3_pred_0",
        "model_5_multimer_v3_pred_0",
        "model_4_multimer_v3_pred_0",
        "model_1_multimer_v3_pred_0",
        "model_2_multimer_v3_pred_0"
    ]
}