{
    "features": 222.0338110923767,
    "process_features_model_1_multimer_v3_pred_0": 1.621246337890625e-05,
    "predict_and_compile_model_1_multimer_v3_pred_0": 1916.6696915626526,
    "relax_model_1_multimer_v3_pred_0": 398.33739280700684,
    "process_features_model_2_multimer_v3_pred_0": 1.0251998901367188e-05,
    "predict_and_compile_model_2_multimer_v3_pred_0": 1903.361736536026,
    "relax_model_2_multimer_v3_pred_0": 797.634877204895,
    "process_features_model_3_multimer_v3_pred_0": 2.574920654296875e-05,
    "predict_and_compile_model_3_multimer_v3_pred_0": 1549.8704125881195,
    "relax_model_3_multimer_v3_pred_0": 852.3254427909851,
    "process_features_model_4_multimer_v3_pred_0": 1.5497207641601562e-05,
    "predict_and_compile_model_4_multimer_v3_pred_0": 1811.6651465892792,
    "relax_model_4_multimer_v3_pred_0": 866.8118636608124,
    "process_features_model_5_multimer_v3_pred_0": 9.298324584960938e-06,
    "predict_and_compile_model_5_multimer_v3_pred_0": 1811.9651794433594,
    "relax_model_5_multimer_v3_pred_0": 999.4854576587677
}