{
    "iptm+ptm": {
        "model_1_multimer_v3_pred_0": 0.5140665271380179,
        "model_2_multimer_v3_pred_0": 0.5288683272136153,
        "model_3_multimer_v3_pred_0": 0.5743089975201261,
        "model_4_multimer_v3_pred_0": 0.5231663953080229,
        "model_5_multimer_v3_pred_0": 0.6203771978925938
    },
    "order": [
        "model_5_multimer_v3_pred_0",
        "model_3_multimer_v3_pred_0",
        "model_2_multimer_v3_pred_0",
        "model_4_multimer_v3_pred_0",
        "model_1_multimer_v3_pred_0"
    ]
}