{
    "features": 280.5787010192871,
    "process_features_model_1_multimer_v3_pred_0": 7.939338684082031e-05,
    "predict_and_compile_model_1_multimer_v3_pred_0": 2885.833992958069,
    "relax_model_1_multimer_v3_pred_0": 621.9581587314606,
    "process_features_model_2_multimer_v3_pred_0": 5.245208740234375e-06,
    "predict_and_compile_model_2_multimer_v3_pred_0": 2883.050789833069,
    "relax_model_2_multimer_v3_pred_0": 455.149405002594,
    "process_features_model_3_multimer_v3_pred_0": 9.775161743164062e-06,
    "predict_and_compile_model_3_multimer_v3_pred_0": 1300.5650899410248,
    "relax_model_3_multimer_v3_pred_0": 2015.6992700099945,
    "process_features_model_4_multimer_v3_pred_0": 6.198883056640625e-06,
    "predict_and_compile_model_4_multimer_v3_pred_0": 2808.9694232940674,
    "relax_model_4_multimer_v3_pred_0": 438.19040179252625,
    "process_features_model_5_multimer_v3_pred_0": 6.67572021484375e-06,
    "predict_and_compile_model_5_multimer_v3_pred_0": 2804.8313653469086,
    "relax_model_5_multimer_v3_pred_0": 712.0109763145447
}