{
    "iptm+ptm": {
        "model_1_multimer_v3_pred_0": 0.3371529732265344,
        "model_2_multimer_v3_pred_0": 0.3583747692291337,
        "model_3_multimer_v3_pred_0": 0.530443083219013,
        "model_4_multimer_v3_pred_0": 0.40493848786365405,
        "model_5_multimer_v3_pred_0": 0.6391473167317756
    },
    "order": [
        "model_5_multimer_v3_pred_0",
        "model_3_multimer_v3_pred_0",
        "model_4_multimer_v3_pred_0",
        "model_2_multimer_v3_pred_0",
        "model_1_multimer_v3_pred_0"
    ]
}