{
    "features": 145.3343470096588,
    "process_features_model_1_multimer_v3_pred_0": 3.123283386230469e-05,
    "predict_and_compile_model_1_multimer_v3_pred_0": 1587.8514568805695,
    "relax_model_1_multimer_v3_pred_0": 867.695449590683,
    "process_features_model_2_multimer_v3_pred_0": 5.9604644775390625e-06,
    "predict_and_compile_model_2_multimer_v3_pred_0": 1597.404464483261,
    "relax_model_2_multimer_v3_pred_0": 781.1232056617737,
    "process_features_model_3_multimer_v3_pred_0": 5.9604644775390625e-06,
    "predict_and_compile_model_3_multimer_v3_pred_0": 1602.405118227005,
    "relax_model_3_multimer_v3_pred_0": 555.2343668937683,
    "process_features_model_4_multimer_v3_pred_0": 4.76837158203125e-06,
    "predict_and_compile_model_4_multimer_v3_pred_0": 1551.9002707004547,
    "relax_model_4_multimer_v3_pred_0": 637.2364504337311,
    "process_features_model_5_multimer_v3_pred_0": 6.198883056640625e-06,
    "predict_and_compile_model_5_multimer_v3_pred_0": 1206.180907011032,
    "relax_model_5_multimer_v3_pred_0": 813.2093393802643
}