{
    "iptm+ptm": {
        "model_1_multimer_v3_pred_0": 0.7783693929351896,
        "model_2_multimer_v3_pred_0": 0.856533350420927,
        "model_3_multimer_v3_pred_0": 0.8516147507575617,
        "model_4_multimer_v3_pred_0": 0.8664946473941335,
        "model_5_multimer_v3_pred_0": 0.8738738952830196
    },
    "order": [
        "model_5_multimer_v3_pred_0",
        "model_4_multimer_v3_pred_0",
        "model_2_multimer_v3_pred_0",
        "model_3_multimer_v3_pred_0",
        "model_1_multimer_v3_pred_0"
    ]
}