{
    "features": 240.79468059539795,
    "process_features_model_1_multimer_v3_pred_0": 1.0967254638671875e-05,
    "predict_and_compile_model_1_multimer_v3_pred_0": 1278.4570825099945,
    "relax_model_1_multimer_v3_pred_0": 206.69944071769714,
    "process_features_model_2_multimer_v3_pred_0": 1.1682510375976562e-05,
    "predict_and_compile_model_2_multimer_v3_pred_0": 936.6781749725342,
    "relax_model_2_multimer_v3_pred_0": 290.82878041267395,
    "process_features_model_3_multimer_v3_pred_0": 8.58306884765625e-06,
    "predict_and_compile_model_3_multimer_v3_pred_0": 427.54946732521057,
    "relax_model_3_multimer_v3_pred_0": 315.0087170600891,
    "process_features_model_4_multimer_v3_pred_0": 9.5367431640625e-06,
    "predict_and_compile_model_4_multimer_v3_pred_0": 591.8953514099121,
    "relax_model_4_multimer_v3_pred_0": 200.00111746788025,
    "process_features_model_5_multimer_v3_pred_0": 9.775161743164062e-06,
    "predict_and_compile_model_5_multimer_v3_pred_0": 1307.6969430446625,
    "relax_model_5_multimer_v3_pred_0": 339.8421001434326
}