{
    "iptm+ptm": {
        "model_1_multimer_v3_pred_0": 0.8821924649142484,
        "model_2_multimer_v3_pred_0": 0.8919824881526071,
        "model_3_multimer_v3_pred_0": 0.8925979183622746,
        "model_4_multimer_v3_pred_0": 0.8722233136714425,
        "model_5_multimer_v3_pred_0": 0.8726759372363678
    },
    "order": [
        "model_3_multimer_v3_pred_0",
        "model_2_multimer_v3_pred_0",
        "model_1_multimer_v3_pred_0",
        "model_5_multimer_v3_pred_0",
        "model_4_multimer_v3_pred_0"
    ]
}