{
    "features": 133.64130544662476,
    "process_features_model_1_multimer_v3_pred_0": 3.123283386230469e-05,
    "predict_and_compile_model_1_multimer_v3_pred_0": 620.8534400463104,
    "relax_model_1_multimer_v3_pred_0": 185.360600233078,
    "process_features_model_2_multimer_v3_pred_0": 4.0531158447265625e-06,
    "predict_and_compile_model_2_multimer_v3_pred_0": 425.79137229919434,
    "relax_model_2_multimer_v3_pred_0": 496.9786775112152,
    "process_features_model_3_multimer_v3_pred_0": 5.245208740234375e-06,
    "predict_and_compile_model_3_multimer_v3_pred_0": 1011.532488822937,
    "relax_model_3_multimer_v3_pred_0": 445.734587430954,
    "process_features_model_4_multimer_v3_pred_0": 4.76837158203125e-06,
    "predict_and_compile_model_4_multimer_v3_pred_0": 838.9611377716064,
    "relax_model_4_multimer_v3_pred_0": 201.52347683906555,
    "process_features_model_5_multimer_v3_pred_0": 5.245208740234375e-06,
    "predict_and_compile_model_5_multimer_v3_pred_0": 683.8775391578674,
    "relax_model_5_multimer_v3_pred_0": 302.8286726474762
}