{
    "iptm+ptm": {
        "model_1_multimer_v3_pred_0": 0.6150325668591161,
        "model_2_multimer_v3_pred_0": 0.5770917373368578,
        "model_3_multimer_v3_pred_0": 0.6060396209601103,
        "model_4_multimer_v3_pred_0": 0.558543333327569,
        "model_5_multimer_v3_pred_0": 0.6585630122728787
    },
    "order": [
        "model_5_multimer_v3_pred_0",
        "model_1_multimer_v3_pred_0",
        "model_3_multimer_v3_pred_0",
        "model_2_multimer_v3_pred_0",
        "model_4_multimer_v3_pred_0"
    ]
}