{
    "features": 239.07336902618408,
    "process_features_model_1_multimer_v3_pred_0": 1.7642974853515625e-05,
    "predict_and_compile_model_1_multimer_v3_pred_0": 1385.1970031261444,
    "relax_model_1_multimer_v3_pred_0": 217.8289771080017,
    "process_features_model_2_multimer_v3_pred_0": 5.4836273193359375e-06,
    "predict_and_compile_model_2_multimer_v3_pred_0": 1392.0867953300476,
    "relax_model_2_multimer_v3_pred_0": 303.95046043395996,
    "process_features_model_3_multimer_v3_pred_0": 5.0067901611328125e-06,
    "predict_and_compile_model_3_multimer_v3_pred_0": 554.9593267440796,
    "relax_model_3_multimer_v3_pred_0": 577.2592198848724,
    "process_features_model_4_multimer_v3_pred_0": 4.76837158203125e-06,
    "predict_and_compile_model_4_multimer_v3_pred_0": 1363.985387802124,
    "relax_model_4_multimer_v3_pred_0": 146.3891053199768,
    "process_features_model_5_multimer_v3_pred_0": 1.9788742065429688e-05,
    "predict_and_compile_model_5_multimer_v3_pred_0": 591.1994438171387,
    "relax_model_5_multimer_v3_pred_0": 236.07647943496704
}