{
    "iptm+ptm": {
        "model_1_multimer_v3_pred_0": 0.8033008974134714,
        "model_2_multimer_v3_pred_0": 0.8130901932023427,
        "model_3_multimer_v3_pred_0": 0.8118283420616943,
        "model_4_multimer_v3_pred_0": 0.8124094689907506,
        "model_5_multimer_v3_pred_0": 0.807820287695523
    },
    "order": [
        "model_2_multimer_v3_pred_0",
        "model_4_multimer_v3_pred_0",
        "model_3_multimer_v3_pred_0",
        "model_5_multimer_v3_pred_0",
        "model_1_multimer_v3_pred_0"
    ]
}