{
    "features": 128.38815665245056,
    "process_features_model_1_multimer_v3_pred_0": 9.775161743164062e-06,
    "predict_and_compile_model_1_multimer_v3_pred_0": 456.5921080112457,
    "relax_model_1_multimer_v3_pred_0": 235.52238535881042,
    "process_features_model_2_multimer_v3_pred_0": 1.1920928955078125e-05,
    "predict_and_compile_model_2_multimer_v3_pred_0": 530.3019821643829,
    "relax_model_2_multimer_v3_pred_0": 208.88991808891296,
    "process_features_model_3_multimer_v3_pred_0": 1.049041748046875e-05,
    "predict_and_compile_model_3_multimer_v3_pred_0": 521.0399858951569,
    "relax_model_3_multimer_v3_pred_0": 227.00083661079407,
    "process_features_model_4_multimer_v3_pred_0": 2.8371810913085938e-05,
    "predict_and_compile_model_4_multimer_v3_pred_0": 722.5963468551636,
    "relax_model_4_multimer_v3_pred_0": 206.55160212516785,
    "process_features_model_5_multimer_v3_pred_0": 8.821487426757812e-06,
    "predict_and_compile_model_5_multimer_v3_pred_0": 443.78976607322693,
    "relax_model_5_multimer_v3_pred_0": 253.31605434417725
}