{
    "iptm+ptm": {
        "model_1_multimer_v3_pred_0": 0.4954763524609977,
        "model_2_multimer_v3_pred_0": 0.43498688203784863,
        "model_3_multimer_v3_pred_0": 0.4678719199747211,
        "model_4_multimer_v3_pred_0": 0.44603348157567135,
        "model_5_multimer_v3_pred_0": 0.4706804966092025
    },
    "order": [
        "model_1_multimer_v3_pred_0",
        "model_5_multimer_v3_pred_0",
        "model_3_multimer_v3_pred_0",
        "model_4_multimer_v3_pred_0",
        "model_2_multimer_v3_pred_0"
    ]
}