{
    "features": 327.09012961387634,
    "process_features_model_1_multimer_v3_pred_0": 1.0728836059570312e-05,
    "predict_and_compile_model_1_multimer_v3_pred_0": 1716.249538898468,
    "relax_model_1_multimer_v3_pred_0": 633.2571465969086,
    "process_features_model_2_multimer_v3_pred_0": 1.52587890625e-05,
    "predict_and_compile_model_2_multimer_v3_pred_0": 1724.3454010486603,
    "relax_model_2_multimer_v3_pred_0": 312.9838399887085,
    "process_features_model_3_multimer_v3_pred_0": 1.7881393432617188e-05,
    "predict_and_compile_model_3_multimer_v3_pred_0": 1717.0773165225983,
    "relax_model_3_multimer_v3_pred_0": 691.8795435428619,
    "process_features_model_4_multimer_v3_pred_0": 1.0728836059570312e-05,
    "predict_and_compile_model_4_multimer_v3_pred_0": 1683.975562095642,
    "relax_model_4_multimer_v3_pred_0": 322.97717237472534,
    "process_features_model_5_multimer_v3_pred_0": 1.3589859008789062e-05,
    "predict_and_compile_model_5_multimer_v3_pred_0": 1674.477365732193,
    "relax_model_5_multimer_v3_pred_0": 318.3249728679657
}