{
    "iptm+ptm": {
        "model_1_multimer_v3_pred_0": 0.7269577657395622,
        "model_2_multimer_v3_pred_0": 0.7343325310055606,
        "model_3_multimer_v3_pred_0": 0.7145776991336288,
        "model_4_multimer_v3_pred_0": 0.7069819622736936,
        "model_5_multimer_v3_pred_0": 0.7208396624163694
    },
    "order": [
        "model_2_multimer_v3_pred_0",
        "model_1_multimer_v3_pred_0",
        "model_5_multimer_v3_pred_0",
        "model_3_multimer_v3_pred_0",
        "model_4_multimer_v3_pred_0"
    ]
}