{
    "features": 231.50945782661438,
    "process_features_model_1_multimer_v3_pred_0": 2.0265579223632812e-05,
    "predict_and_compile_model_1_multimer_v3_pred_0": 738.3390653133392,
    "relax_model_1_multimer_v3_pred_0": 191.19838309288025,
    "process_features_model_2_multimer_v3_pred_0": 9.059906005859375e-06,
    "predict_and_compile_model_2_multimer_v3_pred_0": 1273.1956074237823,
    "relax_model_2_multimer_v3_pred_0": 236.94342589378357,
    "process_features_model_3_multimer_v3_pred_0": 5.0067901611328125e-06,
    "predict_and_compile_model_3_multimer_v3_pred_0": 508.03327894210815,
    "relax_model_3_multimer_v3_pred_0": 210.60933661460876,
    "process_features_model_4_multimer_v3_pred_0": 4.291534423828125e-06,
    "predict_and_compile_model_4_multimer_v3_pred_0": 605.7192709445953,
    "relax_model_4_multimer_v3_pred_0": 267.4645013809204,
    "process_features_model_5_multimer_v3_pred_0": 6.198883056640625e-06,
    "predict_and_compile_model_5_multimer_v3_pred_0": 764.9331731796265,
    "relax_model_5_multimer_v3_pred_0": 262.89808177948
}