{
    "iptm+ptm": {
        "model_1_multimer_v3_pred_0": 0.6646473288593565,
        "model_2_multimer_v3_pred_0": 0.5376699239270466,
        "model_3_multimer_v3_pred_0": 0.4955524463788461,
        "model_4_multimer_v3_pred_0": 0.6874328164959734,
        "model_5_multimer_v3_pred_0": 0.506108112067897
    },
    "order": [
        "model_4_multimer_v3_pred_0",
        "model_1_multimer_v3_pred_0",
        "model_2_multimer_v3_pred_0",
        "model_5_multimer_v3_pred_0",
        "model_3_multimer_v3_pred_0"
    ]
}