{
    "features": 134.8929238319397,
    "process_features_model_1_multimer_v3_pred_0": 1.0013580322265625e-05,
    "predict_and_compile_model_1_multimer_v3_pred_0": 416.50344133377075,
    "relax_model_1_multimer_v3_pred_0": 162.17658019065857,
    "process_features_model_2_multimer_v3_pred_0": 5.0067901611328125e-06,
    "predict_and_compile_model_2_multimer_v3_pred_0": 548.2768654823303,
    "relax_model_2_multimer_v3_pred_0": 548.228933095932,
    "process_features_model_3_multimer_v3_pred_0": 4.76837158203125e-06,
    "predict_and_compile_model_3_multimer_v3_pred_0": 603.5594065189362,
    "relax_model_3_multimer_v3_pred_0": 278.5692791938782,
    "process_features_model_4_multimer_v3_pred_0": 9.298324584960938e-06,
    "predict_and_compile_model_4_multimer_v3_pred_0": 490.565194606781,
    "relax_model_4_multimer_v3_pred_0": 296.9906828403473,
    "process_features_model_5_multimer_v3_pred_0": 5.245208740234375e-06,
    "predict_and_compile_model_5_multimer_v3_pred_0": 677.8921918869019,
    "relax_model_5_multimer_v3_pred_0": 259.3368365764618
}