{
    "iptm+ptm": {
        "model_1_multimer_v3_pred_0": 0.8472438189796087,
        "model_2_multimer_v3_pred_0": 0.8741440471359487,
        "model_3_multimer_v3_pred_0": 0.8792219378723043,
        "model_4_multimer_v3_pred_0": 0.8519221124566407,
        "model_5_multimer_v3_pred_0": 0.8775663287623613
    },
    "order": [
        "model_3_multimer_v3_pred_0",
        "model_5_multimer_v3_pred_0",
        "model_2_multimer_v3_pred_0",
        "model_4_multimer_v3_pred_0",
        "model_1_multimer_v3_pred_0"
    ]
}