{
    "features": 155.5225076675415,
    "process_features_model_1_multimer_v3_pred_0": 9.775161743164062e-06,
    "predict_and_compile_model_1_multimer_v3_pred_0": 878.8047604560852,
    "relax_model_1_multimer_v3_pred_0": 187.4367492198944,
    "process_features_model_2_multimer_v3_pred_0": 2.574920654296875e-05,
    "predict_and_compile_model_2_multimer_v3_pred_0": 561.9804947376251,
    "relax_model_2_multimer_v3_pred_0": 180.65669775009155,
    "process_features_model_3_multimer_v3_pred_0": 5.245208740234375e-06,
    "predict_and_compile_model_3_multimer_v3_pred_0": 454.63426899909973,
    "relax_model_3_multimer_v3_pred_0": 1180.2636108398438,
    "process_features_model_4_multimer_v3_pred_0": 5.9604644775390625e-06,
    "predict_and_compile_model_4_multimer_v3_pred_0": 448.6761393547058,
    "relax_model_4_multimer_v3_pred_0": 349.3004605770111,
    "process_features_model_5_multimer_v3_pred_0": 3.123283386230469e-05,
    "predict_and_compile_model_5_multimer_v3_pred_0": 566.9416580200195,
    "relax_model_5_multimer_v3_pred_0": 260.9499135017395
}