{
    "iptm+ptm": {
        "model_1_multimer_v3_pred_0": 0.7504809895673953,
        "model_2_multimer_v3_pred_0": 0.7829845709325127,
        "model_3_multimer_v3_pred_0": 0.7597460497774366,
        "model_4_multimer_v3_pred_0": 0.8254927601368631,
        "model_5_multimer_v3_pred_0": 0.7996523940680201
    },
    "order": [
        "model_4_multimer_v3_pred_0",
        "model_5_multimer_v3_pred_0",
        "model_2_multimer_v3_pred_0",
        "model_3_multimer_v3_pred_0",
        "model_1_multimer_v3_pred_0"
    ]
}