{
    "features": 262.85323452949524,
    "process_features_model_1_multimer_v3_pred_0": 1.0728836059570312e-05,
    "predict_and_compile_model_1_multimer_v3_pred_0": 612.4247717857361,
    "relax_model_1_multimer_v3_pred_0": 168.58949732780457,
    "process_features_model_2_multimer_v3_pred_0": 3.886222839355469e-05,
    "predict_and_compile_model_2_multimer_v3_pred_0": 411.06099700927734,
    "relax_model_2_multimer_v3_pred_0": 216.0282745361328,
    "process_features_model_3_multimer_v3_pred_0": 4.2438507080078125e-05,
    "predict_and_compile_model_3_multimer_v3_pred_0": 567.7579667568207,
    "relax_model_3_multimer_v3_pred_0": 202.0239498615265,
    "process_features_model_4_multimer_v3_pred_0": 3.314018249511719e-05,
    "predict_and_compile_model_4_multimer_v3_pred_0": 407.63597774505615,
    "relax_model_4_multimer_v3_pred_0": 183.36842226982117,
    "process_features_model_5_multimer_v3_pred_0": 2.9087066650390625e-05,
    "predict_and_compile_model_5_multimer_v3_pred_0": 397.5695960521698,
    "relax_model_5_multimer_v3_pred_0": 193.8759365081787
}