{
    "iptm+ptm": {
        "model_1_multimer_v3_pred_0": 0.70616239967167,
        "model_2_multimer_v3_pred_0": 0.6929952708930603,
        "model_3_multimer_v3_pred_0": 0.715466280809615,
        "model_4_multimer_v3_pred_0": 0.725744201615967,
        "model_5_multimer_v3_pred_0": 0.7263531763544724
    },
    "order": [
        "model_5_multimer_v3_pred_0",
        "model_4_multimer_v3_pred_0",
        "model_3_multimer_v3_pred_0",
        "model_1_multimer_v3_pred_0",
        "model_2_multimer_v3_pred_0"
    ]
}