{
    "features": 161.14410376548767,
    "process_features_model_1_multimer_v3_pred_0": 1.33514404296875e-05,
    "predict_and_compile_model_1_multimer_v3_pred_0": 782.3409769535065,
    "relax_model_1_multimer_v3_pred_0": 234.33050727844238,
    "process_features_model_2_multimer_v3_pred_0": 5.7220458984375e-06,
    "predict_and_compile_model_2_multimer_v3_pred_0": 727.3476395606995,
    "relax_model_2_multimer_v3_pred_0": 397.9368305206299,
    "process_features_model_3_multimer_v3_pred_0": 6.9141387939453125e-06,
    "predict_and_compile_model_3_multimer_v3_pred_0": 577.111887216568,
    "relax_model_3_multimer_v3_pred_0": 323.35357093811035,
    "process_features_model_4_multimer_v3_pred_0": 5.7220458984375e-06,
    "predict_and_compile_model_4_multimer_v3_pred_0": 785.4895479679108,
    "relax_model_4_multimer_v3_pred_0": 334.75122261047363,
    "process_features_model_5_multimer_v3_pred_0": 7.152557373046875e-06,
    "predict_and_compile_model_5_multimer_v3_pred_0": 570.1578743457794,
    "relax_model_5_multimer_v3_pred_0": 326.8292453289032
}