{
    "iptm+ptm": {
        "model_1_multimer_v3_pred_0": 0.2715825920323527,
        "model_2_multimer_v3_pred_0": 0.2590719460570502,
        "model_3_multimer_v3_pred_0": 0.2893430653724488,
        "model_4_multimer_v3_pred_0": 0.26289033369464065,
        "model_5_multimer_v3_pred_0": 0.2880389571601586
    },
    "order": [
        "model_3_multimer_v3_pred_0",
        "model_5_multimer_v3_pred_0",
        "model_1_multimer_v3_pred_0",
        "model_4_multimer_v3_pred_0",
        "model_2_multimer_v3_pred_0"
    ]
}