{
    "features": 87.07160067558289,
    "process_features_model_1_multimer_v3_pred_0": 2.8848648071289062e-05,
    "predict_and_compile_model_1_multimer_v3_pred_0": 250.2116916179657,
    "relax_model_1_multimer_v3_pred_0": 820.5851321220398,
    "process_features_model_2_multimer_v3_pred_0": 5.9604644775390625e-06,
    "predict_and_compile_model_2_multimer_v3_pred_0": 396.4317591190338,
    "relax_model_2_multimer_v3_pred_0": 749.6660344600677,
    "process_features_model_3_multimer_v3_pred_0": 6.4373016357421875e-06,
    "predict_and_compile_model_3_multimer_v3_pred_0": 214.29949927330017,
    "relax_model_3_multimer_v3_pred_0": 800.218332529068,
    "process_features_model_4_multimer_v3_pred_0": 5.9604644775390625e-06,
    "predict_and_compile_model_4_multimer_v3_pred_0": 389.1269190311432,
    "relax_model_4_multimer_v3_pred_0": 420.10986280441284,
    "process_features_model_5_multimer_v3_pred_0": 6.9141387939453125e-06,
    "predict_and_compile_model_5_multimer_v3_pred_0": 387.7712116241455,
    "relax_model_5_multimer_v3_pred_0": 849.7924315929413
}