{
    "iptm+ptm": {
        "model_1_multimer_v3_pred_0": 0.5833960065137505,
        "model_2_multimer_v3_pred_0": 0.7063412454450171,
        "model_3_multimer_v3_pred_0": 0.7231228115991348,
        "model_4_multimer_v3_pred_0": 0.6925839928310444,
        "model_5_multimer_v3_pred_0": 0.7124684917063513
    },
    "order": [
        "model_3_multimer_v3_pred_0",
        "model_5_multimer_v3_pred_0",
        "model_2_multimer_v3_pred_0",
        "model_4_multimer_v3_pred_0",
        "model_1_multimer_v3_pred_0"
    ]
}