{
    "features": 251.91614627838135,
    "process_features_model_1_multimer_v3_pred_0": 1.0013580322265625e-05,
    "predict_and_compile_model_1_multimer_v3_pred_0": 1063.7620515823364,
    "relax_model_1_multimer_v3_pred_0": 214.5552008152008,
    "process_features_model_2_multimer_v3_pred_0": 5.245208740234375e-06,
    "predict_and_compile_model_2_multimer_v3_pred_0": 619.066534280777,
    "relax_model_2_multimer_v3_pred_0": 194.63085985183716,
    "process_features_model_3_multimer_v3_pred_0": 5.9604644775390625e-06,
    "predict_and_compile_model_3_multimer_v3_pred_0": 817.5516242980957,
    "relax_model_3_multimer_v3_pred_0": 266.8035924434662,
    "process_features_model_4_multimer_v3_pred_0": 2.956390380859375e-05,
    "predict_and_compile_model_4_multimer_v3_pred_0": 625.330470085144,
    "relax_model_4_multimer_v3_pred_0": 275.2101216316223,
    "process_features_model_5_multimer_v3_pred_0": 5.245208740234375e-06,
    "predict_and_compile_model_5_multimer_v3_pred_0": 1416.5563430786133,
    "relax_model_5_multimer_v3_pred_0": 247.03038835525513
}