{
    "iptm+ptm": {
        "model_1_multimer_v3_pred_0": 0.5219878024291238,
        "model_2_multimer_v3_pred_0": 0.5315003489526893,
        "model_3_multimer_v3_pred_0": 0.500115997101131,
        "model_4_multimer_v3_pred_0": 0.513812518084544,
        "model_5_multimer_v3_pred_0": 0.5008318600828128
    },
    "order": [
        "model_2_multimer_v3_pred_0",
        "model_1_multimer_v3_pred_0",
        "model_4_multimer_v3_pred_0",
        "model_5_multimer_v3_pred_0",
        "model_3_multimer_v3_pred_0"
    ]
}