{
    "features": 58.74440908432007,
    "process_features_model_1_multimer_v3_pred_0": 3.4809112548828125e-05,
    "predict_and_compile_model_1_multimer_v3_pred_0": 389.07554388046265,
    "relax_model_1_multimer_v3_pred_0": 267.16188645362854,
    "process_features_model_2_multimer_v3_pred_0": 9.5367431640625e-06,
    "predict_and_compile_model_2_multimer_v3_pred_0": 370.7313883304596,
    "relax_model_2_multimer_v3_pred_0": 196.46821665763855,
    "process_features_model_3_multimer_v3_pred_0": 1.0251998901367188e-05,
    "predict_and_compile_model_3_multimer_v3_pred_0": 383.52270793914795,
    "relax_model_3_multimer_v3_pred_0": 674.7397508621216,
    "process_features_model_4_multimer_v3_pred_0": 1.1205673217773438e-05,
    "predict_and_compile_model_4_multimer_v3_pred_0": 571.6025190353394,
    "relax_model_4_multimer_v3_pred_0": 210.81800532341003,
    "process_features_model_5_multimer_v3_pred_0": 1.239776611328125e-05,
    "predict_and_compile_model_5_multimer_v3_pred_0": 614.7195010185242,
    "relax_model_5_multimer_v3_pred_0": 142.65633177757263
}