{
    "iptm+ptm": {
        "model_1_multimer_v3_pred_0": 0.8313356561300396,
        "model_2_multimer_v3_pred_0": 0.8423140002296519,
        "model_3_multimer_v3_pred_0": 0.8332899976621815,
        "model_4_multimer_v3_pred_0": 0.8496857826336748,
        "model_5_multimer_v3_pred_0": 0.8372752983491574
    },
    "order": [
        "model_4_multimer_v3_pred_0",
        "model_2_multimer_v3_pred_0",
        "model_5_multimer_v3_pred_0",
        "model_3_multimer_v3_pred_0",
        "model_1_multimer_v3_pred_0"
    ]
}