{
    "features": 187.23442339897156,
    "process_features_model_1_multimer_v3_pred_0": 1.0251998901367188e-05,
    "predict_and_compile_model_1_multimer_v3_pred_0": 686.7736504077911,
    "relax_model_1_multimer_v3_pred_0": 314.46321392059326,
    "process_features_model_2_multimer_v3_pred_0": 1.71661376953125e-05,
    "predict_and_compile_model_2_multimer_v3_pred_0": 588.3517889976501,
    "relax_model_2_multimer_v3_pred_0": 224.7641885280609,
    "process_features_model_3_multimer_v3_pred_0": 6.198883056640625e-06,
    "predict_and_compile_model_3_multimer_v3_pred_0": 615.3966641426086,
    "relax_model_3_multimer_v3_pred_0": 414.3278615474701,
    "process_features_model_4_multimer_v3_pred_0": 4.5299530029296875e-06,
    "predict_and_compile_model_4_multimer_v3_pred_0": 683.4329562187195,
    "relax_model_4_multimer_v3_pred_0": 209.45147109031677,
    "process_features_model_5_multimer_v3_pred_0": 4.5299530029296875e-06,
    "predict_and_compile_model_5_multimer_v3_pred_0": 666.7989792823792,
    "relax_model_5_multimer_v3_pred_0": 242.89481210708618
}