{
    "iptm+ptm": {
        "model_1_multimer_v3_pred_0": 0.41638645698872484,
        "model_2_multimer_v3_pred_0": 0.396088086956245,
        "model_3_multimer_v3_pred_0": 0.4234795347293632,
        "model_4_multimer_v3_pred_0": 0.4511793992025498,
        "model_5_multimer_v3_pred_0": 0.4387550071569861
    },
    "order": [
        "model_4_multimer_v3_pred_0",
        "model_5_multimer_v3_pred_0",
        "model_3_multimer_v3_pred_0",
        "model_1_multimer_v3_pred_0",
        "model_2_multimer_v3_pred_0"
    ]
}