{
    "features": 635.8096446990967,
    "process_features_model_1_multimer_v3_pred_0": 2.1457672119140625e-05,
    "predict_and_compile_model_1_multimer_v3_pred_0": 1604.6876871585846,
    "relax_model_1_multimer_v3_pred_0": 937.8804891109467,
    "process_features_model_2_multimer_v3_pred_0": 2.7418136596679688e-05,
    "predict_and_compile_model_2_multimer_v3_pred_0": 1600.3810844421387,
    "relax_model_2_multimer_v3_pred_0": 724.5862674713135,
    "process_features_model_3_multimer_v3_pred_0": 4.0531158447265625e-06,
    "predict_and_compile_model_3_multimer_v3_pred_0": 1459.3004183769226,
    "relax_model_3_multimer_v3_pred_0": 916.3720417022705,
    "process_features_model_4_multimer_v3_pred_0": 2.1696090698242188e-05,
    "predict_and_compile_model_4_multimer_v3_pred_0": 1546.342610359192,
    "relax_model_4_multimer_v3_pred_0": 675.6068098545074,
    "process_features_model_5_multimer_v3_pred_0": 2.0503997802734375e-05,
    "predict_and_compile_model_5_multimer_v3_pred_0": 1550.9713881015778,
    "relax_model_5_multimer_v3_pred_0": 649.2662403583527
}