{
    "iptm+ptm": {
        "model_1_multimer_v3_pred_0": 0.44200059438406136,
        "model_2_multimer_v3_pred_0": 0.45614005865793006,
        "model_3_multimer_v3_pred_0": 0.4088768473078057,
        "model_4_multimer_v3_pred_0": 0.47380554282477993,
        "model_5_multimer_v3_pred_0": 0.3219986598378853
    },
    "order": [
        "model_4_multimer_v3_pred_0",
        "model_2_multimer_v3_pred_0",
        "model_1_multimer_v3_pred_0",
        "model_3_multimer_v3_pred_0",
        "model_5_multimer_v3_pred_0"
    ]
}