{
    "features": 262.582866191864,
    "process_features_model_1_multimer_v3_pred_0": 1.1920928955078125e-05,
    "predict_and_compile_model_1_multimer_v3_pred_0": 620.4172155857086,
    "relax_model_1_multimer_v3_pred_0": 136.36321902275085,
    "process_features_model_2_multimer_v3_pred_0": 7.3909759521484375e-06,
    "predict_and_compile_model_2_multimer_v3_pred_0": 804.5567848682404,
    "relax_model_2_multimer_v3_pred_0": 277.6377635002136,
    "process_features_model_3_multimer_v3_pred_0": 5.0067901611328125e-06,
    "predict_and_compile_model_3_multimer_v3_pred_0": 863.9325861930847,
    "relax_model_3_multimer_v3_pred_0": 243.73531794548035,
    "process_features_model_4_multimer_v3_pred_0": 8.821487426757812e-06,
    "predict_and_compile_model_4_multimer_v3_pred_0": 786.2028307914734,
    "relax_model_4_multimer_v3_pred_0": 378.9140775203705,
    "process_features_model_5_multimer_v3_pred_0": 6.4373016357421875e-06,
    "predict_and_compile_model_5_multimer_v3_pred_0": 1383.733541727066,
    "relax_model_5_multimer_v3_pred_0": 275.2296233177185
}