{
    "iptm+ptm": {
        "model_1_multimer_v3_pred_0": 0.6276296099379381,
        "model_2_multimer_v3_pred_0": 0.6389633944309203,
        "model_3_multimer_v3_pred_0": 0.6399921067426366,
        "model_4_multimer_v3_pred_0": 0.6368883351334385,
        "model_5_multimer_v3_pred_0": 0.6296407854723942
    },
    "order": [
        "model_3_multimer_v3_pred_0",
        "model_2_multimer_v3_pred_0",
        "model_4_multimer_v3_pred_0",
        "model_5_multimer_v3_pred_0",
        "model_1_multimer_v3_pred_0"
    ]
}