{
    "features": 186.77347373962402,
    "process_features_model_1_multimer_v3_pred_0": 9.5367431640625e-06,
    "predict_and_compile_model_1_multimer_v3_pred_0": 1599.8332257270813,
    "relax_model_1_multimer_v3_pred_0": 306.3509783744812,
    "process_features_model_2_multimer_v3_pred_0": 2.1696090698242188e-05,
    "predict_and_compile_model_2_multimer_v3_pred_0": 870.6864006519318,
    "relax_model_2_multimer_v3_pred_0": 686.0184693336487,
    "process_features_model_3_multimer_v3_pred_0": 4.76837158203125e-06,
    "predict_and_compile_model_3_multimer_v3_pred_0": 1346.8869395256042,
    "relax_model_3_multimer_v3_pred_0": 351.00966334342957,
    "process_features_model_4_multimer_v3_pred_0": 4.291534423828125e-06,
    "predict_and_compile_model_4_multimer_v3_pred_0": 1792.9477198123932,
    "relax_model_4_multimer_v3_pred_0": 263.25383138656616,
    "process_features_model_5_multimer_v3_pred_0": 4.291534423828125e-06,
    "predict_and_compile_model_5_multimer_v3_pred_0": 1773.1188428401947,
    "relax_model_5_multimer_v3_pred_0": 231.42685222625732
}