{
    "iptm+ptm": {
        "model_1_multimer_v3_pred_0": 0.591662216468931,
        "model_2_multimer_v3_pred_0": 0.6427719196247155,
        "model_3_multimer_v3_pred_0": 0.6148296508706408,
        "model_4_multimer_v3_pred_0": 0.6405061468878255,
        "model_5_multimer_v3_pred_0": 0.5762906358042006
    },
    "order": [
        "model_2_multimer_v3_pred_0",
        "model_4_multimer_v3_pred_0",
        "model_3_multimer_v3_pred_0",
        "model_1_multimer_v3_pred_0",
        "model_5_multimer_v3_pred_0"
    ]
}