{
    "features": 223.68760323524475,
    "process_features_model_1_multimer_v3_pred_0": 1.5974044799804688e-05,
    "predict_and_compile_model_1_multimer_v3_pred_0": 1975.4044079780579,
    "relax_model_1_multimer_v3_pred_0": 795.1058247089386,
    "process_features_model_2_multimer_v3_pred_0": 1.621246337890625e-05,
    "predict_and_compile_model_2_multimer_v3_pred_0": 1980.4025101661682,
    "relax_model_2_multimer_v3_pred_0": 1043.4039034843445,
    "process_features_model_3_multimer_v3_pred_0": 1.1920928955078125e-05,
    "predict_and_compile_model_3_multimer_v3_pred_0": 1987.5487787723541,
    "relax_model_3_multimer_v3_pred_0": 1373.6905281543732,
    "process_features_model_4_multimer_v3_pred_0": 1.3828277587890625e-05,
    "predict_and_compile_model_4_multimer_v3_pred_0": 1974.4084672927856,
    "relax_model_4_multimer_v3_pred_0": 2078.7187728881836,
    "process_features_model_5_multimer_v3_pred_0": 8.58306884765625e-06,
    "predict_and_compile_model_5_multimer_v3_pred_0": 1940.605875968933,
    "relax_model_5_multimer_v3_pred_0": 689.8152885437012
}