{
    "iptm+ptm": {
        "model_1_multimer_v3_pred_0": 0.319028735583503,
        "model_2_multimer_v3_pred_0": 0.3132835349758185,
        "model_3_multimer_v3_pred_0": 0.3670334637921706,
        "model_4_multimer_v3_pred_0": 0.33810300576696106,
        "model_5_multimer_v3_pred_0": 0.3750902158350291
    },
    "order": [
        "model_5_multimer_v3_pred_0",
        "model_3_multimer_v3_pred_0",
        "model_4_multimer_v3_pred_0",
        "model_1_multimer_v3_pred_0",
        "model_2_multimer_v3_pred_0"
    ]
}