{
    "features": 1824.9110565185547,
    "process_features_model_1_multimer_v3_pred_0": 1.0251998901367188e-05,
    "predict_and_compile_model_1_multimer_v3_pred_0": 967.5204927921295,
    "relax_model_1_multimer_v3_pred_0": 238.23586201667786,
    "process_features_model_2_multimer_v3_pred_0": 1.6927719116210938e-05,
    "predict_and_compile_model_2_multimer_v3_pred_0": 1437.0918896198273,
    "relax_model_2_multimer_v3_pred_0": 627.7199151515961,
    "process_features_model_3_multimer_v3_pred_0": 3.3855438232421875e-05,
    "predict_and_compile_model_3_multimer_v3_pred_0": 704.0059831142426,
    "relax_model_3_multimer_v3_pred_0": 1235.7804653644562,
    "process_features_model_4_multimer_v3_pred_0": 9.298324584960938e-06,
    "predict_and_compile_model_4_multimer_v3_pred_0": 1777.3472867012024,
    "relax_model_4_multimer_v3_pred_0": 411.1887264251709,
    "process_features_model_5_multimer_v3_pred_0": 1.71661376953125e-05,
    "predict_and_compile_model_5_multimer_v3_pred_0": 1069.391917705536,
    "relax_model_5_multimer_v3_pred_0": 1132.7540166378021
}