{
    "iptm+ptm": {
        "model_1_multimer_v3_pred_0": 0.7531793698732032,
        "model_2_multimer_v3_pred_0": 0.7082293025468345,
        "model_3_multimer_v3_pred_0": 0.7134476787597174,
        "model_4_multimer_v3_pred_0": 0.6177888139680084,
        "model_5_multimer_v3_pred_0": 0.66028018281936
    },
    "order": [
        "model_1_multimer_v3_pred_0",
        "model_3_multimer_v3_pred_0",
        "model_2_multimer_v3_pred_0",
        "model_5_multimer_v3_pred_0",
        "model_4_multimer_v3_pred_0"
    ]
}