{
    "features": 117.36947655677795,
    "process_features_model_1_multimer_v3_pred_0": 1.0013580322265625e-05,
    "predict_and_compile_model_1_multimer_v3_pred_0": 603.428460597992,
    "relax_model_1_multimer_v3_pred_0": 172.62584495544434,
    "process_features_model_2_multimer_v3_pred_0": 9.059906005859375e-06,
    "predict_and_compile_model_2_multimer_v3_pred_0": 964.5638298988342,
    "relax_model_2_multimer_v3_pred_0": 205.1710729598999,
    "process_features_model_3_multimer_v3_pred_0": 5.7220458984375e-06,
    "predict_and_compile_model_3_multimer_v3_pred_0": 406.0215106010437,
    "relax_model_3_multimer_v3_pred_0": 174.8377525806427,
    "process_features_model_4_multimer_v3_pred_0": 4.76837158203125e-06,
    "predict_and_compile_model_4_multimer_v3_pred_0": 648.5546255111694,
    "relax_model_4_multimer_v3_pred_0": 411.0219581127167,
    "process_features_model_5_multimer_v3_pred_0": 5.9604644775390625e-06,
    "predict_and_compile_model_5_multimer_v3_pred_0": 403.84779691696167,
    "relax_model_5_multimer_v3_pred_0": 232.1489279270172
}