{
    "iptm+ptm": {
        "model_1_multimer_v3_pred_0": 0.3805534204104327,
        "model_2_multimer_v3_pred_0": 0.4183773461088573,
        "model_3_multimer_v3_pred_0": 0.44331501146797947,
        "model_4_multimer_v3_pred_0": 0.45265393792669484,
        "model_5_multimer_v3_pred_0": 0.41708080670182457
    },
    "order": [
        "model_4_multimer_v3_pred_0",
        "model_3_multimer_v3_pred_0",
        "model_2_multimer_v3_pred_0",
        "model_5_multimer_v3_pred_0",
        "model_1_multimer_v3_pred_0"
    ]
}