{
    "features": 275.30289340019226,
    "process_features_model_1_multimer_v3_pred_0": 9.775161743164062e-06,
    "predict_and_compile_model_1_multimer_v3_pred_0": 1438.0145726203918,
    "relax_model_1_multimer_v3_pred_0": 243.91110157966614,
    "process_features_model_2_multimer_v3_pred_0": 4.291534423828125e-06,
    "predict_and_compile_model_2_multimer_v3_pred_0": 524.5605516433716,
    "relax_model_2_multimer_v3_pred_0": 303.94928884506226,
    "process_features_model_3_multimer_v3_pred_0": 4.76837158203125e-06,
    "predict_and_compile_model_3_multimer_v3_pred_0": 1130.677351474762,
    "relax_model_3_multimer_v3_pred_0": 303.5584228038788,
    "process_features_model_4_multimer_v3_pred_0": 4.291534423828125e-06,
    "predict_and_compile_model_4_multimer_v3_pred_0": 1415.556770324707,
    "relax_model_4_multimer_v3_pred_0": 323.67017436027527,
    "process_features_model_5_multimer_v3_pred_0": 5.245208740234375e-06,
    "predict_and_compile_model_5_multimer_v3_pred_0": 1409.658194065094,
    "relax_model_5_multimer_v3_pred_0": 309.96965646743774
}