{
    "iptm+ptm": {
        "model_1_multimer_v3_pred_0": 0.859160265322487,
        "model_2_multimer_v3_pred_0": 0.8180450356945906,
        "model_3_multimer_v3_pred_0": 0.8349089445158389,
        "model_4_multimer_v3_pred_0": 0.8381569319402133,
        "model_5_multimer_v3_pred_0": 0.8398147226255421
    },
    "order": [
        "model_1_multimer_v3_pred_0",
        "model_5_multimer_v3_pred_0",
        "model_4_multimer_v3_pred_0",
        "model_3_multimer_v3_pred_0",
        "model_2_multimer_v3_pred_0"
    ]
}