{
    "features": 183.62702918052673,
    "process_features_model_1_multimer_v3_pred_0": 1.71661376953125e-05,
    "predict_and_compile_model_1_multimer_v3_pred_0": 411.51089334487915,
    "relax_model_1_multimer_v3_pred_0": 367.58776450157166,
    "process_features_model_2_multimer_v3_pred_0": 6.4373016357421875e-06,
    "predict_and_compile_model_2_multimer_v3_pred_0": 423.6746275424957,
    "relax_model_2_multimer_v3_pred_0": 435.63483357429504,
    "process_features_model_3_multimer_v3_pred_0": 5.4836273193359375e-06,
    "predict_and_compile_model_3_multimer_v3_pred_0": 399.2850766181946,
    "relax_model_3_multimer_v3_pred_0": 295.6420967578888,
    "process_features_model_4_multimer_v3_pred_0": 5.7220458984375e-06,
    "predict_and_compile_model_4_multimer_v3_pred_0": 449.81531524658203,
    "relax_model_4_multimer_v3_pred_0": 329.7834897041321,
    "process_features_model_5_multimer_v3_pred_0": 5.4836273193359375e-06,
    "predict_and_compile_model_5_multimer_v3_pred_0": 399.8026514053345,
    "relax_model_5_multimer_v3_pred_0": 586.1826326847076
}