{
    "iptm+ptm": {
        "model_1_multimer_v3_pred_0": 0.6054904485030228,
        "model_2_multimer_v3_pred_0": 0.5836170794390279,
        "model_3_multimer_v3_pred_0": 0.6051833232753441,
        "model_4_multimer_v3_pred_0": 0.6591578835330635,
        "model_5_multimer_v3_pred_0": 0.593721666467751
    },
    "order": [
        "model_4_multimer_v3_pred_0",
        "model_1_multimer_v3_pred_0",
        "model_3_multimer_v3_pred_0",
        "model_5_multimer_v3_pred_0",
        "model_2_multimer_v3_pred_0"
    ]
}