{
    "features": 160.25404334068298,
    "process_features_model_1_multimer_v3_pred_0": 9.775161743164062e-06,
    "predict_and_compile_model_1_multimer_v3_pred_0": 487.33652925491333,
    "relax_model_1_multimer_v3_pred_0": 288.33776688575745,
    "process_features_model_2_multimer_v3_pred_0": 5.245208740234375e-06,
    "predict_and_compile_model_2_multimer_v3_pred_0": 417.26224660873413,
    "relax_model_2_multimer_v3_pred_0": 450.8935697078705,
    "process_features_model_3_multimer_v3_pred_0": 4.76837158203125e-06,
    "predict_and_compile_model_3_multimer_v3_pred_0": 380.4701392650604,
    "relax_model_3_multimer_v3_pred_0": 248.2513108253479,
    "process_features_model_4_multimer_v3_pred_0": 2.09808349609375e-05,
    "predict_and_compile_model_4_multimer_v3_pred_0": 487.95813822746277,
    "relax_model_4_multimer_v3_pred_0": 170.15730690956116,
    "process_features_model_5_multimer_v3_pred_0": 4.76837158203125e-06,
    "predict_and_compile_model_5_multimer_v3_pred_0": 629.8954110145569,
    "relax_model_5_multimer_v3_pred_0": 289.14467906951904
}