{
    "iptm+ptm": {
        "model_1_multimer_v3_pred_0": 0.8461532169555035,
        "model_2_multimer_v3_pred_0": 0.8637760974663937,
        "model_3_multimer_v3_pred_0": 0.8450639887891966,
        "model_4_multimer_v3_pred_0": 0.8337226817787114,
        "model_5_multimer_v3_pred_0": 0.8524691460730742
    },
    "order": [
        "model_2_multimer_v3_pred_0",
        "model_5_multimer_v3_pred_0",
        "model_1_multimer_v3_pred_0",
        "model_3_multimer_v3_pred_0",
        "model_4_multimer_v3_pred_0"
    ]
}