{
    "features": 206.55614972114563,
    "process_features_model_1_multimer_v3_pred_0": 1.049041748046875e-05,
    "predict_and_compile_model_1_multimer_v3_pred_0": 574.0695610046387,
    "relax_model_1_multimer_v3_pred_0": 316.6486623287201,
    "process_features_model_2_multimer_v3_pred_0": 1.1444091796875e-05,
    "predict_and_compile_model_2_multimer_v3_pred_0": 598.9145991802216,
    "relax_model_2_multimer_v3_pred_0": 323.39742136001587,
    "process_features_model_3_multimer_v3_pred_0": 8.344650268554688e-06,
    "predict_and_compile_model_3_multimer_v3_pred_0": 452.92532777786255,
    "relax_model_3_multimer_v3_pred_0": 645.3954517841339,
    "process_features_model_4_multimer_v3_pred_0": 2.8848648071289062e-05,
    "predict_and_compile_model_4_multimer_v3_pred_0": 576.8986003398895,
    "relax_model_4_multimer_v3_pred_0": 473.328732252121,
    "process_features_model_5_multimer_v3_pred_0": 5.9604644775390625e-06,
    "predict_and_compile_model_5_multimer_v3_pred_0": 650.5381989479065,
    "relax_model_5_multimer_v3_pred_0": 316.1916036605835
}