{
    "iptm+ptm": {
        "model_1_multimer_v3_pred_0": 0.576974907673379,
        "model_2_multimer_v3_pred_0": 0.6288883080792166,
        "model_3_multimer_v3_pred_0": 0.612795930963187,
        "model_4_multimer_v3_pred_0": 0.6135511121049814,
        "model_5_multimer_v3_pred_0": 0.6517077694572261
    },
    "order": [
        "model_5_multimer_v3_pred_0",
        "model_2_multimer_v3_pred_0",
        "model_4_multimer_v3_pred_0",
        "model_3_multimer_v3_pred_0",
        "model_1_multimer_v3_pred_0"
    ]
}