{
    "features": 240.12228798866272,
    "process_features_model_1_multimer_v3_pred_0": 1.0251998901367188e-05,
    "predict_and_compile_model_1_multimer_v3_pred_0": 1081.7904307842255,
    "relax_model_1_multimer_v3_pred_0": 340.54083251953125,
    "process_features_model_2_multimer_v3_pred_0": 5.4836273193359375e-06,
    "predict_and_compile_model_2_multimer_v3_pred_0": 763.9804122447968,
    "relax_model_2_multimer_v3_pred_0": 449.7888295650482,
    "process_features_model_3_multimer_v3_pred_0": 2.9802322387695312e-05,
    "predict_and_compile_model_3_multimer_v3_pred_0": 649.2321531772614,
    "relax_model_3_multimer_v3_pred_0": 938.0245108604431,
    "process_features_model_4_multimer_v3_pred_0": 6.67572021484375e-06,
    "predict_and_compile_model_4_multimer_v3_pred_0": 1123.1991293430328,
    "relax_model_4_multimer_v3_pred_0": 275.4465446472168,
    "process_features_model_5_multimer_v3_pred_0": 8.821487426757812e-06,
    "predict_and_compile_model_5_multimer_v3_pred_0": 1110.4600718021393,
    "relax_model_5_multimer_v3_pred_0": 181.74856662750244
}