{
    "iptm+ptm": {
        "model_1_multimer_v3_pred_0": 0.726242831722835,
        "model_2_multimer_v3_pred_0": 0.7290879326199133,
        "model_3_multimer_v3_pred_0": 0.7134872720021215,
        "model_4_multimer_v3_pred_0": 0.7002768203110086,
        "model_5_multimer_v3_pred_0": 0.7192787985207155
    },
    "order": [
        "model_2_multimer_v3_pred_0",
        "model_1_multimer_v3_pred_0",
        "model_5_multimer_v3_pred_0",
        "model_3_multimer_v3_pred_0",
        "model_4_multimer_v3_pred_0"
    ]
}