{
    "features": 246.7832863330841,
    "process_features_model_1_multimer_v3_pred_0": 1.4781951904296875e-05,
    "predict_and_compile_model_1_multimer_v3_pred_0": 1375.9757750034332,
    "relax_model_1_multimer_v3_pred_0": 214.89618492126465,
    "process_features_model_2_multimer_v3_pred_0": 4.76837158203125e-06,
    "predict_and_compile_model_2_multimer_v3_pred_0": 552.8035480976105,
    "relax_model_2_multimer_v3_pred_0": 186.88774156570435,
    "process_features_model_3_multimer_v3_pred_0": 3.8623809814453125e-05,
    "predict_and_compile_model_3_multimer_v3_pred_0": 1376.943131685257,
    "relax_model_3_multimer_v3_pred_0": 289.56399035453796,
    "process_features_model_4_multimer_v3_pred_0": 5.9604644775390625e-06,
    "predict_and_compile_model_4_multimer_v3_pred_0": 624.777910232544,
    "relax_model_4_multimer_v3_pred_0": 278.97551560401917,
    "process_features_model_5_multimer_v3_pred_0": 4.76837158203125e-06,
    "predict_and_compile_model_5_multimer_v3_pred_0": 1335.6614549160004,
    "relax_model_5_multimer_v3_pred_0": 198.08742785453796
}