{
    "iptm+ptm": {
        "model_1_multimer_v3_pred_0": 0.8268791334360698,
        "model_2_multimer_v3_pred_0": 0.8094265969162426,
        "model_3_multimer_v3_pred_0": 0.8188239525048815,
        "model_4_multimer_v3_pred_0": 0.8347707356047303,
        "model_5_multimer_v3_pred_0": 0.8281669291524422
    },
    "order": [
        "model_4_multimer_v3_pred_0",
        "model_5_multimer_v3_pred_0",
        "model_1_multimer_v3_pred_0",
        "model_3_multimer_v3_pred_0",
        "model_2_multimer_v3_pred_0"
    ]
}