{
    "features": 488.7743430137634,
    "process_features_model_1_multimer_v3_pred_0": 1.1920928955078125e-05,
    "predict_and_compile_model_1_multimer_v3_pred_0": 1751.9040620326996,
    "relax_model_1_multimer_v3_pred_0": 1613.2908298969269,
    "process_features_model_2_multimer_v3_pred_0": 5.4836273193359375e-06,
    "predict_and_compile_model_2_multimer_v3_pred_0": 1934.4675455093384,
    "relax_model_2_multimer_v3_pred_0": 1865.398191690445,
    "process_features_model_3_multimer_v3_pred_0": 2.6226043701171875e-05,
    "predict_and_compile_model_3_multimer_v3_pred_0": 1942.7628889083862,
    "relax_model_3_multimer_v3_pred_0": 628.9253234863281,
    "process_features_model_4_multimer_v3_pred_0": 5.7220458984375e-06,
    "predict_and_compile_model_4_multimer_v3_pred_0": 3842.921582698822,
    "relax_model_4_multimer_v3_pred_0": 2135.2504398822784,
    "process_features_model_5_multimer_v3_pred_0": 5.0067901611328125e-06,
    "predict_and_compile_model_5_multimer_v3_pred_0": 1732.9545814990997,
    "relax_model_5_multimer_v3_pred_0": 1247.7190985679626
}