{
    "iptm+ptm": {
        "model_1_multimer_v3_pred_0": 0.5282017079925615,
        "model_2_multimer_v3_pred_0": 0.5257651465593174,
        "model_3_multimer_v3_pred_0": 0.5564894965910011,
        "model_4_multimer_v3_pred_0": 0.5184940095241586,
        "model_5_multimer_v3_pred_0": 0.5207039936441258
    },
    "order": [
        "model_3_multimer_v3_pred_0",
        "model_1_multimer_v3_pred_0",
        "model_2_multimer_v3_pred_0",
        "model_5_multimer_v3_pred_0",
        "model_4_multimer_v3_pred_0"
    ]
}