{
    "features": 273.5911431312561,
    "process_features_model_1_multimer_v3_pred_0": 2.9087066650390625e-05,
    "predict_and_compile_model_1_multimer_v3_pred_0": 1689.0529079437256,
    "relax_model_1_multimer_v3_pred_0": 434.8460454940796,
    "process_features_model_2_multimer_v3_pred_0": 5.7220458984375e-06,
    "predict_and_compile_model_2_multimer_v3_pred_0": 1382.9843273162842,
    "relax_model_2_multimer_v3_pred_0": 336.52110838890076,
    "process_features_model_3_multimer_v3_pred_0": 5.9604644775390625e-06,
    "predict_and_compile_model_3_multimer_v3_pred_0": 1674.3204896450043,
    "relax_model_3_multimer_v3_pred_0": 704.3342249393463,
    "process_features_model_4_multimer_v3_pred_0": 1.0728836059570312e-05,
    "predict_and_compile_model_4_multimer_v3_pred_0": 1647.0359046459198,
    "relax_model_4_multimer_v3_pred_0": 413.50634360313416,
    "process_features_model_5_multimer_v3_pred_0": 5.9604644775390625e-06,
    "predict_and_compile_model_5_multimer_v3_pred_0": 1634.3149638175964,
    "relax_model_5_multimer_v3_pred_0": 201.66101384162903
}