{
    "iptm+ptm": {
        "model_1_multimer_v3_pred_0": 0.6135493504612579,
        "model_2_multimer_v3_pred_0": 0.8578562189664676,
        "model_3_multimer_v3_pred_0": 0.6751703539106602,
        "model_4_multimer_v3_pred_0": 0.6185017617577583,
        "model_5_multimer_v3_pred_0": 0.6380583543873667
    },
    "order": [
        "model_2_multimer_v3_pred_0",
        "model_3_multimer_v3_pred_0",
        "model_5_multimer_v3_pred_0",
        "model_4_multimer_v3_pred_0",
        "model_1_multimer_v3_pred_0"
    ]
}