{
    "features": 208.28853702545166,
    "process_features_model_1_multimer_v3_pred_0": 3.337860107421875e-05,
    "predict_and_compile_model_1_multimer_v3_pred_0": 656.5266811847687,
    "relax_model_1_multimer_v3_pred_0": 222.5289430618286,
    "process_features_model_2_multimer_v3_pred_0": 5.9604644775390625e-06,
    "predict_and_compile_model_2_multimer_v3_pred_0": 1005.1398746967316,
    "relax_model_2_multimer_v3_pred_0": 740.1186759471893,
    "process_features_model_3_multimer_v3_pred_0": 6.9141387939453125e-06,
    "predict_and_compile_model_3_multimer_v3_pred_0": 924.6879057884216,
    "relax_model_3_multimer_v3_pred_0": 251.769047498703,
    "process_features_model_4_multimer_v3_pred_0": 5.4836273193359375e-06,
    "predict_and_compile_model_4_multimer_v3_pred_0": 549.6200411319733,
    "relax_model_4_multimer_v3_pred_0": 356.1366837024689,
    "process_features_model_5_multimer_v3_pred_0": 6.198883056640625e-06,
    "predict_and_compile_model_5_multimer_v3_pred_0": 1229.5100944042206,
    "relax_model_5_multimer_v3_pred_0": 797.6634058952332
}