{
    "iptm+ptm": {
        "model_1_multimer_v3_pred_0": 0.789668922529702,
        "model_2_multimer_v3_pred_0": 0.7831712974047939,
        "model_3_multimer_v3_pred_0": 0.7691961316059815,
        "model_4_multimer_v3_pred_0": 0.7864338109570868,
        "model_5_multimer_v3_pred_0": 0.7756285125837467
    },
    "order": [
        "model_1_multimer_v3_pred_0",
        "model_4_multimer_v3_pred_0",
        "model_2_multimer_v3_pred_0",
        "model_5_multimer_v3_pred_0",
        "model_3_multimer_v3_pred_0"
    ]
}