{
    "features": 171.71742296218872,
    "process_features_model_1_multimer_v3_pred_0": 3.743171691894531e-05,
    "predict_and_compile_model_1_multimer_v3_pred_0": 810.8377690315247,
    "relax_model_1_multimer_v3_pred_0": 306.5540134906769,
    "process_features_model_2_multimer_v3_pred_0": 1.2159347534179688e-05,
    "predict_and_compile_model_2_multimer_v3_pred_0": 493.92726588249207,
    "relax_model_2_multimer_v3_pred_0": 186.43672490119934,
    "process_features_model_3_multimer_v3_pred_0": 9.298324584960938e-06,
    "predict_and_compile_model_3_multimer_v3_pred_0": 1213.0321424007416,
    "relax_model_3_multimer_v3_pred_0": 1517.7278151512146,
    "process_features_model_4_multimer_v3_pred_0": 2.0265579223632812e-05,
    "predict_and_compile_model_4_multimer_v3_pred_0": 828.3062267303467,
    "relax_model_4_multimer_v3_pred_0": 229.1613962650299,
    "process_features_model_5_multimer_v3_pred_0": 1.0251998901367188e-05,
    "predict_and_compile_model_5_multimer_v3_pred_0": 549.998473405838,
    "relax_model_5_multimer_v3_pred_0": 247.29607224464417
}