{
    "iptm+ptm": {
        "model_1_multimer_v3_pred_0": 0.28754420248293383,
        "model_2_multimer_v3_pred_0": 0.2561427931184512,
        "model_3_multimer_v3_pred_0": 0.32352647548160474,
        "model_4_multimer_v3_pred_0": 0.259574240476628,
        "model_5_multimer_v3_pred_0": 0.22717956457500743
    },
    "order": [
        "model_3_multimer_v3_pred_0",
        "model_1_multimer_v3_pred_0",
        "model_4_multimer_v3_pred_0",
        "model_2_multimer_v3_pred_0",
        "model_5_multimer_v3_pred_0"
    ]
}