{
    "features": 116.9203953742981,
    "process_features_model_1_multimer_v3_pred_0": 1.6450881958007812e-05,
    "predict_and_compile_model_1_multimer_v3_pred_0": 679.2992615699768,
    "relax_model_1_multimer_v3_pred_0": 308.15122079849243,
    "process_features_model_2_multimer_v3_pred_0": 5.9604644775390625e-06,
    "predict_and_compile_model_2_multimer_v3_pred_0": 1080.1948370933533,
    "relax_model_2_multimer_v3_pred_0": 346.7761962413788,
    "process_features_model_3_multimer_v3_pred_0": 5.4836273193359375e-06,
    "predict_and_compile_model_3_multimer_v3_pred_0": 1506.295470714569,
    "relax_model_3_multimer_v3_pred_0": 546.3684434890747,
    "process_features_model_4_multimer_v3_pred_0": 5.4836273193359375e-06,
    "predict_and_compile_model_4_multimer_v3_pred_0": 1456.1258056163788,
    "relax_model_4_multimer_v3_pred_0": 942.9520945549011,
    "process_features_model_5_multimer_v3_pred_0": 4.5299530029296875e-06,
    "predict_and_compile_model_5_multimer_v3_pred_0": 1440.067532300949,
    "relax_model_5_multimer_v3_pred_0": 801.687967300415
}