{
    "iptm+ptm": {
        "model_1_multimer_v3_pred_0": 0.7290677111557982,
        "model_2_multimer_v3_pred_0": 0.7113168357944312,
        "model_3_multimer_v3_pred_0": 0.7442053179672208,
        "model_4_multimer_v3_pred_0": 0.6944088397136015,
        "model_5_multimer_v3_pred_0": 0.8269718446886325
    },
    "order": [
        "model_5_multimer_v3_pred_0",
        "model_3_multimer_v3_pred_0",
        "model_1_multimer_v3_pred_0",
        "model_2_multimer_v3_pred_0",
        "model_4_multimer_v3_pred_0"
    ]
}