{
    "features": 273.8911533355713,
    "process_features_model_1_multimer_v3_pred_0": 1.049041748046875e-05,
    "predict_and_compile_model_1_multimer_v3_pred_0": 938.5801932811737,
    "relax_model_1_multimer_v3_pred_0": 400.5406811237335,
    "process_features_model_2_multimer_v3_pred_0": 1.4543533325195312e-05,
    "predict_and_compile_model_2_multimer_v3_pred_0": 830.7300353050232,
    "relax_model_2_multimer_v3_pred_0": 257.20232820510864,
    "process_features_model_3_multimer_v3_pred_0": 2.7179718017578125e-05,
    "predict_and_compile_model_3_multimer_v3_pred_0": 551.8031568527222,
    "relax_model_3_multimer_v3_pred_0": 258.42657947540283,
    "process_features_model_4_multimer_v3_pred_0": 5.245208740234375e-06,
    "predict_and_compile_model_4_multimer_v3_pred_0": 1317.2716512680054,
    "relax_model_4_multimer_v3_pred_0": 186.36529445648193,
    "process_features_model_5_multimer_v3_pred_0": 9.5367431640625e-06,
    "predict_and_compile_model_5_multimer_v3_pred_0": 813.4331209659576,
    "relax_model_5_multimer_v3_pred_0": 179.65983390808105
}