{
    "iptm+ptm": {
        "model_1_multimer_v3_pred_0": 0.6665620346904773,
        "model_2_multimer_v3_pred_0": 0.5996589271853233,
        "model_3_multimer_v3_pred_0": 0.6162425502970019,
        "model_4_multimer_v3_pred_0": 0.6220210734457348,
        "model_5_multimer_v3_pred_0": 0.6184556052023609
    },
    "order": [
        "model_1_multimer_v3_pred_0",
        "model_4_multimer_v3_pred_0",
        "model_5_multimer_v3_pred_0",
        "model_3_multimer_v3_pred_0",
        "model_2_multimer_v3_pred_0"
    ]
}