{
    "features": 369.6279971599579,
    "process_features_model_1_multimer_v3_pred_0": 1.0251998901367188e-05,
    "predict_and_compile_model_1_multimer_v3_pred_0": 811.8570659160614,
    "relax_model_1_multimer_v3_pred_0": 485.7198085784912,
    "process_features_model_2_multimer_v3_pred_0": 1.4781951904296875e-05,
    "predict_and_compile_model_2_multimer_v3_pred_0": 1214.8211526870728,
    "relax_model_2_multimer_v3_pred_0": 858.6830804347992,
    "process_features_model_3_multimer_v3_pred_0": 3.719329833984375e-05,
    "predict_and_compile_model_3_multimer_v3_pred_0": 694.1668846607208,
    "relax_model_3_multimer_v3_pred_0": 1003.263453245163,
    "process_features_model_4_multimer_v3_pred_0": 2.7418136596679688e-05,
    "predict_and_compile_model_4_multimer_v3_pred_0": 788.967077255249,
    "relax_model_4_multimer_v3_pred_0": 395.3669271469116,
    "process_features_model_5_multimer_v3_pred_0": 4.267692565917969e-05,
    "predict_and_compile_model_5_multimer_v3_pred_0": 682.3300983905792,
    "relax_model_5_multimer_v3_pred_0": 219.68087434768677
}