{
    "iptm+ptm": {
        "model_1_multimer_v3_pred_0": 0.8122789118737218,
        "model_2_multimer_v3_pred_0": 0.8301981508154084,
        "model_3_multimer_v3_pred_0": 0.8192649137937419,
        "model_4_multimer_v3_pred_0": 0.685388087622849,
        "model_5_multimer_v3_pred_0": 0.8340360291171364
    },
    "order": [
        "model_5_multimer_v3_pred_0",
        "model_2_multimer_v3_pred_0",
        "model_3_multimer_v3_pred_0",
        "model_1_multimer_v3_pred_0",
        "model_4_multimer_v3_pred_0"
    ]
}