{
    "features": 190.8234508037567,
    "process_features_model_1_multimer_v3_pred_0": 3.504753112792969e-05,
    "predict_and_compile_model_1_multimer_v3_pred_0": 834.0713493824005,
    "relax_model_1_multimer_v3_pred_0": 163.95111417770386,
    "process_features_model_2_multimer_v3_pred_0": 5.0067901611328125e-06,
    "predict_and_compile_model_2_multimer_v3_pred_0": 654.102132320404,
    "relax_model_2_multimer_v3_pred_0": 283.060662984848,
    "process_features_model_3_multimer_v3_pred_0": 4.5299530029296875e-06,
    "predict_and_compile_model_3_multimer_v3_pred_0": 645.9748554229736,
    "relax_model_3_multimer_v3_pred_0": 200.22820448875427,
    "process_features_model_4_multimer_v3_pred_0": 5.9604644775390625e-06,
    "predict_and_compile_model_4_multimer_v3_pred_0": 1157.5550513267517,
    "relax_model_4_multimer_v3_pred_0": 427.26178216934204,
    "process_features_model_5_multimer_v3_pred_0": 6.67572021484375e-06,
    "predict_and_compile_model_5_multimer_v3_pred_0": 1327.5021529197693,
    "relax_model_5_multimer_v3_pred_0": 214.34725832939148
}