{
    "iptm+ptm": {
        "model_1_multimer_v3_pred_0": 0.33579258836130554,
        "model_2_multimer_v3_pred_0": 0.41762761727916475,
        "model_3_multimer_v3_pred_0": 0.47363849114391204,
        "model_4_multimer_v3_pred_0": 0.38872986130089254,
        "model_5_multimer_v3_pred_0": 0.5123469115740834
    },
    "order": [
        "model_5_multimer_v3_pred_0",
        "model_3_multimer_v3_pred_0",
        "model_2_multimer_v3_pred_0",
        "model_4_multimer_v3_pred_0",
        "model_1_multimer_v3_pred_0"
    ]
}