{
    "features": 145.4439618587494,
    "process_features_model_1_multimer_v3_pred_0": 2.0742416381835938e-05,
    "predict_and_compile_model_1_multimer_v3_pred_0": 218.33560705184937,
    "relax_model_1_multimer_v3_pred_0": 342.78838896751404,
    "process_features_model_2_multimer_v3_pred_0": 5.0067901611328125e-06,
    "predict_and_compile_model_2_multimer_v3_pred_0": 216.35931253433228,
    "relax_model_2_multimer_v3_pred_0": 378.0059061050415,
    "process_features_model_3_multimer_v3_pred_0": 7.867813110351562e-06,
    "predict_and_compile_model_3_multimer_v3_pred_0": 217.66626000404358,
    "relax_model_3_multimer_v3_pred_0": 557.2531850337982,
    "process_features_model_4_multimer_v3_pred_0": 5.0067901611328125e-06,
    "predict_and_compile_model_4_multimer_v3_pred_0": 213.19532942771912,
    "relax_model_4_multimer_v3_pred_0": 177.01456689834595,
    "process_features_model_5_multimer_v3_pred_0": 6.198883056640625e-06,
    "predict_and_compile_model_5_multimer_v3_pred_0": 212.70016169548035,
    "relax_model_5_multimer_v3_pred_0": 175.5345060825348
}