{
    "iptm+ptm": {
        "model_1_multimer_v3_pred_0": 0.6181739361252152,
        "model_2_multimer_v3_pred_0": 0.6268686662951656,
        "model_3_multimer_v3_pred_0": 0.3894198880878792,
        "model_4_multimer_v3_pred_0": 0.4402357725760272,
        "model_5_multimer_v3_pred_0": 0.5738194001660637
    },
    "order": [
        "model_2_multimer_v3_pred_0",
        "model_1_multimer_v3_pred_0",
        "model_5_multimer_v3_pred_0",
        "model_4_multimer_v3_pred_0",
        "model_3_multimer_v3_pred_0"
    ]
}