{
    "features": 5336.166977643967,
    "process_features_model_1_multimer_v3_pred_0": 2.8133392333984375e-05,
    "predict_and_compile_model_1_multimer_v3_pred_0": 1270.8546478748322,
    "relax_model_1_multimer_v3_pred_0": 167.048442363739,
    "process_features_model_2_multimer_v3_pred_0": 1.0013580322265625e-05,
    "predict_and_compile_model_2_multimer_v3_pred_0": 1515.0151720046997,
    "relax_model_2_multimer_v3_pred_0": 506.98955607414246,
    "process_features_model_3_multimer_v3_pred_0": 2.0742416381835938e-05,
    "predict_and_compile_model_3_multimer_v3_pred_0": 1516.757643699646,
    "relax_model_3_multimer_v3_pred_0": 415.2210867404938,
    "process_features_model_4_multimer_v3_pred_0": 9.298324584960938e-06,
    "predict_and_compile_model_4_multimer_v3_pred_0": 1173.7234477996826,
    "relax_model_4_multimer_v3_pred_0": 537.9465570449829,
    "process_features_model_5_multimer_v3_pred_0": 9.5367431640625e-06,
    "predict_and_compile_model_5_multimer_v3_pred_0": 1504.8965718746185,
    "relax_model_5_multimer_v3_pred_0": 249.21497440338135
}