{
    "iptm+ptm": {
        "model_1_multimer_v3_pred_0": 0.8367830847578436,
        "model_2_multimer_v3_pred_0": 0.769097503280601,
        "model_3_multimer_v3_pred_0": 0.7447704665197336,
        "model_4_multimer_v3_pred_0": 0.7853418269240969,
        "model_5_multimer_v3_pred_0": 0.7815090785543546
    },
    "order": [
        "model_1_multimer_v3_pred_0",
        "model_4_multimer_v3_pred_0",
        "model_5_multimer_v3_pred_0",
        "model_2_multimer_v3_pred_0",
        "model_3_multimer_v3_pred_0"
    ]
}