{
    "features": 203.23441624641418,
    "process_features_model_1_multimer_v3_pred_0": 2.2649765014648438e-05,
    "predict_and_compile_model_1_multimer_v3_pred_0": 1372.575159072876,
    "relax_model_1_multimer_v3_pred_0": 447.3447971343994,
    "process_features_model_2_multimer_v3_pred_0": 2.288818359375e-05,
    "predict_and_compile_model_2_multimer_v3_pred_0": 1878.548390865326,
    "relax_model_2_multimer_v3_pred_0": 1243.336179971695,
    "process_features_model_3_multimer_v3_pred_0": 6.9141387939453125e-06,
    "predict_and_compile_model_3_multimer_v3_pred_0": 1304.6595876216888,
    "relax_model_3_multimer_v3_pred_0": 494.49592328071594,
    "process_features_model_4_multimer_v3_pred_0": 3.4809112548828125e-05,
    "predict_and_compile_model_4_multimer_v3_pred_0": 1817.2586257457733,
    "relax_model_4_multimer_v3_pred_0": 290.5857300758362,
    "process_features_model_5_multimer_v3_pred_0": 2.384185791015625e-05,
    "predict_and_compile_model_5_multimer_v3_pred_0": 1786.9389083385468,
    "relax_model_5_multimer_v3_pred_0": 275.1924262046814
}