{
    "iptm+ptm": {
        "model_1_multimer_v3_pred_0": 0.7408539392175,
        "model_2_multimer_v3_pred_0": 0.7810009543659518,
        "model_3_multimer_v3_pred_0": 0.7719710537057245,
        "model_4_multimer_v3_pred_0": 0.7473102644575002,
        "model_5_multimer_v3_pred_0": 0.7788679151532572
    },
    "order": [
        "model_2_multimer_v3_pred_0",
        "model_5_multimer_v3_pred_0",
        "model_3_multimer_v3_pred_0",
        "model_4_multimer_v3_pred_0",
        "model_1_multimer_v3_pred_0"
    ]
}