{
    "features": 317.7009286880493,
    "process_features_model_1_multimer_v3_pred_0": 9.298324584960938e-06,
    "predict_and_compile_model_1_multimer_v3_pred_0": 573.007905960083,
    "relax_model_1_multimer_v3_pred_0": 156.51529097557068,
    "process_features_model_2_multimer_v3_pred_0": 2.2411346435546875e-05,
    "predict_and_compile_model_2_multimer_v3_pred_0": 456.18595790863037,
    "relax_model_2_multimer_v3_pred_0": 182.749680519104,
    "process_features_model_3_multimer_v3_pred_0": 1.0013580322265625e-05,
    "predict_and_compile_model_3_multimer_v3_pred_0": 411.88275599479675,
    "relax_model_3_multimer_v3_pred_0": 194.37850093841553,
    "process_features_model_4_multimer_v3_pred_0": 3.743171691894531e-05,
    "predict_and_compile_model_4_multimer_v3_pred_0": 411.2019648551941,
    "relax_model_4_multimer_v3_pred_0": 221.46705603599548,
    "process_features_model_5_multimer_v3_pred_0": 9.298324584960938e-06,
    "predict_and_compile_model_5_multimer_v3_pred_0": 425.9418361186981,
    "relax_model_5_multimer_v3_pred_0": 165.9922525882721
}