{
    "iptm+ptm": {
        "model_1_multimer_v3_pred_0": 0.8886698641205797,
        "model_2_multimer_v3_pred_0": 0.8799898831680966,
        "model_3_multimer_v3_pred_0": 0.8692561390100003,
        "model_4_multimer_v3_pred_0": 0.8452442574423816,
        "model_5_multimer_v3_pred_0": 0.8277746190097861
    },
    "order": [
        "model_1_multimer_v3_pred_0",
        "model_2_multimer_v3_pred_0",
        "model_3_multimer_v3_pred_0",
        "model_4_multimer_v3_pred_0",
        "model_5_multimer_v3_pred_0"
    ]
}