{
    "features": 270.3530740737915,
    "process_features_model_1_multimer_v3_pred_0": 1.6450881958007812e-05,
    "predict_and_compile_model_1_multimer_v3_pred_0": 620.3040771484375,
    "relax_model_1_multimer_v3_pred_0": 201.53255581855774,
    "process_features_model_2_multimer_v3_pred_0": 5.364418029785156e-05,
    "predict_and_compile_model_2_multimer_v3_pred_0": 769.3494641780853,
    "relax_model_2_multimer_v3_pred_0": 234.88194513320923,
    "process_features_model_3_multimer_v3_pred_0": 2.5272369384765625e-05,
    "predict_and_compile_model_3_multimer_v3_pred_0": 470.4683954715729,
    "relax_model_3_multimer_v3_pred_0": 253.39308428764343,
    "process_features_model_4_multimer_v3_pred_0": 3.1948089599609375e-05,
    "predict_and_compile_model_4_multimer_v3_pred_0": 520.0298981666565,
    "relax_model_4_multimer_v3_pred_0": 231.64375829696655,
    "process_features_model_5_multimer_v3_pred_0": 5.7220458984375e-06,
    "predict_and_compile_model_5_multimer_v3_pred_0": 756.9364490509033,
    "relax_model_5_multimer_v3_pred_0": 245.2398600578308
}