{
    "iptm+ptm": {
        "model_1_multimer_v3_pred_0": 0.7953529339970705,
        "model_2_multimer_v3_pred_0": 0.8037326551202946,
        "model_3_multimer_v3_pred_0": 0.8175055009477514,
        "model_4_multimer_v3_pred_0": 0.8109745405763773,
        "model_5_multimer_v3_pred_0": 0.8014449973158375
    },
    "order": [
        "model_3_multimer_v3_pred_0",
        "model_4_multimer_v3_pred_0",
        "model_2_multimer_v3_pred_0",
        "model_5_multimer_v3_pred_0",
        "model_1_multimer_v3_pred_0"
    ]
}