{
    "features": 243.82602047920227,
    "process_features_model_1_multimer_v3_pred_0": 1.1444091796875e-05,
    "predict_and_compile_model_1_multimer_v3_pred_0": 498.03087615966797,
    "relax_model_1_multimer_v3_pred_0": 858.1092929840088,
    "process_features_model_2_multimer_v3_pred_0": 5.4836273193359375e-06,
    "predict_and_compile_model_2_multimer_v3_pred_0": 494.42088174819946,
    "relax_model_2_multimer_v3_pred_0": 352.31758737564087,
    "process_features_model_3_multimer_v3_pred_0": 7.867813110351562e-06,
    "predict_and_compile_model_3_multimer_v3_pred_0": 502.67300486564636,
    "relax_model_3_multimer_v3_pred_0": 642.6342141628265,
    "process_features_model_4_multimer_v3_pred_0": 5.245208740234375e-06,
    "predict_and_compile_model_4_multimer_v3_pred_0": 514.2419400215149,
    "relax_model_4_multimer_v3_pred_0": 819.3184514045715,
    "process_features_model_5_multimer_v3_pred_0": 4.5299530029296875e-06,
    "predict_and_compile_model_5_multimer_v3_pred_0": 478.0000488758087,
    "relax_model_5_multimer_v3_pred_0": 558.5044946670532
}