{
    "iptm+ptm": {
        "model_1_multimer_v3_pred_0": 0.8751501064561411,
        "model_2_multimer_v3_pred_0": 0.8776434168573135,
        "model_3_multimer_v3_pred_0": 0.8872504524849424,
        "model_4_multimer_v3_pred_0": 0.885551737176249,
        "model_5_multimer_v3_pred_0": 0.8815767396986146
    },
    "order": [
        "model_3_multimer_v3_pred_0",
        "model_4_multimer_v3_pred_0",
        "model_5_multimer_v3_pred_0",
        "model_2_multimer_v3_pred_0",
        "model_1_multimer_v3_pred_0"
    ]
}