{
    "features": 162.6193552017212,
    "process_features_model_1_multimer_v3_pred_0": 7.867813110351562e-05,
    "predict_and_compile_model_1_multimer_v3_pred_0": 1370.8112313747406,
    "relax_model_1_multimer_v3_pred_0": 212.3524932861328,
    "process_features_model_2_multimer_v3_pred_0": 2.3126602172851562e-05,
    "predict_and_compile_model_2_multimer_v3_pred_0": 1369.4998364448547,
    "relax_model_2_multimer_v3_pred_0": 237.4434461593628,
    "process_features_model_3_multimer_v3_pred_0": 7.3909759521484375e-06,
    "predict_and_compile_model_3_multimer_v3_pred_0": 1371.8223025798798,
    "relax_model_3_multimer_v3_pred_0": 303.35896611213684,
    "process_features_model_4_multimer_v3_pred_0": 1.049041748046875e-05,
    "predict_and_compile_model_4_multimer_v3_pred_0": 562.6243572235107,
    "relax_model_4_multimer_v3_pred_0": 237.21488428115845,
    "process_features_model_5_multimer_v3_pred_0": 3.314018249511719e-05,
    "predict_and_compile_model_5_multimer_v3_pred_0": 1363.0090930461884,
    "relax_model_5_multimer_v3_pred_0": 359.005553483963
}