{
    "iptm+ptm": {
        "model_1_multimer_v3_pred_0": 0.7886200987172923,
        "model_2_multimer_v3_pred_0": 0.6246246032475944,
        "model_3_multimer_v3_pred_0": 0.6421266878574214,
        "model_4_multimer_v3_pred_0": 0.7925931312001044,
        "model_5_multimer_v3_pred_0": 0.8233420222963295
    },
    "order": [
        "model_5_multimer_v3_pred_0",
        "model_4_multimer_v3_pred_0",
        "model_1_multimer_v3_pred_0",
        "model_3_multimer_v3_pred_0",
        "model_2_multimer_v3_pred_0"
    ]
}