{
    "features": 299.8289487361908,
    "process_features_model_1_multimer_v3_pred_0": 1.049041748046875e-05,
    "predict_and_compile_model_1_multimer_v3_pred_0": 756.4427778720856,
    "relax_model_1_multimer_v3_pred_0": 556.7850506305695,
    "process_features_model_2_multimer_v3_pred_0": 2.86102294921875e-05,
    "predict_and_compile_model_2_multimer_v3_pred_0": 1417.8799345493317,
    "relax_model_2_multimer_v3_pred_0": 188.77303743362427,
    "process_features_model_3_multimer_v3_pred_0": 6.9141387939453125e-06,
    "predict_and_compile_model_3_multimer_v3_pred_0": 1425.3767731189728,
    "relax_model_3_multimer_v3_pred_0": 509.7226014137268,
    "process_features_model_4_multimer_v3_pred_0": 6.198883056640625e-06,
    "predict_and_compile_model_4_multimer_v3_pred_0": 1407.3253407478333,
    "relax_model_4_multimer_v3_pred_0": 633.8543925285339,
    "process_features_model_5_multimer_v3_pred_0": 5.7220458984375e-06,
    "predict_and_compile_model_5_multimer_v3_pred_0": 1385.38951587677,
    "relax_model_5_multimer_v3_pred_0": 292.4320480823517
}