{
    "iptm+ptm": {
        "model_1_multimer_v3_pred_0": 0.8946706497093323,
        "model_2_multimer_v3_pred_0": 0.6683783431822372,
        "model_3_multimer_v3_pred_0": 0.8701572240399984,
        "model_4_multimer_v3_pred_0": 0.8949623562673048,
        "model_5_multimer_v3_pred_0": 0.9028144519821225
    },
    "order": [
        "model_5_multimer_v3_pred_0",
        "model_4_multimer_v3_pred_0",
        "model_1_multimer_v3_pred_0",
        "model_3_multimer_v3_pred_0",
        "model_2_multimer_v3_pred_0"
    ]
}