{
    "features": 148.8966600894928,
    "process_features_model_1_multimer_v3_pred_0": 5.435943603515625e-05,
    "predict_and_compile_model_1_multimer_v3_pred_0": 1529.4163839817047,
    "relax_model_1_multimer_v3_pred_0": 517.7484259605408,
    "process_features_model_2_multimer_v3_pred_0": 7.3909759521484375e-06,
    "predict_and_compile_model_2_multimer_v3_pred_0": 1536.949048280716,
    "relax_model_2_multimer_v3_pred_0": 278.0633137226105,
    "process_features_model_3_multimer_v3_pred_0": 5.9604644775390625e-06,
    "predict_and_compile_model_3_multimer_v3_pred_0": 737.601423740387,
    "relax_model_3_multimer_v3_pred_0": 805.4998660087585,
    "process_features_model_4_multimer_v3_pred_0": 1.049041748046875e-05,
    "predict_and_compile_model_4_multimer_v3_pred_0": 1525.5671246051788,
    "relax_model_4_multimer_v3_pred_0": 507.7904872894287,
    "process_features_model_5_multimer_v3_pred_0": 5.0067901611328125e-06,
    "predict_and_compile_model_5_multimer_v3_pred_0": 1485.8567237854004,
    "relax_model_5_multimer_v3_pred_0": 208.86295819282532
}