{
    "iptm+ptm": {
        "model_1_multimer_v3_pred_0": 0.9111408678634397,
        "model_2_multimer_v3_pred_0": 0.9090189705650538,
        "model_3_multimer_v3_pred_0": 0.911712117120126,
        "model_4_multimer_v3_pred_0": 0.916841152773751,
        "model_5_multimer_v3_pred_0": 0.9177847884590074
    },
    "order": [
        "model_5_multimer_v3_pred_0",
        "model_4_multimer_v3_pred_0",
        "model_3_multimer_v3_pred_0",
        "model_1_multimer_v3_pred_0",
        "model_2_multimer_v3_pred_0"
    ]
}