{
    "features": 209.71112608909607,
    "process_features_model_1_multimer_v3_pred_0": 9.5367431640625e-06,
    "predict_and_compile_model_1_multimer_v3_pred_0": 537.5759358406067,
    "relax_model_1_multimer_v3_pred_0": 247.69339060783386,
    "process_features_model_2_multimer_v3_pred_0": 1.0251998901367188e-05,
    "predict_and_compile_model_2_multimer_v3_pred_0": 473.0353217124939,
    "relax_model_2_multimer_v3_pred_0": 263.4563431739807,
    "process_features_model_3_multimer_v3_pred_0": 6.437301635742188e-05,
    "predict_and_compile_model_3_multimer_v3_pred_0": 557.4344644546509,
    "relax_model_3_multimer_v3_pred_0": 269.7248947620392,
    "process_features_model_4_multimer_v3_pred_0": 4.553794860839844e-05,
    "predict_and_compile_model_4_multimer_v3_pred_0": 472.7562520503998,
    "relax_model_4_multimer_v3_pred_0": 189.66804718971252,
    "process_features_model_5_multimer_v3_pred_0": 9.5367431640625e-06,
    "predict_and_compile_model_5_multimer_v3_pred_0": 463.46693301200867,
    "relax_model_5_multimer_v3_pred_0": 268.2132959365845
}