{
    "iptm+ptm": {
        "model_1_multimer_v3_pred_0": 0.774379305459856,
        "model_2_multimer_v3_pred_0": 0.8215149554442052,
        "model_3_multimer_v3_pred_0": 0.8028116288384308,
        "model_4_multimer_v3_pred_0": 0.807742295033947,
        "model_5_multimer_v3_pred_0": 0.8216300820514669
    },
    "order": [
        "model_5_multimer_v3_pred_0",
        "model_2_multimer_v3_pred_0",
        "model_4_multimer_v3_pred_0",
        "model_3_multimer_v3_pred_0",
        "model_1_multimer_v3_pred_0"
    ]
}