{
    "features": 210.53428387641907,
    "process_features_model_1_multimer_v3_pred_0": 1.0967254638671875e-05,
    "predict_and_compile_model_1_multimer_v3_pred_0": 509.9201400279999,
    "relax_model_1_multimer_v3_pred_0": 150.32992696762085,
    "process_features_model_2_multimer_v3_pred_0": 5.245208740234375e-06,
    "predict_and_compile_model_2_multimer_v3_pred_0": 336.7834997177124,
    "relax_model_2_multimer_v3_pred_0": 188.22793555259705,
    "process_features_model_3_multimer_v3_pred_0": 7.152557373046875e-06,
    "predict_and_compile_model_3_multimer_v3_pred_0": 347.507271528244,
    "relax_model_3_multimer_v3_pred_0": 221.2530128955841,
    "process_features_model_4_multimer_v3_pred_0": 6.9141387939453125e-06,
    "predict_and_compile_model_4_multimer_v3_pred_0": 363.0445170402527,
    "relax_model_4_multimer_v3_pred_0": 206.59522104263306,
    "process_features_model_5_multimer_v3_pred_0": 6.198883056640625e-06,
    "predict_and_compile_model_5_multimer_v3_pred_0": 454.7123463153839,
    "relax_model_5_multimer_v3_pred_0": 140.71326065063477
}