{
    "iptm+ptm": {
        "model_1_multimer_v3_pred_0": 0.7913335958911939,
        "model_2_multimer_v3_pred_0": 0.8122819051744427,
        "model_3_multimer_v3_pred_0": 0.8359054505790449,
        "model_4_multimer_v3_pred_0": 0.8006799048594783,
        "model_5_multimer_v3_pred_0": 0.804072093150327
    },
    "order": [
        "model_3_multimer_v3_pred_0",
        "model_2_multimer_v3_pred_0",
        "model_5_multimer_v3_pred_0",
        "model_4_multimer_v3_pred_0",
        "model_1_multimer_v3_pred_0"
    ]
}