{
    "features": 293.8971028327942,
    "process_features_model_1_multimer_v3_pred_0": 1.0013580322265625e-05,
    "predict_and_compile_model_1_multimer_v3_pred_0": 1606.9733929634094,
    "relax_model_1_multimer_v3_pred_0": 259.60817217826843,
    "process_features_model_2_multimer_v3_pred_0": 9.298324584960938e-06,
    "predict_and_compile_model_2_multimer_v3_pred_0": 842.7523081302643,
    "relax_model_2_multimer_v3_pred_0": 280.80202293395996,
    "process_features_model_3_multimer_v3_pred_0": 1.621246337890625e-05,
    "predict_and_compile_model_3_multimer_v3_pred_0": 1592.455896615982,
    "relax_model_3_multimer_v3_pred_0": 298.47703552246094,
    "process_features_model_4_multimer_v3_pred_0": 9.298324584960938e-06,
    "predict_and_compile_model_4_multimer_v3_pred_0": 1542.0010826587677,
    "relax_model_4_multimer_v3_pred_0": 410.77020239830017,
    "process_features_model_5_multimer_v3_pred_0": 9.059906005859375e-06,
    "predict_and_compile_model_5_multimer_v3_pred_0": 1544.1207547187805,
    "relax_model_5_multimer_v3_pred_0": 250.43009519577026
}