{
    "iptm+ptm": {
        "model_1_multimer_v3_pred_0": 0.5623956603240711,
        "model_2_multimer_v3_pred_0": 0.5946822320218691,
        "model_3_multimer_v3_pred_0": 0.5964431966532805,
        "model_4_multimer_v3_pred_0": 0.6399543558182718,
        "model_5_multimer_v3_pred_0": 0.5691881558697385
    },
    "order": [
        "model_4_multimer_v3_pred_0",
        "model_3_multimer_v3_pred_0",
        "model_2_multimer_v3_pred_0",
        "model_5_multimer_v3_pred_0",
        "model_1_multimer_v3_pred_0"
    ]
}