{
    "features": 214.179283618927,
    "process_features_model_1_multimer_v3_pred_0": 3.2901763916015625e-05,
    "predict_and_compile_model_1_multimer_v3_pred_0": 1283.2612257003784,
    "relax_model_1_multimer_v3_pred_0": 650.0534460544586,
    "process_features_model_2_multimer_v3_pred_0": 4.76837158203125e-06,
    "predict_and_compile_model_2_multimer_v3_pred_0": 534.8445310592651,
    "relax_model_2_multimer_v3_pred_0": 172.11110973358154,
    "process_features_model_3_multimer_v3_pred_0": 5.7220458984375e-06,
    "predict_and_compile_model_3_multimer_v3_pred_0": 493.80953550338745,
    "relax_model_3_multimer_v3_pred_0": 206.8328731060028,
    "process_features_model_4_multimer_v3_pred_0": 5.0067901611328125e-06,
    "predict_and_compile_model_4_multimer_v3_pred_0": 1320.7670526504517,
    "relax_model_4_multimer_v3_pred_0": 360.4780583381653,
    "process_features_model_5_multimer_v3_pred_0": 1.8835067749023438e-05,
    "predict_and_compile_model_5_multimer_v3_pred_0": 1325.7625484466553,
    "relax_model_5_multimer_v3_pred_0": 205.46692991256714
}