{
    "iptm+ptm": {
        "model_1_multimer_v3_pred_0": 0.6813528241198304,
        "model_2_multimer_v3_pred_0": 0.6961444881185208,
        "model_3_multimer_v3_pred_0": 0.6912409334629996,
        "model_4_multimer_v3_pred_0": 0.6665743899401816,
        "model_5_multimer_v3_pred_0": 0.709487435273759
    },
    "order": [
        "model_5_multimer_v3_pred_0",
        "model_2_multimer_v3_pred_0",
        "model_3_multimer_v3_pred_0",
        "model_1_multimer_v3_pred_0",
        "model_4_multimer_v3_pred_0"
    ]
}