{
    "features": 267.76210165023804,
    "process_features_model_1_multimer_v3_pred_0": 1.5735626220703125e-05,
    "predict_and_compile_model_1_multimer_v3_pred_0": 910.9223463535309,
    "relax_model_1_multimer_v3_pred_0": 206.15393590927124,
    "process_features_model_2_multimer_v3_pred_0": 5.9604644775390625e-06,
    "predict_and_compile_model_2_multimer_v3_pred_0": 723.6875114440918,
    "relax_model_2_multimer_v3_pred_0": 698.327388048172,
    "process_features_model_3_multimer_v3_pred_0": 6.008148193359375e-05,
    "predict_and_compile_model_3_multimer_v3_pred_0": 796.3001413345337,
    "relax_model_3_multimer_v3_pred_0": 460.0290012359619,
    "process_features_model_4_multimer_v3_pred_0": 4.76837158203125e-06,
    "predict_and_compile_model_4_multimer_v3_pred_0": 1346.9225418567657,
    "relax_model_4_multimer_v3_pred_0": 221.36433720588684,
    "process_features_model_5_multimer_v3_pred_0": 2.765655517578125e-05,
    "predict_and_compile_model_5_multimer_v3_pred_0": 1342.6670470237732,
    "relax_model_5_multimer_v3_pred_0": 199.31119871139526
}