{
    "iptm+ptm": {
        "model_1_multimer_v3_pred_0": 0.5615614923084393,
        "model_2_multimer_v3_pred_0": 0.6366484827577872,
        "model_3_multimer_v3_pred_0": 0.6710585921254536,
        "model_4_multimer_v3_pred_0": 0.6005131314220614,
        "model_5_multimer_v3_pred_0": 0.6560930728180339
    },
    "order": [
        "model_3_multimer_v3_pred_0",
        "model_5_multimer_v3_pred_0",
        "model_2_multimer_v3_pred_0",
        "model_4_multimer_v3_pred_0",
        "model_1_multimer_v3_pred_0"
    ]
}