{
    "features": 268.8287606239319,
    "process_features_model_1_multimer_v3_pred_0": 1.0251998901367188e-05,
    "predict_and_compile_model_1_multimer_v3_pred_0": 1444.2036957740784,
    "process_features_model_2_multimer_v3_pred_0": 2.09808349609375e-05,
    "predict_and_compile_model_2_multimer_v3_pred_0": 1659.670687675476,
    "process_features_model_3_multimer_v3_pred_0": 2.6941299438476562e-05,
    "predict_and_compile_model_3_multimer_v3_pred_0": 933.0875647068024,
    "process_features_model_4_multimer_v3_pred_0": 3.0279159545898438e-05,
    "predict_and_compile_model_4_multimer_v3_pred_0": 1628.2507920265198,
    "process_features_model_5_multimer_v3_pred_0": 2.6941299438476562e-05,
    "predict_and_compile_model_5_multimer_v3_pred_0": 645.9018650054932
}