{
    "iptm+ptm": {
        "model_1_multimer_v3_pred_0": 0.6874544340061715,
        "model_2_multimer_v3_pred_0": 0.7352961504958532,
        "model_3_multimer_v3_pred_0": 0.8029700392503666,
        "model_4_multimer_v3_pred_0": 0.3075391340774444,
        "model_5_multimer_v3_pred_0": 0.7290999962496895
    },
    "order": [
        "model_3_multimer_v3_pred_0",
        "model_2_multimer_v3_pred_0",
        "model_5_multimer_v3_pred_0",
        "model_1_multimer_v3_pred_0",
        "model_4_multimer_v3_pred_0"
    ]
}