{
    "features": 372.0700922012329,
    "process_features_model_1_multimer_v3_pred_0": 1.0251998901367188e-05,
    "predict_and_compile_model_1_multimer_v3_pred_0": 2152.412812948227,
    "relax_model_1_multimer_v3_pred_0": 1205.9310286045074,
    "process_features_model_2_multimer_v3_pred_0": 1.7642974853515625e-05,
    "predict_and_compile_model_2_multimer_v3_pred_0": 2156.8475143909454,
    "relax_model_2_multimer_v3_pred_0": 1473.1278340816498,
    "process_features_model_3_multimer_v3_pred_0": 1.2159347534179688e-05,
    "predict_and_compile_model_3_multimer_v3_pred_0": 2168.3887555599213,
    "relax_model_3_multimer_v3_pred_0": 1907.472659111023,
    "process_features_model_4_multimer_v3_pred_0": 1.239776611328125e-05,
    "predict_and_compile_model_4_multimer_v3_pred_0": 2107.170744895935,
    "relax_model_4_multimer_v3_pred_0": 1237.76691198349,
    "process_features_model_5_multimer_v3_pred_0": 1.9788742065429688e-05,
    "predict_and_compile_model_5_multimer_v3_pred_0": 2086.677409172058,
    "relax_model_5_multimer_v3_pred_0": 989.4114809036255
}