{
    "iptm+ptm": {
        "model_1_multimer_v3_pred_0": 0.7441800098000269,
        "model_2_multimer_v3_pred_0": 0.751348060986948,
        "model_3_multimer_v3_pred_0": 0.73151525707875,
        "model_4_multimer_v3_pred_0": 0.73348005596357,
        "model_5_multimer_v3_pred_0": 0.7462461556081845
    },
    "order": [
        "model_2_multimer_v3_pred_0",
        "model_5_multimer_v3_pred_0",
        "model_1_multimer_v3_pred_0",
        "model_4_multimer_v3_pred_0",
        "model_3_multimer_v3_pred_0"
    ]
}