{
    "features": 265.9446527957916,
    "process_features_model_1_multimer_v3_pred_0": 1.7642974853515625e-05,
    "predict_and_compile_model_1_multimer_v3_pred_0": 718.6239612102509,
    "relax_model_1_multimer_v3_pred_0": 827.0666978359222,
    "process_features_model_2_multimer_v3_pred_0": 6.198883056640625e-06,
    "predict_and_compile_model_2_multimer_v3_pred_0": 652.1493079662323,
    "relax_model_2_multimer_v3_pred_0": 591.7899131774902,
    "process_features_model_3_multimer_v3_pred_0": 6.9141387939453125e-06,
    "predict_and_compile_model_3_multimer_v3_pred_0": 769.2075896263123,
    "relax_model_3_multimer_v3_pred_0": 237.90029764175415,
    "process_features_model_4_multimer_v3_pred_0": 7.152557373046875e-06,
    "predict_and_compile_model_4_multimer_v3_pred_0": 1470.7434153556824,
    "relax_model_4_multimer_v3_pred_0": 305.837908744812,
    "process_features_model_5_multimer_v3_pred_0": 5.7220458984375e-06,
    "predict_and_compile_model_5_multimer_v3_pred_0": 758.2021367549896,
    "relax_model_5_multimer_v3_pred_0": 326.8419556617737
}