{
    "iptm+ptm": {
        "model_1_multimer_v3_pred_0": 0.6040846510545439,
        "model_2_multimer_v3_pred_0": 0.6212189872698397,
        "model_3_multimer_v3_pred_0": 0.6378902366371644,
        "model_4_multimer_v3_pred_0": 0.367644375364318,
        "model_5_multimer_v3_pred_0": 0.6133015047066586
    },
    "order": [
        "model_3_multimer_v3_pred_0",
        "model_2_multimer_v3_pred_0",
        "model_5_multimer_v3_pred_0",
        "model_1_multimer_v3_pred_0",
        "model_4_multimer_v3_pred_0"
    ]
}