{
    "features": 174.01460719108582,
    "process_features_model_1_multimer_v3_pred_0": 2.6226043701171875e-05,
    "predict_and_compile_model_1_multimer_v3_pred_0": 736.4529294967651,
    "relax_model_1_multimer_v3_pred_0": 324.01214504241943,
    "process_features_model_2_multimer_v3_pred_0": 5.4836273193359375e-06,
    "predict_and_compile_model_2_multimer_v3_pred_0": 1053.5991110801697,
    "relax_model_2_multimer_v3_pred_0": 240.32846069335938,
    "process_features_model_3_multimer_v3_pred_0": 5.7220458984375e-06,
    "predict_and_compile_model_3_multimer_v3_pred_0": 602.5219578742981,
    "relax_model_3_multimer_v3_pred_0": 303.9523730278015,
    "process_features_model_4_multimer_v3_pred_0": 5.7220458984375e-06,
    "predict_and_compile_model_4_multimer_v3_pred_0": 1693.0098922252655,
    "relax_model_4_multimer_v3_pred_0": 263.84133195877075,
    "process_features_model_5_multimer_v3_pred_0": 6.9141387939453125e-06,
    "predict_and_compile_model_5_multimer_v3_pred_0": 661.5656771659851,
    "relax_model_5_multimer_v3_pred_0": 363.94243001937866
}