{
    "iptm+ptm": {
        "model_1_multimer_v3_pred_0": 0.8157227147839564,
        "model_2_multimer_v3_pred_0": 0.8314811189300504,
        "model_3_multimer_v3_pred_0": 0.8451019641969049,
        "model_4_multimer_v3_pred_0": 0.8531968294275236,
        "model_5_multimer_v3_pred_0": 0.8429204645391267
    },
    "order": [
        "model_4_multimer_v3_pred_0",
        "model_3_multimer_v3_pred_0",
        "model_5_multimer_v3_pred_0",
        "model_2_multimer_v3_pred_0",
        "model_1_multimer_v3_pred_0"
    ]
}