{
    "features": 180.799063205719,
    "process_features_model_1_multimer_v3_pred_0": 1.33514404296875e-05,
    "predict_and_compile_model_1_multimer_v3_pred_0": 550.2509789466858,
    "relax_model_1_multimer_v3_pred_0": 284.4847061634064,
    "process_features_model_2_multimer_v3_pred_0": 5.9604644775390625e-06,
    "predict_and_compile_model_2_multimer_v3_pred_0": 421.6153573989868,
    "relax_model_2_multimer_v3_pred_0": 278.1314694881439,
    "process_features_model_3_multimer_v3_pred_0": 7.152557373046875e-06,
    "predict_and_compile_model_3_multimer_v3_pred_0": 496.6284019947052,
    "relax_model_3_multimer_v3_pred_0": 262.3976650238037,
    "process_features_model_4_multimer_v3_pred_0": 6.9141387939453125e-06,
    "predict_and_compile_model_4_multimer_v3_pred_0": 420.6101396083832,
    "relax_model_4_multimer_v3_pred_0": 278.6869955062866,
    "process_features_model_5_multimer_v3_pred_0": 6.9141387939453125e-06,
    "predict_and_compile_model_5_multimer_v3_pred_0": 470.95166635513306,
    "relax_model_5_multimer_v3_pred_0": 242.01790738105774
}