{
    "iptm+ptm": {
        "model_1_multimer_v3_pred_0": 0.8337422139274384,
        "model_2_multimer_v3_pred_0": 0.8295949802747957,
        "model_3_multimer_v3_pred_0": 0.8299575722225426,
        "model_4_multimer_v3_pred_0": 0.7804978183197189,
        "model_5_multimer_v3_pred_0": 0.8176131583180244
    },
    "order": [
        "model_1_multimer_v3_pred_0",
        "model_3_multimer_v3_pred_0",
        "model_2_multimer_v3_pred_0",
        "model_5_multimer_v3_pred_0",
        "model_4_multimer_v3_pred_0"
    ]
}