{
    "features": 225.48088717460632,
    "process_features_model_1_multimer_v3_pred_0": 1.049041748046875e-05,
    "predict_and_compile_model_1_multimer_v3_pred_0": 1646.5341708660126,
    "relax_model_1_multimer_v3_pred_0": 316.357830286026,
    "process_features_model_2_multimer_v3_pred_0": 8.821487426757812e-06,
    "predict_and_compile_model_2_multimer_v3_pred_0": 1492.1920883655548,
    "relax_model_2_multimer_v3_pred_0": 1001.3834421634674,
    "process_features_model_3_multimer_v3_pred_0": 1.9550323486328125e-05,
    "predict_and_compile_model_3_multimer_v3_pred_0": 1636.9577691555023,
    "relax_model_3_multimer_v3_pred_0": 772.1475744247437,
    "process_features_model_4_multimer_v3_pred_0": 9.298324584960938e-06,
    "predict_and_compile_model_4_multimer_v3_pred_0": 778.9995908737183,
    "relax_model_4_multimer_v3_pred_0": 661.4156219959259,
    "process_features_model_5_multimer_v3_pred_0": 9.298324584960938e-06,
    "predict_and_compile_model_5_multimer_v3_pred_0": 1612.7214407920837,
    "relax_model_5_multimer_v3_pred_0": 345.1953480243683
}