{
    "iptm+ptm": {
        "model_1_multimer_v3_pred_0": 0.6128671973663726,
        "model_2_multimer_v3_pred_0": 0.6049807544801785,
        "model_3_multimer_v3_pred_0": 0.6185534136465988,
        "model_4_multimer_v3_pred_0": 0.6080565501626773,
        "model_5_multimer_v3_pred_0": 0.6146637881103425
    },
    "order": [
        "model_3_multimer_v3_pred_0",
        "model_5_multimer_v3_pred_0",
        "model_1_multimer_v3_pred_0",
        "model_4_multimer_v3_pred_0",
        "model_2_multimer_v3_pred_0"
    ]
}