{
    "features": 252.706796169281,
    "process_features_model_1_multimer_v3_pred_0": 1.0251998901367188e-05,
    "predict_and_compile_model_1_multimer_v3_pred_0": 1580.6600017547607,
    "relax_model_1_multimer_v3_pred_0": 899.4780766963959,
    "process_features_model_2_multimer_v3_pred_0": 5.245208740234375e-06,
    "predict_and_compile_model_2_multimer_v3_pred_0": 1578.1519582271576,
    "relax_model_2_multimer_v3_pred_0": 785.6048362255096,
    "process_features_model_3_multimer_v3_pred_0": 6.67572021484375e-06,
    "predict_and_compile_model_3_multimer_v3_pred_0": 1585.6506116390228,
    "relax_model_3_multimer_v3_pred_0": 864.3070876598358,
    "process_features_model_4_multimer_v3_pred_0": 2.2649765014648438e-05,
    "predict_and_compile_model_4_multimer_v3_pred_0": 1550.4243142604828,
    "relax_model_4_multimer_v3_pred_0": 753.2613663673401,
    "process_features_model_5_multimer_v3_pred_0": 1.0728836059570312e-05,
    "predict_and_compile_model_5_multimer_v3_pred_0": 1555.4224319458008,
    "relax_model_5_multimer_v3_pred_0": 850.0648438930511
}