{
    "iptm+ptm": {
        "model_1_multimer_v3_pred_0": 0.9073299406337756,
        "model_2_multimer_v3_pred_0": 0.9093126576740383,
        "model_3_multimer_v3_pred_0": 0.9164271558366293,
        "model_4_multimer_v3_pred_0": 0.9173220552744864,
        "model_5_multimer_v3_pred_0": 0.9181696632449985
    },
    "order": [
        "model_5_multimer_v3_pred_0",
        "model_4_multimer_v3_pred_0",
        "model_3_multimer_v3_pred_0",
        "model_2_multimer_v3_pred_0",
        "model_1_multimer_v3_pred_0"
    ]
}