{
    "features": 223.39647030830383,
    "process_features_model_1_multimer_v3_pred_0": 2.574920654296875e-05,
    "predict_and_compile_model_1_multimer_v3_pred_0": 419.34890627861023,
    "relax_model_1_multimer_v3_pred_0": 280.3606207370758,
    "process_features_model_2_multimer_v3_pred_0": 1.2159347534179688e-05,
    "predict_and_compile_model_2_multimer_v3_pred_0": 410.2541558742523,
    "relax_model_2_multimer_v3_pred_0": 338.663959980011,
    "process_features_model_3_multimer_v3_pred_0": 1.3828277587890625e-05,
    "predict_and_compile_model_3_multimer_v3_pred_0": 526.2438817024231,
    "relax_model_3_multimer_v3_pred_0": 230.08579564094543,
    "process_features_model_4_multimer_v3_pred_0": 9.059906005859375e-06,
    "predict_and_compile_model_4_multimer_v3_pred_0": 487.27521657943726,
    "relax_model_4_multimer_v3_pred_0": 304.1857273578644,
    "process_features_model_5_multimer_v3_pred_0": 1.2636184692382812e-05,
    "predict_and_compile_model_5_multimer_v3_pred_0": 509.4540550708771,
    "relax_model_5_multimer_v3_pred_0": 324.2334523200989
}