{
    "iptm+ptm": {
        "model_1_multimer_v3_pred_0": 0.7465092611999743,
        "model_2_multimer_v3_pred_0": 0.7475796700377763,
        "model_3_multimer_v3_pred_0": 0.7538795919497256,
        "model_4_multimer_v3_pred_0": 0.7032455383433929,
        "model_5_multimer_v3_pred_0": 0.46714565775487493
    },
    "order": [
        "model_3_multimer_v3_pred_0",
        "model_2_multimer_v3_pred_0",
        "model_1_multimer_v3_pred_0",
        "model_4_multimer_v3_pred_0",
        "model_5_multimer_v3_pred_0"
    ]
}