{
    "features": 246.3627007007599,
    "process_features_model_1_multimer_v3_pred_0": 1.2874603271484375e-05,
    "predict_and_compile_model_1_multimer_v3_pred_0": 1650.1465175151825,
    "process_features_model_2_multimer_v3_pred_0": 8.344650268554688e-06,
    "predict_and_compile_model_2_multimer_v3_pred_0": 1644.6995334625244,
    "process_features_model_3_multimer_v3_pred_0": 7.62939453125e-06,
    "predict_and_compile_model_3_multimer_v3_pred_0": 1642.224167585373,
    "process_features_model_4_multimer_v3_pred_0": 1.0013580322265625e-05,
    "predict_and_compile_model_4_multimer_v3_pred_0": 1416.1019048690796,
    "process_features_model_5_multimer_v3_pred_0": 9.298324584960938e-06,
    "predict_and_compile_model_5_multimer_v3_pred_0": 1634.270762681961
}