{
    "iptm+ptm": {
        "model_1_multimer_v3_pred_0": 0.8076921648845202,
        "model_2_multimer_v3_pred_0": 0.8040212435271662,
        "model_3_multimer_v3_pred_0": 0.8055276587493548,
        "model_4_multimer_v3_pred_0": 0.8020366638434803,
        "model_5_multimer_v3_pred_0": 0.8163671584087756
    },
    "order": [
        "model_5_multimer_v3_pred_0",
        "model_1_multimer_v3_pred_0",
        "model_3_multimer_v3_pred_0",
        "model_2_multimer_v3_pred_0",
        "model_4_multimer_v3_pred_0"
    ]
}