{
    "features": 139.71032667160034,
    "process_features_model_1_multimer_v3_pred_0": 9.775161743164062e-06,
    "predict_and_compile_model_1_multimer_v3_pred_0": 745.6200633049011,
    "relax_model_1_multimer_v3_pred_0": 296.2907953262329,
    "process_features_model_2_multimer_v3_pred_0": 8.821487426757812e-06,
    "predict_and_compile_model_2_multimer_v3_pred_0": 519.5090463161469,
    "relax_model_2_multimer_v3_pred_0": 364.5542333126068,
    "process_features_model_3_multimer_v3_pred_0": 8.344650268554688e-06,
    "predict_and_compile_model_3_multimer_v3_pred_0": 1400.2227647304535,
    "relax_model_3_multimer_v3_pred_0": 511.92494201660156,
    "process_features_model_4_multimer_v3_pred_0": 1.0728836059570312e-05,
    "predict_and_compile_model_4_multimer_v3_pred_0": 622.8592348098755,
    "relax_model_4_multimer_v3_pred_0": 391.13066029548645,
    "process_features_model_5_multimer_v3_pred_0": 4.0531158447265625e-06,
    "predict_and_compile_model_5_multimer_v3_pred_0": 617.7257483005524,
    "relax_model_5_multimer_v3_pred_0": 231.0346851348877
}