{
    "iptm+ptm": {
        "model_1_multimer_v3_pred_0": 0.8743006360676644,
        "model_2_multimer_v3_pred_0": 0.8761166707789991,
        "model_3_multimer_v3_pred_0": 0.8286863189448039,
        "model_4_multimer_v3_pred_0": 0.8390357092299939,
        "model_5_multimer_v3_pred_0": 0.8550381542678038
    },
    "order": [
        "model_2_multimer_v3_pred_0",
        "model_1_multimer_v3_pred_0",
        "model_5_multimer_v3_pred_0",
        "model_4_multimer_v3_pred_0",
        "model_3_multimer_v3_pred_0"
    ]
}