{
    "features": 265.7385334968567,
    "process_features_model_1_multimer_v3_pred_0": 1.4066696166992188e-05,
    "predict_and_compile_model_1_multimer_v3_pred_0": 1060.4882578849792,
    "relax_model_1_multimer_v3_pred_0": 201.1479184627533,
    "process_features_model_2_multimer_v3_pred_0": 2.3365020751953125e-05,
    "predict_and_compile_model_2_multimer_v3_pred_0": 462.3984968662262,
    "relax_model_2_multimer_v3_pred_0": 252.91950392723083,
    "process_features_model_3_multimer_v3_pred_0": 7.867813110351562e-06,
    "predict_and_compile_model_3_multimer_v3_pred_0": 635.9343321323395,
    "relax_model_3_multimer_v3_pred_0": 503.92559719085693,
    "process_features_model_4_multimer_v3_pred_0": 8.344650268554688e-06,
    "predict_and_compile_model_4_multimer_v3_pred_0": 1049.2832906246185,
    "relax_model_4_multimer_v3_pred_0": 261.112202167511,
    "process_features_model_5_multimer_v3_pred_0": 9.059906005859375e-06,
    "predict_and_compile_model_5_multimer_v3_pred_0": 1260.2413396835327,
    "relax_model_5_multimer_v3_pred_0": 226.21889638900757
}