{
    "iptm+ptm": {
        "model_1_multimer_v3_pred_0": 0.7742012222846956,
        "model_2_multimer_v3_pred_0": 0.7966915102475517,
        "model_3_multimer_v3_pred_0": 0.796749280521184,
        "model_4_multimer_v3_pred_0": 0.7929005193469774,
        "model_5_multimer_v3_pred_0": 0.7994634144298528
    },
    "order": [
        "model_5_multimer_v3_pred_0",
        "model_3_multimer_v3_pred_0",
        "model_2_multimer_v3_pred_0",
        "model_4_multimer_v3_pred_0",
        "model_1_multimer_v3_pred_0"
    ]
}