{
    "features": 176.6797170639038,
    "process_features_model_1_multimer_v3_pred_0": 1.9311904907226562e-05,
    "predict_and_compile_model_1_multimer_v3_pred_0": 405.8804988861084,
    "relax_model_1_multimer_v3_pred_0": 335.75354266166687,
    "process_features_model_2_multimer_v3_pred_0": 4.291534423828125e-06,
    "predict_and_compile_model_2_multimer_v3_pred_0": 484.8215534687042,
    "relax_model_2_multimer_v3_pred_0": 320.8003418445587,
    "process_features_model_3_multimer_v3_pred_0": 4.291534423828125e-06,
    "predict_and_compile_model_3_multimer_v3_pred_0": 428.14799284935,
    "relax_model_3_multimer_v3_pred_0": 330.0699827671051,
    "process_features_model_4_multimer_v3_pred_0": 5.0067901611328125e-06,
    "predict_and_compile_model_4_multimer_v3_pred_0": 481.9211571216583,
    "relax_model_4_multimer_v3_pred_0": 266.62170219421387,
    "process_features_model_5_multimer_v3_pred_0": 5.0067901611328125e-06,
    "predict_and_compile_model_5_multimer_v3_pred_0": 406.7794682979584,
    "relax_model_5_multimer_v3_pred_0": 289.08644127845764
}