{
    "iptm+ptm": {
        "model_1_multimer_v3_pred_0": 0.8138589573005829,
        "model_2_multimer_v3_pred_0": 0.8340169182632772,
        "model_3_multimer_v3_pred_0": 0.8321144678223182,
        "model_4_multimer_v3_pred_0": 0.8322646959863068,
        "model_5_multimer_v3_pred_0": 0.8360116713797582
    },
    "order": [
        "model_5_multimer_v3_pred_0",
        "model_2_multimer_v3_pred_0",
        "model_4_multimer_v3_pred_0",
        "model_3_multimer_v3_pred_0",
        "model_1_multimer_v3_pred_0"
    ]
}