{
    "features": 200.53115224838257,
    "process_features_model_1_multimer_v3_pred_0": 1.4543533325195312e-05,
    "predict_and_compile_model_1_multimer_v3_pred_0": 597.6582908630371,
    "relax_model_1_multimer_v3_pred_0": 526.499048948288,
    "process_features_model_2_multimer_v3_pred_0": 1.0013580322265625e-05,
    "predict_and_compile_model_2_multimer_v3_pred_0": 513.4917213916779,
    "relax_model_2_multimer_v3_pred_0": 291.72034883499146,
    "process_features_model_3_multimer_v3_pred_0": 5.4836273193359375e-06,
    "predict_and_compile_model_3_multimer_v3_pred_0": 448.36914563179016,
    "relax_model_3_multimer_v3_pred_0": 216.15110325813293,
    "process_features_model_4_multimer_v3_pred_0": 8.821487426757812e-06,
    "predict_and_compile_model_4_multimer_v3_pred_0": 502.44463181495667,
    "relax_model_4_multimer_v3_pred_0": 377.0257761478424,
    "process_features_model_5_multimer_v3_pred_0": 5.4836273193359375e-06,
    "predict_and_compile_model_5_multimer_v3_pred_0": 567.2368144989014,
    "relax_model_5_multimer_v3_pred_0": 279.0513894557953
}