{
    "iptm+ptm": {
        "model_1_multimer_v3_pred_0": 0.786662104751346,
        "model_2_multimer_v3_pred_0": 0.7624276248342226,
        "model_3_multimer_v3_pred_0": 0.7478175324999503,
        "model_4_multimer_v3_pred_0": 0.7684672038045712,
        "model_5_multimer_v3_pred_0": 0.7721858714535375
    },
    "order": [
        "model_1_multimer_v3_pred_0",
        "model_5_multimer_v3_pred_0",
        "model_4_multimer_v3_pred_0",
        "model_2_multimer_v3_pred_0",
        "model_3_multimer_v3_pred_0"
    ]
}