{
    "features": 203.61667799949646,
    "process_features_model_1_multimer_v3_pred_0": 1.0728836059570312e-05,
    "predict_and_compile_model_1_multimer_v3_pred_0": 1869.8869853019714,
    "relax_model_1_multimer_v3_pred_0": 265.2672657966614,
    "process_features_model_2_multimer_v3_pred_0": 5.245208740234375e-06,
    "predict_and_compile_model_2_multimer_v3_pred_0": 1447.4333040714264,
    "relax_model_2_multimer_v3_pred_0": 621.8604846000671,
    "process_features_model_3_multimer_v3_pred_0": 5.4836273193359375e-06,
    "predict_and_compile_model_3_multimer_v3_pred_0": 1847.5987315177917,
    "relax_model_3_multimer_v3_pred_0": 506.8677945137024,
    "process_features_model_4_multimer_v3_pred_0": 4.5299530029296875e-06,
    "predict_and_compile_model_4_multimer_v3_pred_0": 1488.3140349388123,
    "relax_model_4_multimer_v3_pred_0": 333.6456971168518,
    "process_features_model_5_multimer_v3_pred_0": 6.4373016357421875e-06,
    "predict_and_compile_model_5_multimer_v3_pred_0": 1815.0527844429016,
    "relax_model_5_multimer_v3_pred_0": 294.96849751472473
}