{
    "iptm+ptm": {
        "model_1_multimer_v3_pred_0": 0.8503245392568176,
        "model_2_multimer_v3_pred_0": 0.9083576350300685,
        "model_3_multimer_v3_pred_0": 0.8550585491485795,
        "model_4_multimer_v3_pred_0": 0.9043033113028573,
        "model_5_multimer_v3_pred_0": 0.9012554866551695
    },
    "order": [
        "model_2_multimer_v3_pred_0",
        "model_4_multimer_v3_pred_0",
        "model_5_multimer_v3_pred_0",
        "model_3_multimer_v3_pred_0",
        "model_1_multimer_v3_pred_0"
    ]
}