{
    "features": 271.16204595565796,
    "process_features_model_1_multimer_v3_pred_0": 3.552436828613281e-05,
    "predict_and_compile_model_1_multimer_v3_pred_0": 497.97301054000854,
    "relax_model_1_multimer_v3_pred_0": 320.81986260414124,
    "process_features_model_2_multimer_v3_pred_0": 0.000453948974609375,
    "predict_and_compile_model_2_multimer_v3_pred_0": 849.6070973873138,
    "relax_model_2_multimer_v3_pred_0": 481.5343623161316,
    "process_features_model_3_multimer_v3_pred_0": 9.5367431640625e-06,
    "predict_and_compile_model_3_multimer_v3_pred_0": 1618.6920490264893,
    "relax_model_3_multimer_v3_pred_0": 299.72808361053467,
    "process_features_model_4_multimer_v3_pred_0": 1.0251998901367188e-05,
    "predict_and_compile_model_4_multimer_v3_pred_0": 630.1746463775635,
    "relax_model_4_multimer_v3_pred_0": 370.6429080963135,
    "process_features_model_5_multimer_v3_pred_0": 7.700920104980469e-05,
    "predict_and_compile_model_5_multimer_v3_pred_0": 705.985955953598,
    "relax_model_5_multimer_v3_pred_0": 311.7273986339569
}