{
    "iptm+ptm": {
        "model_1_multimer_v3_pred_0": 0.9057062517552881,
        "model_2_multimer_v3_pred_0": 0.9063525037491522,
        "model_3_multimer_v3_pred_0": 0.8931596634711254,
        "model_4_multimer_v3_pred_0": 0.9029583139861578,
        "model_5_multimer_v3_pred_0": 0.9060779418580884
    },
    "order": [
        "model_2_multimer_v3_pred_0",
        "model_5_multimer_v3_pred_0",
        "model_1_multimer_v3_pred_0",
        "model_4_multimer_v3_pred_0",
        "model_3_multimer_v3_pred_0"
    ]
}