{
    "features": 65.56788086891174,
    "process_features_model_1_multimer_v3_pred_0": 1.52587890625e-05,
    "predict_and_compile_model_1_multimer_v3_pred_0": 117.6680805683136,
    "relax_model_1_multimer_v3_pred_0": 398.69553875923157,
    "process_features_model_2_multimer_v3_pred_0": 7.3909759521484375e-06,
    "predict_and_compile_model_2_multimer_v3_pred_0": 144.93035197257996,
    "relax_model_2_multimer_v3_pred_0": 407.93769931793213,
    "process_features_model_3_multimer_v3_pred_0": 7.152557373046875e-06,
    "predict_and_compile_model_3_multimer_v3_pred_0": 137.52788543701172,
    "relax_model_3_multimer_v3_pred_0": 332.26054644584656,
    "process_features_model_4_multimer_v3_pred_0": 7.62939453125e-06,
    "predict_and_compile_model_4_multimer_v3_pred_0": 162.44167494773865,
    "relax_model_4_multimer_v3_pred_0": 338.60017919540405,
    "process_features_model_5_multimer_v3_pred_0": 7.867813110351562e-06,
    "predict_and_compile_model_5_multimer_v3_pred_0": 188.02128267288208,
    "relax_model_5_multimer_v3_pred_0": 655.2526845932007
}