{
    "iptm+ptm": {
        "model_1_multimer_v3_pred_0": 0.7373149580282027,
        "model_2_multimer_v3_pred_0": 0.6959501909439579,
        "model_3_multimer_v3_pred_0": 0.7716207783009815,
        "model_4_multimer_v3_pred_0": 0.7804092045593263,
        "model_5_multimer_v3_pred_0": 0.780282767697226
    },
    "order": [
        "model_4_multimer_v3_pred_0",
        "model_5_multimer_v3_pred_0",
        "model_3_multimer_v3_pred_0",
        "model_1_multimer_v3_pred_0",
        "model_2_multimer_v3_pred_0"
    ]
}