{
    "features": 301.8805675506592,
    "process_features_model_1_multimer_v3_pred_0": 9.5367431640625e-06,
    "predict_and_compile_model_1_multimer_v3_pred_0": 1183.211499929428,
    "relax_model_1_multimer_v3_pred_0": 507.74572110176086,
    "process_features_model_2_multimer_v3_pred_0": 7.62939453125e-06,
    "predict_and_compile_model_2_multimer_v3_pred_0": 1667.7414236068726,
    "relax_model_2_multimer_v3_pred_0": 642.9882395267487,
    "process_features_model_3_multimer_v3_pred_0": 8.106231689453125e-06,
    "predict_and_compile_model_3_multimer_v3_pred_0": 878.7564959526062,
    "relax_model_3_multimer_v3_pred_0": 2695.6832659244537,
    "process_features_model_4_multimer_v3_pred_0": 5.4836273193359375e-06,
    "predict_and_compile_model_4_multimer_v3_pred_0": 972.1052451133728,
    "relax_model_4_multimer_v3_pred_0": 790.2568500041962,
    "process_features_model_5_multimer_v3_pred_0": 4.76837158203125e-06,
    "predict_and_compile_model_5_multimer_v3_pred_0": 1612.4160468578339,
    "relax_model_5_multimer_v3_pred_0": 781.0652227401733
}