{
    "iptm+ptm": {
        "model_1_multimer_v3_pred_0": 0.6923087192536526,
        "model_2_multimer_v3_pred_0": 0.695121539808734,
        "model_3_multimer_v3_pred_0": 0.7062572030902858,
        "model_4_multimer_v3_pred_0": 0.7326106796867362,
        "model_5_multimer_v3_pred_0": 0.7352508285513865
    },
    "order": [
        "model_5_multimer_v3_pred_0",
        "model_4_multimer_v3_pred_0",
        "model_3_multimer_v3_pred_0",
        "model_2_multimer_v3_pred_0",
        "model_1_multimer_v3_pred_0"
    ]
}