{
    "features": 127.15540838241577,
    "process_features_model_1_multimer_v3_pred_0": 3.075599670410156e-05,
    "predict_and_compile_model_1_multimer_v3_pred_0": 405.76018619537354,
    "relax_model_1_multimer_v3_pred_0": 376.6006429195404,
    "process_features_model_2_multimer_v3_pred_0": 5.9604644775390625e-06,
    "predict_and_compile_model_2_multimer_v3_pred_0": 350.60017371177673,
    "relax_model_2_multimer_v3_pred_0": 226.21062588691711,
    "process_features_model_3_multimer_v3_pred_0": 4.5299530029296875e-06,
    "predict_and_compile_model_3_multimer_v3_pred_0": 345.8054895401001,
    "relax_model_3_multimer_v3_pred_0": 181.09727382659912,
    "process_features_model_4_multimer_v3_pred_0": 9.059906005859375e-06,
    "predict_and_compile_model_4_multimer_v3_pred_0": 362.565819978714,
    "relax_model_4_multimer_v3_pred_0": 156.80042386054993,
    "process_features_model_5_multimer_v3_pred_0": 5.245208740234375e-06,
    "predict_and_compile_model_5_multimer_v3_pred_0": 359.0067665576935,
    "relax_model_5_multimer_v3_pred_0": 191.60640716552734
}