{
    "iptm+ptm": {
        "model_1_multimer_v3_pred_0": 0.8430134777252432,
        "model_2_multimer_v3_pred_0": 0.8587916449423046,
        "model_3_multimer_v3_pred_0": 0.8404921040751087,
        "model_4_multimer_v3_pred_0": 0.8505604007904005,
        "model_5_multimer_v3_pred_0": 0.8447926619560499
    },
    "order": [
        "model_2_multimer_v3_pred_0",
        "model_4_multimer_v3_pred_0",
        "model_5_multimer_v3_pred_0",
        "model_1_multimer_v3_pred_0",
        "model_3_multimer_v3_pred_0"
    ]
}