{
    "features": 288.9348237514496,
    "process_features_model_1_multimer_v3_pred_0": 1.5020370483398438e-05,
    "predict_and_compile_model_1_multimer_v3_pred_0": 1498.2770845890045,
    "relax_model_1_multimer_v3_pred_0": 295.2905559539795,
    "process_features_model_2_multimer_v3_pred_0": 3.0279159545898438e-05,
    "predict_and_compile_model_2_multimer_v3_pred_0": 694.4541277885437,
    "relax_model_2_multimer_v3_pred_0": 872.3113901615143,
    "process_features_model_3_multimer_v3_pred_0": 2.5510787963867188e-05,
    "predict_and_compile_model_3_multimer_v3_pred_0": 749.8177177906036,
    "relax_model_3_multimer_v3_pred_0": 763.509688615799,
    "process_features_model_4_multimer_v3_pred_0": 2.0742416381835938e-05,
    "predict_and_compile_model_4_multimer_v3_pred_0": 884.4451704025269,
    "relax_model_4_multimer_v3_pred_0": 217.57421827316284,
    "process_features_model_5_multimer_v3_pred_0": 1.1205673217773438e-05,
    "predict_and_compile_model_5_multimer_v3_pred_0": 1539.875565290451,
    "relax_model_5_multimer_v3_pred_0": 398.5109586715698
}