{
    "iptm+ptm": {
        "model_1_multimer_v3_pred_0": 0.4072718864359993,
        "model_2_multimer_v3_pred_0": 0.4207609691707508,
        "model_3_multimer_v3_pred_0": 0.41239634733816044,
        "model_4_multimer_v3_pred_0": 0.3645294890237438,
        "model_5_multimer_v3_pred_0": 0.40589409080310246
    },
    "order": [
        "model_2_multimer_v3_pred_0",
        "model_3_multimer_v3_pred_0",
        "model_1_multimer_v3_pred_0",
        "model_5_multimer_v3_pred_0",
        "model_4_multimer_v3_pred_0"
    ]
}