{
    "features": 284.75507855415344,
    "process_features_model_1_multimer_v3_pred_0": 2.9087066650390625e-05,
    "predict_and_compile_model_1_multimer_v3_pred_0": 587.3867290019989,
    "relax_model_1_multimer_v3_pred_0": 345.8524749279022,
    "process_features_model_2_multimer_v3_pred_0": 5.4836273193359375e-06,
    "predict_and_compile_model_2_multimer_v3_pred_0": 568.4900135993958,
    "relax_model_2_multimer_v3_pred_0": 160.15390586853027,
    "process_features_model_3_multimer_v3_pred_0": 5.0067901611328125e-06,
    "predict_and_compile_model_3_multimer_v3_pred_0": 1402.5536370277405,
    "relax_model_3_multimer_v3_pred_0": 303.6020886898041,
    "process_features_model_4_multimer_v3_pred_0": 7.3909759521484375e-06,
    "predict_and_compile_model_4_multimer_v3_pred_0": 1380.9611678123474,
    "relax_model_4_multimer_v3_pred_0": 1234.992828130722,
    "process_features_model_5_multimer_v3_pred_0": 5.4836273193359375e-06,
    "predict_and_compile_model_5_multimer_v3_pred_0": 1389.1623833179474,
    "relax_model_5_multimer_v3_pred_0": 505.0851719379425
}