{
    "iptm+ptm": {
        "model_1_multimer_v3_pred_0": 0.597414601690168,
        "model_2_multimer_v3_pred_0": 0.6200618544618239,
        "model_3_multimer_v3_pred_0": 0.6456494350163197,
        "model_4_multimer_v3_pred_0": 0.6041215233032267,
        "model_5_multimer_v3_pred_0": 0.6389459110376077
    },
    "order": [
        "model_3_multimer_v3_pred_0",
        "model_5_multimer_v3_pred_0",
        "model_2_multimer_v3_pred_0",
        "model_4_multimer_v3_pred_0",
        "model_1_multimer_v3_pred_0"
    ]
}