{
    "features": 178.0251088142395,
    "process_features_model_1_multimer_v3_pred_0": 1.1205673217773438e-05,
    "predict_and_compile_model_1_multimer_v3_pred_0": 2163.538767337799,
    "relax_model_1_multimer_v3_pred_0": 818.6096415519714,
    "process_features_model_2_multimer_v3_pred_0": 5.9604644775390625e-06,
    "predict_and_compile_model_2_multimer_v3_pred_0": 2170.172462463379,
    "relax_model_2_multimer_v3_pred_0": 1326.3773076534271,
    "process_features_model_3_multimer_v3_pred_0": 5.245208740234375e-06,
    "predict_and_compile_model_3_multimer_v3_pred_0": 1463.895696401596,
    "relax_model_3_multimer_v3_pred_0": 1137.6987934112549,
    "process_features_model_4_multimer_v3_pred_0": 5.9604644775390625e-06,
    "predict_and_compile_model_4_multimer_v3_pred_0": 2134.8041496276855,
    "relax_model_4_multimer_v3_pred_0": 1157.6213736534119,
    "process_features_model_5_multimer_v3_pred_0": 5.7220458984375e-06,
    "predict_and_compile_model_5_multimer_v3_pred_0": 2115.0650067329407,
    "relax_model_5_multimer_v3_pred_0": 819.4118278026581
}