{
    "iptm+ptm": {
        "model_1_multimer_v3_pred_0": 0.9139309255547632,
        "model_2_multimer_v3_pred_0": 0.9205049781092302,
        "model_3_multimer_v3_pred_0": 0.9112583251916728,
        "model_4_multimer_v3_pred_0": 0.9183085455685833,
        "model_5_multimer_v3_pred_0": 0.9115072283661853
    },
    "order": [
        "model_2_multimer_v3_pred_0",
        "model_4_multimer_v3_pred_0",
        "model_1_multimer_v3_pred_0",
        "model_5_multimer_v3_pred_0",
        "model_3_multimer_v3_pred_0"
    ]
}