{
    "features": 80.05619740486145,
    "process_features_model_1_multimer_v3_pred_0": 1.5020370483398438e-05,
    "predict_and_compile_model_1_multimer_v3_pred_0": 147.18584156036377,
    "relax_model_1_multimer_v3_pred_0": 367.3053240776062,
    "process_features_model_2_multimer_v3_pred_0": 1.0013580322265625e-05,
    "predict_and_compile_model_2_multimer_v3_pred_0": 167.90001583099365,
    "relax_model_2_multimer_v3_pred_0": 173.64861464500427,
    "process_features_model_3_multimer_v3_pred_0": 6.4373016357421875e-06,
    "predict_and_compile_model_3_multimer_v3_pred_0": 229.55316877365112,
    "relax_model_3_multimer_v3_pred_0": 413.5943760871887,
    "process_features_model_4_multimer_v3_pred_0": 5.7220458984375e-06,
    "predict_and_compile_model_4_multimer_v3_pred_0": 173.64949345588684,
    "relax_model_4_multimer_v3_pred_0": 336.41016960144043,
    "process_features_model_5_multimer_v3_pred_0": 6.9141387939453125e-06,
    "predict_and_compile_model_5_multimer_v3_pred_0": 219.0569920539856,
    "relax_model_5_multimer_v3_pred_0": 310.70131182670593
}