{
    "iptm+ptm": {
        "model_1_multimer_v3_pred_0": 0.5528080749415885,
        "model_2_multimer_v3_pred_0": 0.5312162428957784,
        "model_3_multimer_v3_pred_0": 0.5677007823623521,
        "model_4_multimer_v3_pred_0": 0.6504412460442531,
        "model_5_multimer_v3_pred_0": 0.6795230116556905
    },
    "order": [
        "model_5_multimer_v3_pred_0",
        "model_4_multimer_v3_pred_0",
        "model_3_multimer_v3_pred_0",
        "model_1_multimer_v3_pred_0",
        "model_2_multimer_v3_pred_0"
    ]
}