{
    "features": 149.99670958518982,
    "process_features_model_1_multimer_v3_pred_0": 1.1444091796875e-05,
    "predict_and_compile_model_1_multimer_v3_pred_0": 910.4231328964233,
    "relax_model_1_multimer_v3_pred_0": 679.8660798072815,
    "process_features_model_2_multimer_v3_pred_0": 5.4836273193359375e-06,
    "predict_and_compile_model_2_multimer_v3_pred_0": 856.1124699115753,
    "relax_model_2_multimer_v3_pred_0": 584.2575685977936,
    "process_features_model_3_multimer_v3_pred_0": 5.4836273193359375e-06,
    "predict_and_compile_model_3_multimer_v3_pred_0": 1491.1851649284363,
    "relax_model_3_multimer_v3_pred_0": 625.8075039386749,
    "process_features_model_4_multimer_v3_pred_0": 5.4836273193359375e-06,
    "predict_and_compile_model_4_multimer_v3_pred_0": 1434.3065514564514,
    "relax_model_4_multimer_v3_pred_0": 469.62962198257446,
    "process_features_model_5_multimer_v3_pred_0": 5.4836273193359375e-06,
    "predict_and_compile_model_5_multimer_v3_pred_0": 1450.4486536979675,
    "relax_model_5_multimer_v3_pred_0": 258.5851745605469
}