{
    "iptm+ptm": {
        "model_1_multimer_v3_pred_0": 0.7754489164547632,
        "model_2_multimer_v3_pred_0": 0.7827782824949802,
        "model_3_multimer_v3_pred_0": 0.7632628519273764,
        "model_4_multimer_v3_pred_0": 0.7592733241078519,
        "model_5_multimer_v3_pred_0": 0.769194186993098
    },
    "order": [
        "model_2_multimer_v3_pred_0",
        "model_1_multimer_v3_pred_0",
        "model_5_multimer_v3_pred_0",
        "model_3_multimer_v3_pred_0",
        "model_4_multimer_v3_pred_0"
    ]
}