{
    "features": 234.5825617313385,
    "process_features_model_1_multimer_v3_pred_0": 1.239776611328125e-05,
    "predict_and_compile_model_1_multimer_v3_pred_0": 483.0768451690674,
    "relax_model_1_multimer_v3_pred_0": 217.60227942466736,
    "process_features_model_2_multimer_v3_pred_0": 1.049041748046875e-05,
    "predict_and_compile_model_2_multimer_v3_pred_0": 425.09447407722473,
    "relax_model_2_multimer_v3_pred_0": 347.7809100151062,
    "process_features_model_3_multimer_v3_pred_0": 8.106231689453125e-06,
    "predict_and_compile_model_3_multimer_v3_pred_0": 420.89344120025635,
    "relax_model_3_multimer_v3_pred_0": 199.4046700000763,
    "process_features_model_4_multimer_v3_pred_0": 1.239776611328125e-05,
    "predict_and_compile_model_4_multimer_v3_pred_0": 494.6315948963165,
    "relax_model_4_multimer_v3_pred_0": 340.29993176460266,
    "process_features_model_5_multimer_v3_pred_0": 9.059906005859375e-06,
    "predict_and_compile_model_5_multimer_v3_pred_0": 419.6750729084015,
    "relax_model_5_multimer_v3_pred_0": 337.72419238090515
}