{
    "iptm+ptm": {
        "model_1_multimer_v3_pred_0": 0.8446221394983745,
        "model_2_multimer_v3_pred_0": 0.8355888706286002,
        "model_3_multimer_v3_pred_0": 0.8427762696483927,
        "model_4_multimer_v3_pred_0": 0.8527246570857221,
        "model_5_multimer_v3_pred_0": 0.8379765031004426
    },
    "order": [
        "model_4_multimer_v3_pred_0",
        "model_1_multimer_v3_pred_0",
        "model_3_multimer_v3_pred_0",
        "model_5_multimer_v3_pred_0",
        "model_2_multimer_v3_pred_0"
    ]
}