{
    "features": 171.77368450164795,
    "process_features_model_1_multimer_v3_pred_0": 1.0967254638671875e-05,
    "predict_and_compile_model_1_multimer_v3_pred_0": 416.16602396965027,
    "relax_model_1_multimer_v3_pred_0": 164.32226967811584,
    "process_features_model_2_multimer_v3_pred_0": 3.504753112792969e-05,
    "predict_and_compile_model_2_multimer_v3_pred_0": 476.7569348812103,
    "relax_model_2_multimer_v3_pred_0": 262.6746220588684,
    "process_features_model_3_multimer_v3_pred_0": 6.198883056640625e-06,
    "predict_and_compile_model_3_multimer_v3_pred_0": 416.0234863758087,
    "relax_model_3_multimer_v3_pred_0": 401.70711398124695,
    "process_features_model_4_multimer_v3_pred_0": 6.4373016357421875e-06,
    "predict_and_compile_model_4_multimer_v3_pred_0": 533.5902366638184,
    "relax_model_4_multimer_v3_pred_0": 224.47025227546692,
    "process_features_model_5_multimer_v3_pred_0": 5.245208740234375e-06,
    "predict_and_compile_model_5_multimer_v3_pred_0": 398.08428382873535,
    "relax_model_5_multimer_v3_pred_0": 460.2174355983734
}