{
    "iptm+ptm": {
        "model_1_multimer_v3_pred_0": 0.8405080136261834,
        "model_2_multimer_v3_pred_0": 0.8384371127422747,
        "model_3_multimer_v3_pred_0": 0.8304587148695712,
        "model_4_multimer_v3_pred_0": 0.8367828472275918,
        "model_5_multimer_v3_pred_0": 0.8445522282158118
    },
    "order": [
        "model_5_multimer_v3_pred_0",
        "model_1_multimer_v3_pred_0",
        "model_2_multimer_v3_pred_0",
        "model_4_multimer_v3_pred_0",
        "model_3_multimer_v3_pred_0"
    ]
}