{
    "features": 228.82569456100464,
    "process_features_model_1_multimer_v3_pred_0": 1.2874603271484375e-05,
    "predict_and_compile_model_1_multimer_v3_pred_0": 503.15602707862854,
    "relax_model_1_multimer_v3_pred_0": 285.29043078422546,
    "process_features_model_2_multimer_v3_pred_0": 6.4373016357421875e-06,
    "predict_and_compile_model_2_multimer_v3_pred_0": 496.16649985313416,
    "relax_model_2_multimer_v3_pred_0": 184.9831781387329,
    "process_features_model_3_multimer_v3_pred_0": 5.4836273193359375e-06,
    "predict_and_compile_model_3_multimer_v3_pred_0": 556.9573924541473,
    "relax_model_3_multimer_v3_pred_0": 275.92486476898193,
    "process_features_model_4_multimer_v3_pred_0": 5.0067901611328125e-06,
    "predict_and_compile_model_4_multimer_v3_pred_0": 610.0914731025696,
    "relax_model_4_multimer_v3_pred_0": 319.95332503318787,
    "process_features_model_5_multimer_v3_pred_0": 7.867813110351562e-06,
    "predict_and_compile_model_5_multimer_v3_pred_0": 516.7209944725037,
    "relax_model_5_multimer_v3_pred_0": 280.20963525772095
}