{
    "iptm+ptm": {
        "model_1_multimer_v3_pred_0": 0.7989462973117449,
        "model_2_multimer_v3_pred_0": 0.7936477311413696,
        "model_3_multimer_v3_pred_0": 0.7830987434397627,
        "model_4_multimer_v3_pred_0": 0.7601089320445398,
        "model_5_multimer_v3_pred_0": 0.782110511240302
    },
    "order": [
        "model_1_multimer_v3_pred_0",
        "model_2_multimer_v3_pred_0",
        "model_3_multimer_v3_pred_0",
        "model_5_multimer_v3_pred_0",
        "model_4_multimer_v3_pred_0"
    ]
}