{
    "features": 273.94446420669556,
    "process_features_model_1_multimer_v3_pred_0": 1.1444091796875e-05,
    "predict_and_compile_model_1_multimer_v3_pred_0": 459.304794549942,
    "relax_model_1_multimer_v3_pred_0": 257.798810005188,
    "process_features_model_2_multimer_v3_pred_0": 6.198883056640625e-06,
    "predict_and_compile_model_2_multimer_v3_pred_0": 496.50377225875854,
    "relax_model_2_multimer_v3_pred_0": 287.0805881023407,
    "process_features_model_3_multimer_v3_pred_0": 5.4836273193359375e-06,
    "predict_and_compile_model_3_multimer_v3_pred_0": 563.9774966239929,
    "relax_model_3_multimer_v3_pred_0": 281.47857999801636,
    "process_features_model_4_multimer_v3_pred_0": 5.4836273193359375e-06,
    "predict_and_compile_model_4_multimer_v3_pred_0": 545.5347321033478,
    "relax_model_4_multimer_v3_pred_0": 371.76107835769653,
    "process_features_model_5_multimer_v3_pred_0": 7.867813110351562e-06,
    "predict_and_compile_model_5_multimer_v3_pred_0": 416.2685704231262,
    "relax_model_5_multimer_v3_pred_0": 362.9538152217865
}