{
    "iptm+ptm": {
        "model_1_multimer_v3_pred_0": 0.7942889355139335,
        "model_2_multimer_v3_pred_0": 0.8123130195776783,
        "model_3_multimer_v3_pred_0": 0.7925836167599842,
        "model_4_multimer_v3_pred_0": 0.8113919463265176,
        "model_5_multimer_v3_pred_0": 0.8235562212655776
    },
    "order": [
        "model_5_multimer_v3_pred_0",
        "model_2_multimer_v3_pred_0",
        "model_4_multimer_v3_pred_0",
        "model_1_multimer_v3_pred_0",
        "model_3_multimer_v3_pred_0"
    ]
}