{
    "features": 219.02986025810242,
    "process_features_model_1_multimer_v3_pred_0": 1.0251998901367188e-05,
    "predict_and_compile_model_1_multimer_v3_pred_0": 514.2084515094757,
    "relax_model_1_multimer_v3_pred_0": 169.4935643672943,
    "process_features_model_2_multimer_v3_pred_0": 5.4836273193359375e-06,
    "predict_and_compile_model_2_multimer_v3_pred_0": 407.7374897003174,
    "relax_model_2_multimer_v3_pred_0": 209.0749204158783,
    "process_features_model_3_multimer_v3_pred_0": 9.5367431640625e-06,
    "predict_and_compile_model_3_multimer_v3_pred_0": 465.9587650299072,
    "relax_model_3_multimer_v3_pred_0": 289.66581535339355,
    "process_features_model_4_multimer_v3_pred_0": 6.198883056640625e-06,
    "predict_and_compile_model_4_multimer_v3_pred_0": 362.31120562553406,
    "relax_model_4_multimer_v3_pred_0": 169.9301187992096,
    "process_features_model_5_multimer_v3_pred_0": 6.4373016357421875e-06,
    "predict_and_compile_model_5_multimer_v3_pred_0": 403.84216380119324,
    "relax_model_5_multimer_v3_pred_0": 192.16910576820374
}