{
    "iptm+ptm": {
        "model_1_multimer_v3_pred_0": 0.6403189013621751,
        "model_2_multimer_v3_pred_0": 0.638026069601906,
        "model_3_multimer_v3_pred_0": 0.6449940861747642,
        "model_4_multimer_v3_pred_0": 0.6541559147111704,
        "model_5_multimer_v3_pred_0": 0.6340250470402311
    },
    "order": [
        "model_4_multimer_v3_pred_0",
        "model_3_multimer_v3_pred_0",
        "model_1_multimer_v3_pred_0",
        "model_2_multimer_v3_pred_0",
        "model_5_multimer_v3_pred_0"
    ]
}