{
    "features": 848.1282794475555,
    "process_features_model_1_multimer_v3_pred_0": 1.0967254638671875e-05,
    "predict_and_compile_model_1_multimer_v3_pred_0": 7968.664694547653,
    "relax_model_1_multimer_v3_pred_0": 4688.830030918121,
    "process_features_model_2_multimer_v3_pred_0": 2.3126602172851562e-05,
    "predict_and_compile_model_2_multimer_v3_pred_0": 7573.455504894257,
    "relax_model_2_multimer_v3_pred_0": 6402.66864156723,
    "process_features_model_3_multimer_v3_pred_0": 1.4781951904296875e-05,
    "predict_and_compile_model_3_multimer_v3_pred_0": 7923.775772094727,
    "relax_model_3_multimer_v3_pred_0": 5147.433849096298,
    "process_features_model_4_multimer_v3_pred_0": 1.7404556274414062e-05,
    "predict_and_compile_model_4_multimer_v3_pred_0": 7751.732685804367,
    "relax_model_4_multimer_v3_pred_0": 4392.724386930466,
    "process_features_model_5_multimer_v3_pred_0": 4.76837158203125e-06,
    "predict_and_compile_model_5_multimer_v3_pred_0": 7745.349736213684,
    "relax_model_5_multimer_v3_pred_0": 3878.1013419628143
}