{
    "iptm+ptm": {
        "model_1_multimer_v3_pred_0": 0.7427116368448134,
        "model_2_multimer_v3_pred_0": 0.7514222030242551,
        "model_3_multimer_v3_pred_0": 0.7330312963110839,
        "model_4_multimer_v3_pred_0": 0.7316201512581043,
        "model_5_multimer_v3_pred_0": 0.7429077352954487
    },
    "order": [
        "model_2_multimer_v3_pred_0",
        "model_5_multimer_v3_pred_0",
        "model_1_multimer_v3_pred_0",
        "model_3_multimer_v3_pred_0",
        "model_4_multimer_v3_pred_0"
    ]
}