{
    "features": 281.5046067237854,
    "process_features_model_1_multimer_v3_pred_0": 2.09808349609375e-05,
    "predict_and_compile_model_1_multimer_v3_pred_0": 760.5655591487885,
    "relax_model_1_multimer_v3_pred_0": 238.51434874534607,
    "process_features_model_2_multimer_v3_pred_0": 6.4373016357421875e-06,
    "predict_and_compile_model_2_multimer_v3_pred_0": 894.0176973342896,
    "relax_model_2_multimer_v3_pred_0": 502.4733989238739,
    "process_features_model_3_multimer_v3_pred_0": 5.4836273193359375e-06,
    "predict_and_compile_model_3_multimer_v3_pred_0": 1429.9596984386444,
    "relax_model_3_multimer_v3_pred_0": 398.57525849342346,
    "process_features_model_4_multimer_v3_pred_0": 7.62939453125e-06,
    "predict_and_compile_model_4_multimer_v3_pred_0": 1423.4192624092102,
    "relax_model_4_multimer_v3_pred_0": 260.5086040496826,
    "process_features_model_5_multimer_v3_pred_0": 7.62939453125e-06,
    "predict_and_compile_model_5_multimer_v3_pred_0": 1453.5515840053558,
    "relax_model_5_multimer_v3_pred_0": 255.27866911888123
}