{
    "iptm+ptm": {
        "model_1_multimer_v3_pred_0": 0.8366016274039416,
        "model_2_multimer_v3_pred_0": 0.8388983605372038,
        "model_3_multimer_v3_pred_0": 0.8512796135524359,
        "model_4_multimer_v3_pred_0": 0.8445264902405807,
        "model_5_multimer_v3_pred_0": 0.8428136362295275
    },
    "order": [
        "model_3_multimer_v3_pred_0",
        "model_4_multimer_v3_pred_0",
        "model_5_multimer_v3_pred_0",
        "model_2_multimer_v3_pred_0",
        "model_1_multimer_v3_pred_0"
    ]
}