{
    "features": 56.595526456832886,
    "process_features_model_1_multimer_v3_pred_0": 1.049041748046875e-05,
    "predict_and_compile_model_1_multimer_v3_pred_0": 491.3923964500427,
    "relax_model_1_multimer_v3_pred_0": 229.6152422428131,
    "process_features_model_2_multimer_v3_pred_0": 1.1682510375976562e-05,
    "predict_and_compile_model_2_multimer_v3_pred_0": 433.72291326522827,
    "relax_model_2_multimer_v3_pred_0": 208.55590963363647,
    "process_features_model_3_multimer_v3_pred_0": 9.5367431640625e-06,
    "predict_and_compile_model_3_multimer_v3_pred_0": 455.8812036514282,
    "relax_model_3_multimer_v3_pred_0": 156.06885147094727,
    "process_features_model_4_multimer_v3_pred_0": 8.58306884765625e-06,
    "predict_and_compile_model_4_multimer_v3_pred_0": 436.9361891746521,
    "relax_model_4_multimer_v3_pred_0": 207.4829797744751,
    "process_features_model_5_multimer_v3_pred_0": 2.1696090698242188e-05,
    "predict_and_compile_model_5_multimer_v3_pred_0": 413.45079374313354,
    "relax_model_5_multimer_v3_pred_0": 166.29512071609497
}