{
    "iptm+ptm": {
        "model_1_multimer_v3_pred_0": 0.38152064843128897,
        "model_2_multimer_v3_pred_0": 0.3960101468078069,
        "model_3_multimer_v3_pred_0": 0.6142352043935538,
        "model_4_multimer_v3_pred_0": 0.5895589467561836,
        "model_5_multimer_v3_pred_0": 0.5940102799754688
    },
    "order": [
        "model_3_multimer_v3_pred_0",
        "model_5_multimer_v3_pred_0",
        "model_4_multimer_v3_pred_0",
        "model_2_multimer_v3_pred_0",
        "model_1_multimer_v3_pred_0"
    ]
}