{
    "features": 213.40639424324036,
    "process_features_model_1_multimer_v3_pred_0": 9.5367431640625e-06,
    "predict_and_compile_model_1_multimer_v3_pred_0": 1580.717942237854,
    "relax_model_1_multimer_v3_pred_0": 179.52479791641235,
    "process_features_model_2_multimer_v3_pred_0": 5.0067901611328125e-06,
    "predict_and_compile_model_2_multimer_v3_pred_0": 1573.3277251720428,
    "relax_model_2_multimer_v3_pred_0": 1134.8024122714996,
    "process_features_model_3_multimer_v3_pred_0": 5.245208740234375e-06,
    "predict_and_compile_model_3_multimer_v3_pred_0": 813.9580500125885,
    "relax_model_3_multimer_v3_pred_0": 427.8753204345703,
    "process_features_model_4_multimer_v3_pred_0": 5.0067901611328125e-06,
    "predict_and_compile_model_4_multimer_v3_pred_0": 1530.1433930397034,
    "relax_model_4_multimer_v3_pred_0": 243.90749502182007,
    "process_features_model_5_multimer_v3_pred_0": 5.7220458984375e-06,
    "predict_and_compile_model_5_multimer_v3_pred_0": 1526.4921894073486,
    "relax_model_5_multimer_v3_pred_0": 286.75579619407654
}