{
    "iptm+ptm": {
        "model_1_multimer_v3_pred_0": 0.7563050296167457,
        "model_2_multimer_v3_pred_0": 0.8071453574019991,
        "model_3_multimer_v3_pred_0": 0.8512148586139452,
        "model_4_multimer_v3_pred_0": 0.7967040540074741,
        "model_5_multimer_v3_pred_0": 0.8558783344741837
    },
    "order": [
        "model_5_multimer_v3_pred_0",
        "model_3_multimer_v3_pred_0",
        "model_2_multimer_v3_pred_0",
        "model_4_multimer_v3_pred_0",
        "model_1_multimer_v3_pred_0"
    ]
}