{
    "features": 168.09892320632935,
    "process_features_model_1_multimer_v3_pred_0": 2.765655517578125e-05,
    "predict_and_compile_model_1_multimer_v3_pred_0": 758.0393958091736,
    "relax_model_1_multimer_v3_pred_0": 226.72684955596924,
    "process_features_model_2_multimer_v3_pred_0": 5.0067901611328125e-06,
    "predict_and_compile_model_2_multimer_v3_pred_0": 761.567125082016,
    "relax_model_2_multimer_v3_pred_0": 221.06006479263306,
    "process_features_model_3_multimer_v3_pred_0": 5.4836273193359375e-06,
    "predict_and_compile_model_3_multimer_v3_pred_0": 578.1554086208344,
    "relax_model_3_multimer_v3_pred_0": 219.11200380325317,
    "process_features_model_4_multimer_v3_pred_0": 5.9604644775390625e-06,
    "predict_and_compile_model_4_multimer_v3_pred_0": 508.5900387763977,
    "relax_model_4_multimer_v3_pred_0": 183.39107084274292,
    "process_features_model_5_multimer_v3_pred_0": 5.4836273193359375e-06,
    "predict_and_compile_model_5_multimer_v3_pred_0": 804.8129649162292,
    "relax_model_5_multimer_v3_pred_0": 221.781809091568
}