{
    "iptm+ptm": {
        "model_1_multimer_v3_pred_0": 0.35776905859620856,
        "model_2_multimer_v3_pred_0": 0.3951352281911472,
        "model_3_multimer_v3_pred_0": 0.4000238030191515,
        "model_4_multimer_v3_pred_0": 0.37738459329655905,
        "model_5_multimer_v3_pred_0": 0.424222338243444
    },
    "order": [
        "model_5_multimer_v3_pred_0",
        "model_3_multimer_v3_pred_0",
        "model_2_multimer_v3_pred_0",
        "model_4_multimer_v3_pred_0",
        "model_1_multimer_v3_pred_0"
    ]
}