{
    "features": 258.3731553554535,
    "process_features_model_1_multimer_v3_pred_0": 1.049041748046875e-05,
    "predict_and_compile_model_1_multimer_v3_pred_0": 938.1467278003693,
    "relax_model_1_multimer_v3_pred_0": 290.09538769721985,
    "process_features_model_2_multimer_v3_pred_0": 5.245208740234375e-06,
    "predict_and_compile_model_2_multimer_v3_pred_0": 571.3755774497986,
    "relax_model_2_multimer_v3_pred_0": 177.0531644821167,
    "process_features_model_3_multimer_v3_pred_0": 5.0067901611328125e-06,
    "predict_and_compile_model_3_multimer_v3_pred_0": 448.55704498291016,
    "relax_model_3_multimer_v3_pred_0": 834.9239921569824,
    "process_features_model_4_multimer_v3_pred_0": 5.4836273193359375e-06,
    "predict_and_compile_model_4_multimer_v3_pred_0": 1226.0739934444427,
    "relax_model_4_multimer_v3_pred_0": 286.75455594062805,
    "process_features_model_5_multimer_v3_pred_0": 5.245208740234375e-06,
    "predict_and_compile_model_5_multimer_v3_pred_0": 744.2715544700623,
    "relax_model_5_multimer_v3_pred_0": 783.6977353096008
}