{
    "iptm+ptm": {
        "model_1_multimer_v3_pred_0": 0.7831110498184359,
        "model_2_multimer_v3_pred_0": 0.7453331157825933,
        "model_3_multimer_v3_pred_0": 0.7470459929781722,
        "model_4_multimer_v3_pred_0": 0.7454483464257194,
        "model_5_multimer_v3_pred_0": 0.7246253913689695
    },
    "order": [
        "model_1_multimer_v3_pred_0",
        "model_3_multimer_v3_pred_0",
        "model_4_multimer_v3_pred_0",
        "model_2_multimer_v3_pred_0",
        "model_5_multimer_v3_pred_0"
    ]
}