{
    "features": 223.89639616012573,
    "process_features_model_1_multimer_v3_pred_0": 1.2636184692382812e-05,
    "predict_and_compile_model_1_multimer_v3_pred_0": 602.4547407627106,
    "process_features_model_2_multimer_v3_pred_0": 1.0251998901367188e-05,
    "predict_and_compile_model_2_multimer_v3_pred_0": 814.1798810958862,
    "process_features_model_3_multimer_v3_pred_0": 7.867813110351562e-06,
    "predict_and_compile_model_3_multimer_v3_pred_0": 741.1299245357513,
    "process_features_model_4_multimer_v3_pred_0": 2.7179718017578125e-05,
    "predict_and_compile_model_4_multimer_v3_pred_0": 663.9176092147827,
    "process_features_model_5_multimer_v3_pred_0": 9.298324584960938e-06,
    "predict_and_compile_model_5_multimer_v3_pred_0": 604.9736294746399
}