{
    "iptm+ptm": {
        "model_1_multimer_v3_pred_0": 0.8154182032221627,
        "model_2_multimer_v3_pred_0": 0.8375773369321758,
        "model_3_multimer_v3_pred_0": 0.8197442744290507,
        "model_4_multimer_v3_pred_0": 0.8300975470712517,
        "model_5_multimer_v3_pred_0": 0.8425787780423074
    },
    "order": [
        "model_5_multimer_v3_pred_0",
        "model_2_multimer_v3_pred_0",
        "model_4_multimer_v3_pred_0",
        "model_3_multimer_v3_pred_0",
        "model_1_multimer_v3_pred_0"
    ]
}