{
    "features": 237.5531280040741,
    "process_features_model_1_multimer_v3_pred_0": 2.7894973754882812e-05,
    "predict_and_compile_model_1_multimer_v3_pred_0": 540.1358284950256,
    "relax_model_1_multimer_v3_pred_0": 237.3634512424469,
    "process_features_model_2_multimer_v3_pred_0": 5.4836273193359375e-06,
    "predict_and_compile_model_2_multimer_v3_pred_0": 490.9466106891632,
    "relax_model_2_multimer_v3_pred_0": 568.9895405769348,
    "process_features_model_3_multimer_v3_pred_0": 4.5299530029296875e-06,
    "predict_and_compile_model_3_multimer_v3_pred_0": 575.2696077823639,
    "relax_model_3_multimer_v3_pred_0": 503.64694356918335,
    "process_features_model_4_multimer_v3_pred_0": 1.9788742065429688e-05,
    "predict_and_compile_model_4_multimer_v3_pred_0": 876.996598482132,
    "relax_model_4_multimer_v3_pred_0": 166.1768262386322,
    "process_features_model_5_multimer_v3_pred_0": 5.7220458984375e-06,
    "predict_and_compile_model_5_multimer_v3_pred_0": 855.5108730792999,
    "relax_model_5_multimer_v3_pred_0": 179.43832778930664
}