{
    "iptm+ptm": {
        "model_1_multimer_v3_pred_0": 0.5941272206909782,
        "model_2_multimer_v3_pred_0": 0.6077526307920709,
        "model_3_multimer_v3_pred_0": 0.6972634784031636,
        "model_4_multimer_v3_pred_0": 0.6638728795611026,
        "model_5_multimer_v3_pred_0": 0.650968319221489
    },
    "order": [
        "model_3_multimer_v3_pred_0",
        "model_4_multimer_v3_pred_0",
        "model_5_multimer_v3_pred_0",
        "model_2_multimer_v3_pred_0",
        "model_1_multimer_v3_pred_0"
    ]
}