{
    "features": 666.3061606884003,
    "process_features_model_1_multimer_v3_pred_0": 2.4557113647460938e-05,
    "predict_and_compile_model_1_multimer_v3_pred_0": 779.9736349582672,
    "relax_model_1_multimer_v3_pred_0": 291.28873682022095,
    "process_features_model_2_multimer_v3_pred_0": 2.288818359375e-05,
    "predict_and_compile_model_2_multimer_v3_pred_0": 747.856228351593,
    "relax_model_2_multimer_v3_pred_0": 422.8654751777649,
    "process_features_model_3_multimer_v3_pred_0": 2.3603439331054688e-05,
    "predict_and_compile_model_3_multimer_v3_pred_0": 759.4318060874939,
    "relax_model_3_multimer_v3_pred_0": 499.2992720603943,
    "process_features_model_4_multimer_v3_pred_0": 2.002716064453125e-05,
    "predict_and_compile_model_4_multimer_v3_pred_0": 1077.3394074440002,
    "relax_model_4_multimer_v3_pred_0": 389.50609374046326,
    "process_features_model_5_multimer_v3_pred_0": 1.9788742065429688e-05,
    "predict_and_compile_model_5_multimer_v3_pred_0": 746.6572463512421,
    "relax_model_5_multimer_v3_pred_0": 375.9968717098236
}