{
    "iptm+ptm": {
        "model_1_multimer_v3_pred_0": 0.5702124682880474,
        "model_2_multimer_v3_pred_0": 0.566582625431988,
        "model_3_multimer_v3_pred_0": 0.6497080421189358,
        "model_4_multimer_v3_pred_0": 0.5580637330779726,
        "model_5_multimer_v3_pred_0": 0.5925245697621276
    },
    "order": [
        "model_3_multimer_v3_pred_0",
        "model_5_multimer_v3_pred_0",
        "model_1_multimer_v3_pred_0",
        "model_2_multimer_v3_pred_0",
        "model_4_multimer_v3_pred_0"
    ]
}