{
    "features": 88.52193260192871,
    "process_features_model_1_multimer_v3_pred_0": 2.3126602172851562e-05,
    "predict_and_compile_model_1_multimer_v3_pred_0": 341.27874732017517,
    "process_features_model_2_multimer_v3_pred_0": 1.1205673217773438e-05,
    "predict_and_compile_model_2_multimer_v3_pred_0": 391.7670512199402,
    "process_features_model_3_multimer_v3_pred_0": 2.1219253540039062e-05,
    "predict_and_compile_model_3_multimer_v3_pred_0": 391.95230507850647,
    "process_features_model_4_multimer_v3_pred_0": 8.344650268554688e-06,
    "predict_and_compile_model_4_multimer_v3_pred_0": 339.9602918624878,
    "process_features_model_5_multimer_v3_pred_0": 7.3909759521484375e-06,
    "predict_and_compile_model_5_multimer_v3_pred_0": 355.96271991729736
}