{
    "iptm+ptm": {
        "model_1_multimer_v3_pred_0": 0.6271105852747989,
        "model_2_multimer_v3_pred_0": 0.638277843348322,
        "model_3_multimer_v3_pred_0": 0.5952803434789197,
        "model_4_multimer_v3_pred_0": 0.7833569787902024,
        "model_5_multimer_v3_pred_0": 0.7398046780344958
    },
    "order": [
        "model_4_multimer_v3_pred_0",
        "model_5_multimer_v3_pred_0",
        "model_2_multimer_v3_pred_0",
        "model_1_multimer_v3_pred_0",
        "model_3_multimer_v3_pred_0"
    ]
}