{
    "features": 239.37977981567383,
    "process_features_model_1_multimer_v3_pred_0": 2.4080276489257812e-05,
    "predict_and_compile_model_1_multimer_v3_pred_0": 856.3350670337677,
    "relax_model_1_multimer_v3_pred_0": 190.212637424469,
    "process_features_model_2_multimer_v3_pred_0": 5.4836273193359375e-06,
    "predict_and_compile_model_2_multimer_v3_pred_0": 1049.3067362308502,
    "relax_model_2_multimer_v3_pred_0": 216.38246750831604,
    "process_features_model_3_multimer_v3_pred_0": 4.76837158203125e-06,
    "predict_and_compile_model_3_multimer_v3_pred_0": 1411.7359521389008,
    "relax_model_3_multimer_v3_pred_0": 574.513742685318,
    "process_features_model_4_multimer_v3_pred_0": 5.245208740234375e-06,
    "predict_and_compile_model_4_multimer_v3_pred_0": 1389.2193539142609,
    "relax_model_4_multimer_v3_pred_0": 492.73164892196655,
    "process_features_model_5_multimer_v3_pred_0": 5.4836273193359375e-06,
    "predict_and_compile_model_5_multimer_v3_pred_0": 1368.5721173286438,
    "relax_model_5_multimer_v3_pred_0": 308.3344659805298
}