{
    "iptm+ptm": {
        "model_1_multimer_v3_pred_0": 0.8683150987587192,
        "model_2_multimer_v3_pred_0": 0.8776560724449507,
        "model_3_multimer_v3_pred_0": 0.8696782010619721,
        "model_4_multimer_v3_pred_0": 0.8606718235867172,
        "model_5_multimer_v3_pred_0": 0.8801242392705693
    },
    "order": [
        "model_5_multimer_v3_pred_0",
        "model_2_multimer_v3_pred_0",
        "model_3_multimer_v3_pred_0",
        "model_1_multimer_v3_pred_0",
        "model_4_multimer_v3_pred_0"
    ]
}