{
    "features": 173.24408602714539,
    "process_features_model_1_multimer_v3_pred_0": 1.0251998901367188e-05,
    "predict_and_compile_model_1_multimer_v3_pred_0": 1755.2238473892212,
    "relax_model_1_multimer_v3_pred_0": 1160.4531846046448,
    "process_features_model_2_multimer_v3_pred_0": 5.0067901611328125e-06,
    "predict_and_compile_model_2_multimer_v3_pred_0": 813.6263082027435,
    "relax_model_2_multimer_v3_pred_0": 332.60685753822327,
    "process_features_model_3_multimer_v3_pred_0": 5.4836273193359375e-06,
    "predict_and_compile_model_3_multimer_v3_pred_0": 988.5181379318237,
    "relax_model_3_multimer_v3_pred_0": 1017.0207409858704,
    "process_features_model_4_multimer_v3_pred_0": 1.0251998901367188e-05,
    "predict_and_compile_model_4_multimer_v3_pred_0": 1722.9527599811554,
    "relax_model_4_multimer_v3_pred_0": 585.6569125652313,
    "process_features_model_5_multimer_v3_pred_0": 5.245208740234375e-06,
    "predict_and_compile_model_5_multimer_v3_pred_0": 743.6264958381653,
    "relax_model_5_multimer_v3_pred_0": 292.57712483406067
}