{
    "iptm+ptm": {
        "model_1_multimer_v3_pred_0": 0.8078848833385964,
        "model_2_multimer_v3_pred_0": 0.824393752494545,
        "model_3_multimer_v3_pred_0": 0.8535529488374928,
        "model_4_multimer_v3_pred_0": 0.7999013775003073,
        "model_5_multimer_v3_pred_0": 0.8587695776109533
    },
    "order": [
        "model_5_multimer_v3_pred_0",
        "model_3_multimer_v3_pred_0",
        "model_2_multimer_v3_pred_0",
        "model_1_multimer_v3_pred_0",
        "model_4_multimer_v3_pred_0"
    ]
}