{
    "features": 182.38759207725525,
    "process_features_model_1_multimer_v3_pred_0": 2.6702880859375e-05,
    "predict_and_compile_model_1_multimer_v3_pred_0": 449.29777240753174,
    "relax_model_1_multimer_v3_pred_0": 257.6337630748749,
    "process_features_model_2_multimer_v3_pred_0": 6.4373016357421875e-06,
    "predict_and_compile_model_2_multimer_v3_pred_0": 754.1420013904572,
    "relax_model_2_multimer_v3_pred_0": 183.89894080162048,
    "process_features_model_3_multimer_v3_pred_0": 1.239776611328125e-05,
    "predict_and_compile_model_3_multimer_v3_pred_0": 502.1200387477875,
    "relax_model_3_multimer_v3_pred_0": 322.1207027435303,
    "process_features_model_4_multimer_v3_pred_0": 4.291534423828125e-06,
    "predict_and_compile_model_4_multimer_v3_pred_0": 566.5398361682892,
    "relax_model_4_multimer_v3_pred_0": 500.35001730918884,
    "process_features_model_5_multimer_v3_pred_0": 4.76837158203125e-06,
    "predict_and_compile_model_5_multimer_v3_pred_0": 1096.3012475967407,
    "relax_model_5_multimer_v3_pred_0": 214.92146825790405
}