{
    "iptm+ptm": {
        "model_1_multimer_v3_pred_0": 0.43862401025458464,
        "model_2_multimer_v3_pred_0": 0.5996853793679718,
        "model_3_multimer_v3_pred_0": 0.5621019669033523,
        "model_4_multimer_v3_pred_0": 0.6387905652304097,
        "model_5_multimer_v3_pred_0": 0.5515413865329033
    },
    "order": [
        "model_4_multimer_v3_pred_0",
        "model_2_multimer_v3_pred_0",
        "model_3_multimer_v3_pred_0",
        "model_5_multimer_v3_pred_0",
        "model_1_multimer_v3_pred_0"
    ]
}