{
    "features": 278.0450129508972,
    "process_features_model_1_multimer_v3_pred_0": 1.6927719116210938e-05,
    "predict_and_compile_model_1_multimer_v3_pred_0": 482.89425563812256,
    "relax_model_1_multimer_v3_pred_0": 150.36838364601135,
    "process_features_model_2_multimer_v3_pred_0": 2.4318695068359375e-05,
    "predict_and_compile_model_2_multimer_v3_pred_0": 481.13219380378723,
    "relax_model_2_multimer_v3_pred_0": 239.89632153511047,
    "process_features_model_3_multimer_v3_pred_0": 8.58306884765625e-06,
    "predict_and_compile_model_3_multimer_v3_pred_0": 704.1794455051422,
    "relax_model_3_multimer_v3_pred_0": 301.8377630710602,
    "process_features_model_4_multimer_v3_pred_0": 8.821487426757812e-06,
    "predict_and_compile_model_4_multimer_v3_pred_0": 476.63926577568054,
    "relax_model_4_multimer_v3_pred_0": 325.6111183166504,
    "process_features_model_5_multimer_v3_pred_0": 8.106231689453125e-06,
    "predict_and_compile_model_5_multimer_v3_pred_0": 484.0875029563904,
    "relax_model_5_multimer_v3_pred_0": 268.45454144477844
}