{
    "iptm+ptm": {
        "model_1_multimer_v3_pred_0": 0.892484104622585,
        "model_2_multimer_v3_pred_0": 0.8883299288021425,
        "model_3_multimer_v3_pred_0": 0.8744443320433919,
        "model_4_multimer_v3_pred_0": 0.8596838987269059,
        "model_5_multimer_v3_pred_0": 0.8694306156969052
    },
    "order": [
        "model_1_multimer_v3_pred_0",
        "model_2_multimer_v3_pred_0",
        "model_3_multimer_v3_pred_0",
        "model_5_multimer_v3_pred_0",
        "model_4_multimer_v3_pred_0"
    ]
}