{
    "features": 146.67620587348938,
    "process_features_model_1_multimer_v3_pred_0": 3.552436828613281e-05,
    "predict_and_compile_model_1_multimer_v3_pred_0": 362.2701642513275,
    "relax_model_1_multimer_v3_pred_0": 211.0682430267334,
    "process_features_model_2_multimer_v3_pred_0": 8.344650268554688e-06,
    "predict_and_compile_model_2_multimer_v3_pred_0": 427.113121509552,
    "relax_model_2_multimer_v3_pred_0": 236.06458044052124,
    "process_features_model_3_multimer_v3_pred_0": 1.0013580322265625e-05,
    "predict_and_compile_model_3_multimer_v3_pred_0": 413.6072587966919,
    "relax_model_3_multimer_v3_pred_0": 173.1527225971222,
    "process_features_model_4_multimer_v3_pred_0": 1.5497207641601562e-05,
    "predict_and_compile_model_4_multimer_v3_pred_0": 823.3195340633392,
    "relax_model_4_multimer_v3_pred_0": 238.47474813461304,
    "process_features_model_5_multimer_v3_pred_0": 7.867813110351562e-06,
    "predict_and_compile_model_5_multimer_v3_pred_0": 928.8555724620819,
    "relax_model_5_multimer_v3_pred_0": 148.09350967407227
}