{
    "iptm+ptm": {
        "model_1_multimer_v3_pred_0": 0.7598994543785021,
        "model_2_multimer_v3_pred_0": 0.7339767636590484,
        "model_3_multimer_v3_pred_0": 0.8099854295165267,
        "model_4_multimer_v3_pred_0": 0.7833506003677624,
        "model_5_multimer_v3_pred_0": 0.8190957279996853
    },
    "order": [
        "model_5_multimer_v3_pred_0",
        "model_3_multimer_v3_pred_0",
        "model_4_multimer_v3_pred_0",
        "model_1_multimer_v3_pred_0",
        "model_2_multimer_v3_pred_0"
    ]
}