{
    "features": 196.83325481414795,
    "process_features_model_1_multimer_v3_pred_0": 2.1457672119140625e-05,
    "predict_and_compile_model_1_multimer_v3_pred_0": 1130.9801831245422,
    "relax_model_1_multimer_v3_pred_0": 178.35043001174927,
    "process_features_model_2_multimer_v3_pred_0": 5.0067901611328125e-06,
    "predict_and_compile_model_2_multimer_v3_pred_0": 676.1579208374023,
    "relax_model_2_multimer_v3_pred_0": 272.476202249527,
    "process_features_model_3_multimer_v3_pred_0": 5.4836273193359375e-06,
    "predict_and_compile_model_3_multimer_v3_pred_0": 1320.9583246707916,
    "relax_model_3_multimer_v3_pred_0": 895.6367003917694,
    "process_features_model_4_multimer_v3_pred_0": 8.821487426757812e-06,
    "predict_and_compile_model_4_multimer_v3_pred_0": 626.155287027359,
    "relax_model_4_multimer_v3_pred_0": 404.2265110015869,
    "process_features_model_5_multimer_v3_pred_0": 5.0067901611328125e-06,
    "predict_and_compile_model_5_multimer_v3_pred_0": 1345.7927606105804,
    "relax_model_5_multimer_v3_pred_0": 290.48605251312256
}