{
    "iptm+ptm": {
        "model_1_multimer_v3_pred_0": 0.8379836792729657,
        "model_2_multimer_v3_pred_0": 0.8448787940409157,
        "model_3_multimer_v3_pred_0": 0.8734774950917435,
        "model_4_multimer_v3_pred_0": 0.8321856382858432,
        "model_5_multimer_v3_pred_0": 0.873326743857471
    },
    "order": [
        "model_3_multimer_v3_pred_0",
        "model_5_multimer_v3_pred_0",
        "model_2_multimer_v3_pred_0",
        "model_1_multimer_v3_pred_0",
        "model_4_multimer_v3_pred_0"
    ]
}