{
    "features": 172.92101502418518,
    "process_features_model_1_multimer_v3_pred_0": 1.0728836059570312e-05,
    "predict_and_compile_model_1_multimer_v3_pred_0": 827.1252655982971,
    "relax_model_1_multimer_v3_pred_0": 851.8889801502228,
    "process_features_model_2_multimer_v3_pred_0": 5.4836273193359375e-06,
    "predict_and_compile_model_2_multimer_v3_pred_0": 598.0094089508057,
    "relax_model_2_multimer_v3_pred_0": 319.3227014541626,
    "process_features_model_3_multimer_v3_pred_0": 6.67572021484375e-06,
    "predict_and_compile_model_3_multimer_v3_pred_0": 1307.2464668750763,
    "relax_model_3_multimer_v3_pred_0": 1046.4008502960205,
    "process_features_model_4_multimer_v3_pred_0": 5.7220458984375e-06,
    "predict_and_compile_model_4_multimer_v3_pred_0": 1730.4448795318604,
    "relax_model_4_multimer_v3_pred_0": 920.0830636024475,
    "process_features_model_5_multimer_v3_pred_0": 9.298324584960938e-06,
    "predict_and_compile_model_5_multimer_v3_pred_0": 1728.682909488678,
    "relax_model_5_multimer_v3_pred_0": 733.5402863025665
}