{
    "iptm+ptm": {
        "model_1_multimer_v3_pred_0": 0.8897417466614719,
        "model_2_multimer_v3_pred_0": 0.891957022953631,
        "model_3_multimer_v3_pred_0": 0.89214709542332,
        "model_4_multimer_v3_pred_0": 0.8813799116340856,
        "model_5_multimer_v3_pred_0": 0.8874277587894914
    },
    "order": [
        "model_3_multimer_v3_pred_0",
        "model_2_multimer_v3_pred_0",
        "model_1_multimer_v3_pred_0",
        "model_5_multimer_v3_pred_0",
        "model_4_multimer_v3_pred_0"
    ]
}