{
    "features": 244.43216466903687,
    "process_features_model_1_multimer_v3_pred_0": 1.3113021850585938e-05,
    "predict_and_compile_model_1_multimer_v3_pred_0": 422.699654340744,
    "relax_model_1_multimer_v3_pred_0": 289.93137311935425,
    "process_features_model_2_multimer_v3_pred_0": 3.719329833984375e-05,
    "predict_and_compile_model_2_multimer_v3_pred_0": 491.2121970653534,
    "relax_model_2_multimer_v3_pred_0": 302.7458953857422,
    "process_features_model_3_multimer_v3_pred_0": 9.5367431640625e-06,
    "predict_and_compile_model_3_multimer_v3_pred_0": 496.0612459182739,
    "relax_model_3_multimer_v3_pred_0": 367.20483922958374,
    "process_features_model_4_multimer_v3_pred_0": 2.2649765014648438e-05,
    "predict_and_compile_model_4_multimer_v3_pred_0": 416.14096760749817,
    "relax_model_4_multimer_v3_pred_0": 315.6179642677307,
    "process_features_model_5_multimer_v3_pred_0": 1.049041748046875e-05,
    "predict_and_compile_model_5_multimer_v3_pred_0": 486.2621819972992,
    "relax_model_5_multimer_v3_pred_0": 324.307071685791
}