{
    "iptm+ptm": {
        "model_1_multimer_v3_pred_0": 0.8485730085004473,
        "model_2_multimer_v3_pred_0": 0.860956411467607,
        "model_3_multimer_v3_pred_0": 0.881943071769615,
        "model_4_multimer_v3_pred_0": 0.8249626053228992,
        "model_5_multimer_v3_pred_0": 0.8746341234798232
    },
    "order": [
        "model_3_multimer_v3_pred_0",
        "model_5_multimer_v3_pred_0",
        "model_2_multimer_v3_pred_0",
        "model_1_multimer_v3_pred_0",
        "model_4_multimer_v3_pred_0"
    ]
}