{
    "features": 206.9224214553833,
    "process_features_model_1_multimer_v3_pred_0": 3.361701965332031e-05,
    "predict_and_compile_model_1_multimer_v3_pred_0": 1266.2776427268982,
    "relax_model_1_multimer_v3_pred_0": 140.58681750297546,
    "process_features_model_2_multimer_v3_pred_0": 4.5299530029296875e-06,
    "predict_and_compile_model_2_multimer_v3_pred_0": 794.0250968933105,
    "relax_model_2_multimer_v3_pred_0": 189.06204915046692,
    "process_features_model_3_multimer_v3_pred_0": 4.5299530029296875e-06,
    "predict_and_compile_model_3_multimer_v3_pred_0": 738.1788249015808,
    "relax_model_3_multimer_v3_pred_0": 197.22903776168823,
    "process_features_model_4_multimer_v3_pred_0": 1.0251998901367188e-05,
    "predict_and_compile_model_4_multimer_v3_pred_0": 1271.882117986679,
    "relax_model_4_multimer_v3_pred_0": 156.28901410102844,
    "process_features_model_5_multimer_v3_pred_0": 6.9141387939453125e-06,
    "predict_and_compile_model_5_multimer_v3_pred_0": 947.2080538272858,
    "relax_model_5_multimer_v3_pred_0": 138.4797921180725
}