{
    "iptm+ptm": {
        "model_1_multimer_v3_pred_0": 0.8917508178510669,
        "model_2_multimer_v3_pred_0": 0.8907520484177612,
        "model_3_multimer_v3_pred_0": 0.8819773152784185,
        "model_4_multimer_v3_pred_0": 0.8941965504394377,
        "model_5_multimer_v3_pred_0": 0.8925530566694884
    },
    "order": [
        "model_4_multimer_v3_pred_0",
        "model_5_multimer_v3_pred_0",
        "model_1_multimer_v3_pred_0",
        "model_2_multimer_v3_pred_0",
        "model_3_multimer_v3_pred_0"
    ]
}