{
    "features": 142.13989186286926,
    "process_features_model_1_multimer_v3_pred_0": 8.58306884765625e-06,
    "predict_and_compile_model_1_multimer_v3_pred_0": 1729.796553850174,
    "relax_model_1_multimer_v3_pred_0": 299.81801199913025,
    "process_features_model_2_multimer_v3_pred_0": 4.76837158203125e-06,
    "predict_and_compile_model_2_multimer_v3_pred_0": 1258.5503234863281,
    "relax_model_2_multimer_v3_pred_0": 487.13526725769043,
    "process_features_model_3_multimer_v3_pred_0": 5.4836273193359375e-06,
    "predict_and_compile_model_3_multimer_v3_pred_0": 1203.3045241832733,
    "relax_model_3_multimer_v3_pred_0": 333.7541801929474,
    "process_features_model_4_multimer_v3_pred_0": 5.245208740234375e-06,
    "predict_and_compile_model_4_multimer_v3_pred_0": 1694.7221229076385,
    "relax_model_4_multimer_v3_pred_0": 308.8489682674408,
    "process_features_model_5_multimer_v3_pred_0": 5.7220458984375e-06,
    "predict_and_compile_model_5_multimer_v3_pred_0": 1682.1346652507782,
    "relax_model_5_multimer_v3_pred_0": 366.95662236213684
}