{
    "iptm+ptm": {
        "model_1_multimer_v3_pred_0": 0.9068549983747428,
        "model_2_multimer_v3_pred_0": 0.9143832820924459,
        "model_3_multimer_v3_pred_0": 0.9169504462640644,
        "model_4_multimer_v3_pred_0": 0.9152779915725012,
        "model_5_multimer_v3_pred_0": 0.9170274223391991
    },
    "order": [
        "model_5_multimer_v3_pred_0",
        "model_3_multimer_v3_pred_0",
        "model_4_multimer_v3_pred_0",
        "model_2_multimer_v3_pred_0",
        "model_1_multimer_v3_pred_0"
    ]
}