{
    "features": 185.85202527046204,
    "process_features_model_1_multimer_v3_pred_0": 1.049041748046875e-05,
    "predict_and_compile_model_1_multimer_v3_pred_0": 484.9705102443695,
    "relax_model_1_multimer_v3_pred_0": 244.66881918907166,
    "process_features_model_2_multimer_v3_pred_0": 4.76837158203125e-06,
    "predict_and_compile_model_2_multimer_v3_pred_0": 434.7904226779938,
    "relax_model_2_multimer_v3_pred_0": 286.4362199306488,
    "process_features_model_3_multimer_v3_pred_0": 5.0067901611328125e-06,
    "predict_and_compile_model_3_multimer_v3_pred_0": 419.5653200149536,
    "relax_model_3_multimer_v3_pred_0": 309.5582363605499,
    "process_features_model_4_multimer_v3_pred_0": 5.0067901611328125e-06,
    "predict_and_compile_model_4_multimer_v3_pred_0": 483.9772493839264,
    "relax_model_4_multimer_v3_pred_0": 258.1717703342438,
    "process_features_model_5_multimer_v3_pred_0": 4.0531158447265625e-06,
    "predict_and_compile_model_5_multimer_v3_pred_0": 413.0241370201111,
    "relax_model_5_multimer_v3_pred_0": 262.8092725276947
}