{
    "iptm+ptm": {
        "model_1_multimer_v3_pred_0": 0.8314448001364301,
        "model_2_multimer_v3_pred_0": 0.8429515665632855,
        "model_3_multimer_v3_pred_0": 0.652249948211575,
        "model_4_multimer_v3_pred_0": 0.8433018246315902,
        "model_5_multimer_v3_pred_0": 0.8430814166151307
    },
    "order": [
        "model_4_multimer_v3_pred_0",
        "model_5_multimer_v3_pred_0",
        "model_2_multimer_v3_pred_0",
        "model_1_multimer_v3_pred_0",
        "model_3_multimer_v3_pred_0"
    ]
}