{
    "features": 228.72669959068298,
    "process_features_model_1_multimer_v3_pred_0": 4.029273986816406e-05,
    "predict_and_compile_model_1_multimer_v3_pred_0": 1369.7275397777557,
    "relax_model_1_multimer_v3_pred_0": 621.0079801082611,
    "process_features_model_2_multimer_v3_pred_0": 2.0742416381835938e-05,
    "predict_and_compile_model_2_multimer_v3_pred_0": 828.3960790634155,
    "relax_model_2_multimer_v3_pred_0": 574.5079140663147,
    "process_features_model_3_multimer_v3_pred_0": 5.9604644775390625e-06,
    "predict_and_compile_model_3_multimer_v3_pred_0": 536.7780387401581,
    "relax_model_3_multimer_v3_pred_0": 227.0713963508606,
    "process_features_model_4_multimer_v3_pred_0": 6.198883056640625e-06,
    "predict_and_compile_model_4_multimer_v3_pred_0": 613.2641670703888,
    "relax_model_4_multimer_v3_pred_0": 202.28912043571472,
    "process_features_model_5_multimer_v3_pred_0": 1.2159347534179688e-05,
    "predict_and_compile_model_5_multimer_v3_pred_0": 1335.0970146656036,
    "relax_model_5_multimer_v3_pred_0": 224.3449947834015
}