{
    "iptm+ptm": {
        "model_1_multimer_v3_pred_0": 0.7610226959204949,
        "model_2_multimer_v3_pred_0": 0.7739734108794212,
        "model_3_multimer_v3_pred_0": 0.7552183921763096,
        "model_4_multimer_v3_pred_0": 0.7535591977467382,
        "model_5_multimer_v3_pred_0": 0.7632643511812802
    },
    "order": [
        "model_2_multimer_v3_pred_0",
        "model_5_multimer_v3_pred_0",
        "model_1_multimer_v3_pred_0",
        "model_3_multimer_v3_pred_0",
        "model_4_multimer_v3_pred_0"
    ]
}