{
    "features": 290.95024585723877,
    "process_features_model_1_multimer_v3_pred_0": 2.5987625122070312e-05,
    "predict_and_compile_model_1_multimer_v3_pred_0": 413.5097177028656,
    "relax_model_1_multimer_v3_pred_0": 205.20241904258728,
    "process_features_model_2_multimer_v3_pred_0": 2.8133392333984375e-05,
    "predict_and_compile_model_2_multimer_v3_pred_0": 361.9438157081604,
    "relax_model_2_multimer_v3_pred_0": 157.75580072402954,
    "process_features_model_3_multimer_v3_pred_0": 6.4373016357421875e-06,
    "predict_and_compile_model_3_multimer_v3_pred_0": 481.70255398750305,
    "relax_model_3_multimer_v3_pred_0": 201.06134176254272,
    "process_features_model_4_multimer_v3_pred_0": 3.647804260253906e-05,
    "predict_and_compile_model_4_multimer_v3_pred_0": 443.7596364021301,
    "relax_model_4_multimer_v3_pred_0": 172.7643551826477,
    "process_features_model_5_multimer_v3_pred_0": 6.4373016357421875e-06,
    "predict_and_compile_model_5_multimer_v3_pred_0": 470.0942339897156,
    "relax_model_5_multimer_v3_pred_0": 180.92758011817932
}