{
    "iptm+ptm": {
        "model_1_multimer_v3_pred_0": 0.5541884928230921,
        "model_2_multimer_v3_pred_0": 0.5205007092365334,
        "model_3_multimer_v3_pred_0": 0.5547809350367264,
        "model_4_multimer_v3_pred_0": 0.563428404590068,
        "model_5_multimer_v3_pred_0": 0.5612812501786468
    },
    "order": [
        "model_4_multimer_v3_pred_0",
        "model_5_multimer_v3_pred_0",
        "model_3_multimer_v3_pred_0",
        "model_1_multimer_v3_pred_0",
        "model_2_multimer_v3_pred_0"
    ]
}