{
    "features": 198.71722650527954,
    "process_features_model_1_multimer_v3_pred_0": 1.0728836059570312e-05,
    "predict_and_compile_model_1_multimer_v3_pred_0": 498.5127487182617,
    "relax_model_1_multimer_v3_pred_0": 224.2690191268921,
    "process_features_model_2_multimer_v3_pred_0": 5.7220458984375e-06,
    "predict_and_compile_model_2_multimer_v3_pred_0": 595.436182975769,
    "relax_model_2_multimer_v3_pred_0": 280.1584005355835,
    "process_features_model_3_multimer_v3_pred_0": 4.5299530029296875e-06,
    "predict_and_compile_model_3_multimer_v3_pred_0": 452.73536562919617,
    "relax_model_3_multimer_v3_pred_0": 194.19463396072388,
    "process_features_model_4_multimer_v3_pred_0": 5.9604644775390625e-06,
    "predict_and_compile_model_4_multimer_v3_pred_0": 430.9569263458252,
    "relax_model_4_multimer_v3_pred_0": 204.56382775306702,
    "process_features_model_5_multimer_v3_pred_0": 4.5299530029296875e-06,
    "predict_and_compile_model_5_multimer_v3_pred_0": 1189.5769357681274,
    "relax_model_5_multimer_v3_pred_0": 308.10638666152954
}