{
    "iptm+ptm": {
        "model_1_multimer_v3_pred_0": 0.8152169112864197,
        "model_2_multimer_v3_pred_0": 0.8165274053842361,
        "model_3_multimer_v3_pred_0": 0.8526449771863814,
        "model_4_multimer_v3_pred_0": 0.8386443351386211,
        "model_5_multimer_v3_pred_0": 0.8567359194748745
    },
    "order": [
        "model_5_multimer_v3_pred_0",
        "model_3_multimer_v3_pred_0",
        "model_4_multimer_v3_pred_0",
        "model_2_multimer_v3_pred_0",
        "model_1_multimer_v3_pred_0"
    ]
}