{
    "features": 174.81875705718994,
    "process_features_model_1_multimer_v3_pred_0": 1.239776611328125e-05,
    "predict_and_compile_model_1_multimer_v3_pred_0": 349.1798083782196,
    "relax_model_1_multimer_v3_pred_0": 252.6872808933258,
    "process_features_model_2_multimer_v3_pred_0": 4.00543212890625e-05,
    "predict_and_compile_model_2_multimer_v3_pred_0": 420.95529294013977,
    "relax_model_2_multimer_v3_pred_0": 435.1743712425232,
    "process_features_model_3_multimer_v3_pred_0": 5.4836273193359375e-06,
    "predict_and_compile_model_3_multimer_v3_pred_0": 436.8439300060272,
    "relax_model_3_multimer_v3_pred_0": 210.37212681770325,
    "process_features_model_4_multimer_v3_pred_0": 6.9141387939453125e-06,
    "predict_and_compile_model_4_multimer_v3_pred_0": 410.4551877975464,
    "relax_model_4_multimer_v3_pred_0": 354.19662165641785,
    "process_features_model_5_multimer_v3_pred_0": 8.821487426757812e-06,
    "predict_and_compile_model_5_multimer_v3_pred_0": 402.1465787887573,
    "relax_model_5_multimer_v3_pred_0": 278.81275367736816
}