{
    "iptm+ptm": {
        "model_1_multimer_v3_pred_0": 0.7548020775183141,
        "model_2_multimer_v3_pred_0": 0.8335245081590872,
        "model_3_multimer_v3_pred_0": 0.722328570393007,
        "model_4_multimer_v3_pred_0": 0.8158260003639296,
        "model_5_multimer_v3_pred_0": 0.7327662340170159
    },
    "order": [
        "model_2_multimer_v3_pred_0",
        "model_4_multimer_v3_pred_0",
        "model_1_multimer_v3_pred_0",
        "model_5_multimer_v3_pred_0",
        "model_3_multimer_v3_pred_0"
    ]
}