{
    "features": 306.3962013721466,
    "process_features_model_1_multimer_v3_pred_0": 4.38690185546875e-05,
    "predict_and_compile_model_1_multimer_v3_pred_0": 564.280442237854,
    "relax_model_1_multimer_v3_pred_0": 257.37936997413635,
    "process_features_model_2_multimer_v3_pred_0": 6.67572021484375e-06,
    "predict_and_compile_model_2_multimer_v3_pred_0": 676.0778682231903,
    "relax_model_2_multimer_v3_pred_0": 309.77541613578796,
    "process_features_model_3_multimer_v3_pred_0": 7.152557373046875e-06,
    "predict_and_compile_model_3_multimer_v3_pred_0": 623.1771233081818,
    "relax_model_3_multimer_v3_pred_0": 238.8092348575592,
    "process_features_model_4_multimer_v3_pred_0": 9.775161743164062e-06,
    "predict_and_compile_model_4_multimer_v3_pred_0": 675.973030090332,
    "relax_model_4_multimer_v3_pred_0": 248.3407700061798,
    "process_features_model_5_multimer_v3_pred_0": 5.7220458984375e-06,
    "predict_and_compile_model_5_multimer_v3_pred_0": 535.7811551094055,
    "relax_model_5_multimer_v3_pred_0": 357.28739738464355
}