{
    "iptm+ptm": {
        "model_1_multimer_v3_pred_0": 0.886949793451056,
        "model_2_multimer_v3_pred_0": 0.7456852182223699,
        "model_3_multimer_v3_pred_0": 0.7936734595749639,
        "model_4_multimer_v3_pred_0": 0.8946814769603544,
        "model_5_multimer_v3_pred_0": 0.7781969048811278
    },
    "order": [
        "model_4_multimer_v3_pred_0",
        "model_1_multimer_v3_pred_0",
        "model_3_multimer_v3_pred_0",
        "model_5_multimer_v3_pred_0",
        "model_2_multimer_v3_pred_0"
    ]
}