{
    "features": 165.4282512664795,
    "process_features_model_1_multimer_v3_pred_0": 3.4332275390625e-05,
    "predict_and_compile_model_1_multimer_v3_pred_0": 1072.6831743717194,
    "relax_model_1_multimer_v3_pred_0": 183.6356909275055,
    "process_features_model_2_multimer_v3_pred_0": 2.09808349609375e-05,
    "predict_and_compile_model_2_multimer_v3_pred_0": 1360.738665342331,
    "relax_model_2_multimer_v3_pred_0": 257.8878855705261,
    "process_features_model_3_multimer_v3_pred_0": 9.775161743164062e-06,
    "predict_and_compile_model_3_multimer_v3_pred_0": 1364.960509777069,
    "relax_model_3_multimer_v3_pred_0": 227.01495361328125,
    "process_features_model_4_multimer_v3_pred_0": 1.2636184692382812e-05,
    "predict_and_compile_model_4_multimer_v3_pred_0": 560.8902938365936,
    "relax_model_4_multimer_v3_pred_0": 288.68170523643494,
    "process_features_model_5_multimer_v3_pred_0": 1.0013580322265625e-05,
    "predict_and_compile_model_5_multimer_v3_pred_0": 595.8729979991913,
    "relax_model_5_multimer_v3_pred_0": 263.9152042865753
}