{
    "iptm+ptm": {
        "model_1_multimer_v3_pred_0": 0.6921210958118534,
        "model_2_multimer_v3_pred_0": 0.6962996870574775,
        "model_3_multimer_v3_pred_0": 0.7059588569219186,
        "model_4_multimer_v3_pred_0": 0.703838142392193,
        "model_5_multimer_v3_pred_0": 0.7188784180828183
    },
    "order": [
        "model_5_multimer_v3_pred_0",
        "model_3_multimer_v3_pred_0",
        "model_4_multimer_v3_pred_0",
        "model_2_multimer_v3_pred_0",
        "model_1_multimer_v3_pred_0"
    ]
}