{
    "features": 1660.3940148353577,
    "process_features_model_1_multimer_v3_pred_0": 1.3828277587890625e-05,
    "predict_and_compile_model_1_multimer_v3_pred_0": 464.1205966472626,
    "relax_model_1_multimer_v3_pred_0": 260.35633158683777,
    "process_features_model_2_multimer_v3_pred_0": 1.5497207641601562e-05,
    "predict_and_compile_model_2_multimer_v3_pred_0": 410.6514585018158,
    "relax_model_2_multimer_v3_pred_0": 337.36653327941895,
    "process_features_model_3_multimer_v3_pred_0": 9.298324584960938e-06,
    "predict_and_compile_model_3_multimer_v3_pred_0": 473.1844036579132,
    "relax_model_3_multimer_v3_pred_0": 450.52664136886597,
    "process_features_model_4_multimer_v3_pred_0": 1.1682510375976562e-05,
    "predict_and_compile_model_4_multimer_v3_pred_0": 468.72418665885925,
    "relax_model_4_multimer_v3_pred_0": 360.6248321533203,
    "process_features_model_5_multimer_v3_pred_0": 1.3828277587890625e-05,
    "predict_and_compile_model_5_multimer_v3_pred_0": 471.47035002708435,
    "relax_model_5_multimer_v3_pred_0": 427.1351113319397
}