{
    "iptm+ptm": {
        "model_1_multimer_v3_pred_0": 0.8248974759630148,
        "model_2_multimer_v3_pred_0": 0.8037785562141446,
        "model_3_multimer_v3_pred_0": 0.7832239328094616,
        "model_4_multimer_v3_pred_0": 0.7645393192769099,
        "model_5_multimer_v3_pred_0": 0.797737861823614
    },
    "order": [
        "model_1_multimer_v3_pred_0",
        "model_2_multimer_v3_pred_0",
        "model_5_multimer_v3_pred_0",
        "model_3_multimer_v3_pred_0",
        "model_4_multimer_v3_pred_0"
    ]
}