{
    "features": 216.60802149772644,
    "process_features_model_1_multimer_v3_pred_0": 4.100799560546875e-05,
    "predict_and_compile_model_1_multimer_v3_pred_0": 530.1043374538422,
    "relax_model_1_multimer_v3_pred_0": 137.0631968975067,
    "process_features_model_2_multimer_v3_pred_0": 1.1444091796875e-05,
    "predict_and_compile_model_2_multimer_v3_pred_0": 531.2780563831329,
    "relax_model_2_multimer_v3_pred_0": 615.6592495441437,
    "process_features_model_3_multimer_v3_pred_0": 9.775161743164062e-06,
    "predict_and_compile_model_3_multimer_v3_pred_0": 539.9387519359589,
    "relax_model_3_multimer_v3_pred_0": 190.92100930213928,
    "process_features_model_4_multimer_v3_pred_0": 1.049041748046875e-05,
    "predict_and_compile_model_4_multimer_v3_pred_0": 819.3689317703247,
    "relax_model_4_multimer_v3_pred_0": 206.6639106273651,
    "process_features_model_5_multimer_v3_pred_0": 9.5367431640625e-06,
    "predict_and_compile_model_5_multimer_v3_pred_0": 1316.9537727832794,
    "relax_model_5_multimer_v3_pred_0": 179.2059075832367
}