{
    "iptm+ptm": {
        "model_1_multimer_v3_pred_0": 0.9120017681547182,
        "model_2_multimer_v3_pred_0": 0.9108391221080477,
        "model_3_multimer_v3_pred_0": 0.9131469201818682,
        "model_4_multimer_v3_pred_0": 0.916181924295509,
        "model_5_multimer_v3_pred_0": 0.917619927149638
    },
    "order": [
        "model_5_multimer_v3_pred_0",
        "model_4_multimer_v3_pred_0",
        "model_3_multimer_v3_pred_0",
        "model_1_multimer_v3_pred_0",
        "model_2_multimer_v3_pred_0"
    ]
}