{
    "features": 189.44343638420105,
    "process_features_model_1_multimer_v3_pred_0": 2.86102294921875e-05,
    "predict_and_compile_model_1_multimer_v3_pred_0": 503.8429045677185,
    "relax_model_1_multimer_v3_pred_0": 282.53004026412964,
    "process_features_model_2_multimer_v3_pred_0": 1.2636184692382812e-05,
    "predict_and_compile_model_2_multimer_v3_pred_0": 399.6730718612671,
    "relax_model_2_multimer_v3_pred_0": 248.69356870651245,
    "process_features_model_3_multimer_v3_pred_0": 4.267692565917969e-05,
    "predict_and_compile_model_3_multimer_v3_pred_0": 536.2249097824097,
    "relax_model_3_multimer_v3_pred_0": 189.7883746623993,
    "process_features_model_4_multimer_v3_pred_0": 8.821487426757812e-06,
    "predict_and_compile_model_4_multimer_v3_pred_0": 447.2377665042877,
    "relax_model_4_multimer_v3_pred_0": 246.33764672279358,
    "process_features_model_5_multimer_v3_pred_0": 9.5367431640625e-06,
    "predict_and_compile_model_5_multimer_v3_pred_0": 401.31864166259766,
    "relax_model_5_multimer_v3_pred_0": 208.13125157356262
}