{
    "iptm+ptm": {
        "model_1_multimer_v3_pred_0": 0.8543679992584328,
        "model_2_multimer_v3_pred_0": 0.8401234034084462,
        "model_3_multimer_v3_pred_0": 0.8479351541151097,
        "model_4_multimer_v3_pred_0": 0.839465606237642,
        "model_5_multimer_v3_pred_0": 0.8257900882365317
    },
    "order": [
        "model_1_multimer_v3_pred_0",
        "model_3_multimer_v3_pred_0",
        "model_2_multimer_v3_pred_0",
        "model_4_multimer_v3_pred_0",
        "model_5_multimer_v3_pred_0"
    ]
}