{
    "features": 46.605491161346436,
    "process_features_model_1_multimer_v3_pred_0": 9.5367431640625e-06,
    "predict_and_compile_model_1_multimer_v3_pred_0": 451.8804852962494,
    "relax_model_1_multimer_v3_pred_0": 156.82310938835144,
    "process_features_model_2_multimer_v3_pred_0": 1.0013580322265625e-05,
    "predict_and_compile_model_2_multimer_v3_pred_0": 455.85299801826477,
    "relax_model_2_multimer_v3_pred_0": 284.4104323387146,
    "process_features_model_3_multimer_v3_pred_0": 8.344650268554688e-06,
    "predict_and_compile_model_3_multimer_v3_pred_0": 451.0962553024292,
    "relax_model_3_multimer_v3_pred_0": 259.0848915576935,
    "process_features_model_4_multimer_v3_pred_0": 9.5367431640625e-06,
    "predict_and_compile_model_4_multimer_v3_pred_0": 454.094979763031,
    "relax_model_4_multimer_v3_pred_0": 384.1682152748108,
    "process_features_model_5_multimer_v3_pred_0": 9.059906005859375e-06,
    "predict_and_compile_model_5_multimer_v3_pred_0": 465.7124032974243,
    "relax_model_5_multimer_v3_pred_0": 353.6586375236511
}