{
    "iptm+ptm": {
        "model_1_multimer_v3_pred_0": 0.900528735784103,
        "model_2_multimer_v3_pred_0": 0.90348913513947,
        "model_3_multimer_v3_pred_0": 0.8949658566700958,
        "model_4_multimer_v3_pred_0": 0.8969944803116624,
        "model_5_multimer_v3_pred_0": 0.9064293825379701
    },
    "order": [
        "model_5_multimer_v3_pred_0",
        "model_2_multimer_v3_pred_0",
        "model_1_multimer_v3_pred_0",
        "model_4_multimer_v3_pred_0",
        "model_3_multimer_v3_pred_0"
    ]
}