{
    "features": 283.6494743824005,
    "process_features_model_1_multimer_v3_pred_0": 2.47955322265625e-05,
    "predict_and_compile_model_1_multimer_v3_pred_0": 814.3131756782532,
    "relax_model_1_multimer_v3_pred_0": 233.2480890750885,
    "process_features_model_2_multimer_v3_pred_0": 1.0728836059570312e-05,
    "predict_and_compile_model_2_multimer_v3_pred_0": 873.8297483921051,
    "relax_model_2_multimer_v3_pred_0": 185.3665919303894,
    "process_features_model_3_multimer_v3_pred_0": 1.049041748046875e-05,
    "predict_and_compile_model_3_multimer_v3_pred_0": 809.6217021942139,
    "relax_model_3_multimer_v3_pred_0": 300.302613735199,
    "process_features_model_4_multimer_v3_pred_0": 1.1444091796875e-05,
    "predict_and_compile_model_4_multimer_v3_pred_0": 424.9515085220337,
    "relax_model_4_multimer_v3_pred_0": 279.02234053611755,
    "process_features_model_5_multimer_v3_pred_0": 9.775161743164062e-06,
    "predict_and_compile_model_5_multimer_v3_pred_0": 1082.140827178955,
    "relax_model_5_multimer_v3_pred_0": 272.9370837211609
}