{
    "iptm+ptm": {
        "model_1_multimer_v3_pred_0": 0.7766241944740073,
        "model_2_multimer_v3_pred_0": 0.7958020682855945,
        "model_3_multimer_v3_pred_0": 0.8409280560152729,
        "model_4_multimer_v3_pred_0": 0.8044619402310363,
        "model_5_multimer_v3_pred_0": 0.8271418467331442
    },
    "order": [
        "model_3_multimer_v3_pred_0",
        "model_5_multimer_v3_pred_0",
        "model_4_multimer_v3_pred_0",
        "model_2_multimer_v3_pred_0",
        "model_1_multimer_v3_pred_0"
    ]
}