{
    "features": 114.17764782905579,
    "process_features_model_1_multimer_v3_pred_0": 3.8623809814453125e-05,
    "predict_and_compile_model_1_multimer_v3_pred_0": 356.99729442596436,
    "relax_model_1_multimer_v3_pred_0": 194.13344717025757,
    "process_features_model_2_multimer_v3_pred_0": 7.867813110351562e-06,
    "predict_and_compile_model_2_multimer_v3_pred_0": 378.8306667804718,
    "relax_model_2_multimer_v3_pred_0": 199.60300421714783,
    "process_features_model_3_multimer_v3_pred_0": 5.7220458984375e-06,
    "predict_and_compile_model_3_multimer_v3_pred_0": 406.69175815582275,
    "relax_model_3_multimer_v3_pred_0": 201.96700644493103,
    "process_features_model_4_multimer_v3_pred_0": 9.059906005859375e-06,
    "predict_and_compile_model_4_multimer_v3_pred_0": 404.2119641304016,
    "relax_model_4_multimer_v3_pred_0": 153.25391054153442,
    "process_features_model_5_multimer_v3_pred_0": 1.0013580322265625e-05,
    "predict_and_compile_model_5_multimer_v3_pred_0": 401.94609117507935,
    "relax_model_5_multimer_v3_pred_0": 188.09408473968506
}