{
    "iptm+ptm": {
        "model_1_multimer_v3_pred_0": 0.8381410898330126,
        "model_2_multimer_v3_pred_0": 0.8486951403263786,
        "model_3_multimer_v3_pred_0": 0.8391361984668511,
        "model_4_multimer_v3_pred_0": 0.8444036400541738,
        "model_5_multimer_v3_pred_0": 0.8452069274748196
    },
    "order": [
        "model_2_multimer_v3_pred_0",
        "model_5_multimer_v3_pred_0",
        "model_4_multimer_v3_pred_0",
        "model_3_multimer_v3_pred_0",
        "model_1_multimer_v3_pred_0"
    ]
}