{
    "features": 232.24337363243103,
    "process_features_model_1_multimer_v3_pred_0": 1.239776611328125e-05,
    "predict_and_compile_model_1_multimer_v3_pred_0": 422.552006483078,
    "relax_model_1_multimer_v3_pred_0": 299.8272399902344,
    "process_features_model_2_multimer_v3_pred_0": 1.239776611328125e-05,
    "predict_and_compile_model_2_multimer_v3_pred_0": 434.45793628692627,
    "relax_model_2_multimer_v3_pred_0": 332.7753655910492,
    "process_features_model_3_multimer_v3_pred_0": 4.887580871582031e-05,
    "predict_and_compile_model_3_multimer_v3_pred_0": 432.43137383461,
    "relax_model_3_multimer_v3_pred_0": 207.74979376792908,
    "process_features_model_4_multimer_v3_pred_0": 9.775161743164062e-06,
    "predict_and_compile_model_4_multimer_v3_pred_0": 449.39493584632874,
    "relax_model_4_multimer_v3_pred_0": 247.22396206855774,
    "process_features_model_5_multimer_v3_pred_0": 2.3365020751953125e-05,
    "predict_and_compile_model_5_multimer_v3_pred_0": 422.937869310379,
    "relax_model_5_multimer_v3_pred_0": 296.8555245399475
}