{
    "iptm+ptm": {
        "model_1_multimer_v3_pred_0": 0.7640877971856521,
        "model_2_multimer_v3_pred_0": 0.7928103684457317,
        "model_3_multimer_v3_pred_0": 0.8076786862278758,
        "model_4_multimer_v3_pred_0": 0.7950390052727692,
        "model_5_multimer_v3_pred_0": 0.8223724453032234
    },
    "order": [
        "model_5_multimer_v3_pred_0",
        "model_3_multimer_v3_pred_0",
        "model_4_multimer_v3_pred_0",
        "model_2_multimer_v3_pred_0",
        "model_1_multimer_v3_pred_0"
    ]
}