{
    "features": 229.76475143432617,
    "process_features_model_1_multimer_v3_pred_0": 1.3828277587890625e-05,
    "predict_and_compile_model_1_multimer_v3_pred_0": 501.564822435379,
    "relax_model_1_multimer_v3_pred_0": 276.4636242389679,
    "process_features_model_2_multimer_v3_pred_0": 1.6689300537109375e-05,
    "predict_and_compile_model_2_multimer_v3_pred_0": 643.5497903823853,
    "relax_model_2_multimer_v3_pred_0": 589.4449265003204,
    "process_features_model_3_multimer_v3_pred_0": 9.5367431640625e-06,
    "predict_and_compile_model_3_multimer_v3_pred_0": 502.83239245414734,
    "relax_model_3_multimer_v3_pred_0": 302.0549464225769,
    "process_features_model_4_multimer_v3_pred_0": 5.9604644775390625e-06,
    "predict_and_compile_model_4_multimer_v3_pred_0": 582.0697650909424,
    "relax_model_4_multimer_v3_pred_0": 419.46305537223816,
    "process_features_model_5_multimer_v3_pred_0": 6.4373016357421875e-06,
    "predict_and_compile_model_5_multimer_v3_pred_0": 502.55848455429077,
    "relax_model_5_multimer_v3_pred_0": 206.05430459976196
}