{
    "iptm+ptm": {
        "model_1_multimer_v3_pred_0": 0.8737241467067058,
        "model_2_multimer_v3_pred_0": 0.8791589234620514,
        "model_3_multimer_v3_pred_0": 0.8687526522176791,
        "model_4_multimer_v3_pred_0": 0.8673271395696986,
        "model_5_multimer_v3_pred_0": 0.8704267236221861
    },
    "order": [
        "model_2_multimer_v3_pred_0",
        "model_1_multimer_v3_pred_0",
        "model_5_multimer_v3_pred_0",
        "model_3_multimer_v3_pred_0",
        "model_4_multimer_v3_pred_0"
    ]
}