{
    "features": 242.89243030548096,
    "process_features_model_1_multimer_v3_pred_0": 1.4543533325195312e-05,
    "predict_and_compile_model_1_multimer_v3_pred_0": 412.59387159347534,
    "relax_model_1_multimer_v3_pred_0": 267.53639912605286,
    "process_features_model_2_multimer_v3_pred_0": 1.0967254638671875e-05,
    "predict_and_compile_model_2_multimer_v3_pred_0": 430.42829632759094,
    "relax_model_2_multimer_v3_pred_0": 339.2124238014221,
    "process_features_model_3_multimer_v3_pred_0": 1.1444091796875e-05,
    "predict_and_compile_model_3_multimer_v3_pred_0": 447.15972566604614,
    "relax_model_3_multimer_v3_pred_0": 192.2657766342163,
    "process_features_model_4_multimer_v3_pred_0": 1.0013580322265625e-05,
    "predict_and_compile_model_4_multimer_v3_pred_0": 404.2172679901123,
    "relax_model_4_multimer_v3_pred_0": 214.41031908988953,
    "process_features_model_5_multimer_v3_pred_0": 7.62939453125e-06,
    "predict_and_compile_model_5_multimer_v3_pred_0": 425.94195199012756,
    "relax_model_5_multimer_v3_pred_0": 352.76936745643616
}