{
    "iptm+ptm": {
        "model_1_multimer_v3_pred_0": 0.6100844310179426,
        "model_2_multimer_v3_pred_0": 0.7457144606338413,
        "model_3_multimer_v3_pred_0": 0.5696146856569095,
        "model_4_multimer_v3_pred_0": 0.5230177236749167,
        "model_5_multimer_v3_pred_0": 0.7397658560666397
    },
    "order": [
        "model_2_multimer_v3_pred_0",
        "model_5_multimer_v3_pred_0",
        "model_1_multimer_v3_pred_0",
        "model_3_multimer_v3_pred_0",
        "model_4_multimer_v3_pred_0"
    ]
}