{
    "features": 293.14990425109863,
    "process_features_model_1_multimer_v3_pred_0": 1.049041748046875e-05,
    "predict_and_compile_model_1_multimer_v3_pred_0": 662.8608899116516,
    "process_features_model_2_multimer_v3_pred_0": 3.337860107421875e-05,
    "predict_and_compile_model_2_multimer_v3_pred_0": 1723.8891735076904,
    "process_features_model_3_multimer_v3_pred_0": 8.106231689453125e-06,
    "predict_and_compile_model_3_multimer_v3_pred_0": 1717.2547852993011,
    "process_features_model_4_multimer_v3_pred_0": 1.33514404296875e-05,
    "predict_and_compile_model_4_multimer_v3_pred_0": 1700.6727004051208,
    "process_features_model_5_multimer_v3_pred_0": 2.86102294921875e-05,
    "predict_and_compile_model_5_multimer_v3_pred_0": 1716.1361095905304
}