{
    "iptm+ptm": {
        "model_1_multimer_v3_pred_0": 0.7547634547642798,
        "model_2_multimer_v3_pred_0": 0.7657470639042951,
        "model_3_multimer_v3_pred_0": 0.7463166292025618,
        "model_4_multimer_v3_pred_0": 0.7423979326765341,
        "model_5_multimer_v3_pred_0": 0.7505233010343574
    },
    "order": [
        "model_2_multimer_v3_pred_0",
        "model_1_multimer_v3_pred_0",
        "model_5_multimer_v3_pred_0",
        "model_3_multimer_v3_pred_0",
        "model_4_multimer_v3_pred_0"
    ]
}