{
    "features": 222.2331144809723,
    "process_features_model_1_multimer_v3_pred_0": 8.58306884765625e-06,
    "predict_and_compile_model_1_multimer_v3_pred_0": 642.3945188522339,
    "relax_model_1_multimer_v3_pred_0": 166.22585439682007,
    "process_features_model_2_multimer_v3_pred_0": 1.1682510375976562e-05,
    "predict_and_compile_model_2_multimer_v3_pred_0": 958.7072706222534,
    "relax_model_2_multimer_v3_pred_0": 415.6979966163635,
    "process_features_model_3_multimer_v3_pred_0": 1.1682510375976562e-05,
    "predict_and_compile_model_3_multimer_v3_pred_0": 824.0584433078766,
    "relax_model_3_multimer_v3_pred_0": 231.54439449310303,
    "process_features_model_4_multimer_v3_pred_0": 9.5367431640625e-06,
    "predict_and_compile_model_4_multimer_v3_pred_0": 553.3571026325226,
    "relax_model_4_multimer_v3_pred_0": 255.67141604423523,
    "process_features_model_5_multimer_v3_pred_0": 2.0742416381835938e-05,
    "predict_and_compile_model_5_multimer_v3_pred_0": 596.8801839351654,
    "relax_model_5_multimer_v3_pred_0": 262.2316105365753
}