{
    "iptm+ptm": {
        "model_1_multimer_v3_pred_0": 0.7690811649752186,
        "model_2_multimer_v3_pred_0": 0.7541965218803319,
        "model_3_multimer_v3_pred_0": 0.7534499205372324,
        "model_4_multimer_v3_pred_0": 0.6767322746027211,
        "model_5_multimer_v3_pred_0": 0.7312676783417167
    },
    "order": [
        "model_1_multimer_v3_pred_0",
        "model_2_multimer_v3_pred_0",
        "model_3_multimer_v3_pred_0",
        "model_5_multimer_v3_pred_0",
        "model_4_multimer_v3_pred_0"
    ]
}