{
    "features": 112.61089825630188,
    "process_features_model_1_multimer_v3_pred_0": 1.430511474609375e-05,
    "predict_and_compile_model_1_multimer_v3_pred_0": 464.8731806278229,
    "relax_model_1_multimer_v3_pred_0": 173.99440264701843,
    "process_features_model_2_multimer_v3_pred_0": 5.0067901611328125e-06,
    "predict_and_compile_model_2_multimer_v3_pred_0": 502.38306522369385,
    "relax_model_2_multimer_v3_pred_0": 464.1609101295471,
    "process_features_model_3_multimer_v3_pred_0": 5.245208740234375e-06,
    "predict_and_compile_model_3_multimer_v3_pred_0": 455.0194082260132,
    "relax_model_3_multimer_v3_pred_0": 206.87242650985718,
    "process_features_model_4_multimer_v3_pred_0": 6.198883056640625e-06,
    "predict_and_compile_model_4_multimer_v3_pred_0": 682.8148956298828,
    "relax_model_4_multimer_v3_pred_0": 316.4274868965149,
    "process_features_model_5_multimer_v3_pred_0": 2.0503997802734375e-05,
    "predict_and_compile_model_5_multimer_v3_pred_0": 430.20025396347046,
    "relax_model_5_multimer_v3_pred_0": 540.9244103431702
}