{
    "iptm+ptm": {
        "model_1_multimer_v3_pred_0": 0.8194841575306446,
        "model_2_multimer_v3_pred_0": 0.6138721002087711,
        "model_3_multimer_v3_pred_0": 0.8009756979240388,
        "model_4_multimer_v3_pred_0": 0.7950053801404825,
        "model_5_multimer_v3_pred_0": 0.7774553125819527
    },
    "order": [
        "model_1_multimer_v3_pred_0",
        "model_3_multimer_v3_pred_0",
        "model_4_multimer_v3_pred_0",
        "model_5_multimer_v3_pred_0",
        "model_2_multimer_v3_pred_0"
    ]
}