{
    "features": 216.20500659942627,
    "process_features_model_1_multimer_v3_pred_0": 9.5367431640625e-06,
    "predict_and_compile_model_1_multimer_v3_pred_0": 1680.9090163707733,
    "relax_model_1_multimer_v3_pred_0": 355.0046920776367,
    "process_features_model_2_multimer_v3_pred_0": 5.4836273193359375e-06,
    "predict_and_compile_model_2_multimer_v3_pred_0": 1680.8393771648407,
    "relax_model_2_multimer_v3_pred_0": 555.5095400810242,
    "process_features_model_3_multimer_v3_pred_0": 7.152557373046875e-06,
    "predict_and_compile_model_3_multimer_v3_pred_0": 1697.0481894016266,
    "relax_model_3_multimer_v3_pred_0": 770.4404628276825,
    "process_features_model_4_multimer_v3_pred_0": 6.4373016357421875e-06,
    "predict_and_compile_model_4_multimer_v3_pred_0": 1655.3037083148956,
    "relax_model_4_multimer_v3_pred_0": 1019.9571573734283,
    "process_features_model_5_multimer_v3_pred_0": 4.76837158203125e-06,
    "predict_and_compile_model_5_multimer_v3_pred_0": 1671.4494104385376,
    "relax_model_5_multimer_v3_pred_0": 268.0035123825073
}