{
    "iptm+ptm": {
        "model_1_multimer_v3_pred_0": 0.8230063663862456,
        "model_2_multimer_v3_pred_0": 0.8222043709482203,
        "model_3_multimer_v3_pred_0": 0.8083559732640978,
        "model_4_multimer_v3_pred_0": 0.8263784937730406,
        "model_5_multimer_v3_pred_0": 0.8290922633093729
    },
    "order": [
        "model_5_multimer_v3_pred_0",
        "model_4_multimer_v3_pred_0",
        "model_1_multimer_v3_pred_0",
        "model_2_multimer_v3_pred_0",
        "model_3_multimer_v3_pred_0"
    ]
}