{
    "features": 194.3787441253662,
    "process_features_model_1_multimer_v3_pred_0": 4.744529724121094e-05,
    "predict_and_compile_model_1_multimer_v3_pred_0": 412.10357332229614,
    "relax_model_1_multimer_v3_pred_0": 245.61724495887756,
    "process_features_model_2_multimer_v3_pred_0": 2.384185791015625e-05,
    "predict_and_compile_model_2_multimer_v3_pred_0": 560.8958730697632,
    "relax_model_2_multimer_v3_pred_0": 192.99895811080933,
    "process_features_model_3_multimer_v3_pred_0": 1.0728836059570312e-05,
    "predict_and_compile_model_3_multimer_v3_pred_0": 498.3223979473114,
    "relax_model_3_multimer_v3_pred_0": 224.64458584785461,
    "process_features_model_4_multimer_v3_pred_0": 1.1205673217773438e-05,
    "predict_and_compile_model_4_multimer_v3_pred_0": 537.463621377945,
    "relax_model_4_multimer_v3_pred_0": 748.9044876098633,
    "process_features_model_5_multimer_v3_pred_0": 1.4781951904296875e-05,
    "predict_and_compile_model_5_multimer_v3_pred_0": 400.08715319633484,
    "relax_model_5_multimer_v3_pred_0": 371.0663146972656
}