{
    "iptm+ptm": {
        "model_1_multimer_v3_pred_0": 0.8247326535883523,
        "model_2_multimer_v3_pred_0": 0.781728979776731,
        "model_3_multimer_v3_pred_0": 0.8222973174949793,
        "model_4_multimer_v3_pred_0": 0.8246549165073346,
        "model_5_multimer_v3_pred_0": 0.8400255046858469
    },
    "order": [
        "model_5_multimer_v3_pred_0",
        "model_1_multimer_v3_pred_0",
        "model_4_multimer_v3_pred_0",
        "model_3_multimer_v3_pred_0",
        "model_2_multimer_v3_pred_0"
    ]
}