{
    "features": 219.08297729492188,
    "process_features_model_1_multimer_v3_pred_0": 9.298324584960938e-06,
    "predict_and_compile_model_1_multimer_v3_pred_0": 1433.5051367282867,
    "relax_model_1_multimer_v3_pred_0": 140.5967390537262,
    "process_features_model_2_multimer_v3_pred_0": 4.291534423828125e-06,
    "predict_and_compile_model_2_multimer_v3_pred_0": 1428.4909591674805,
    "relax_model_2_multimer_v3_pred_0": 313.5241985321045,
    "process_features_model_3_multimer_v3_pred_0": 4.291534423828125e-06,
    "predict_and_compile_model_3_multimer_v3_pred_0": 634.0244498252869,
    "relax_model_3_multimer_v3_pred_0": 673.9843306541443,
    "process_features_model_4_multimer_v3_pred_0": 4.76837158203125e-06,
    "predict_and_compile_model_4_multimer_v3_pred_0": 994.0612881183624,
    "relax_model_4_multimer_v3_pred_0": 212.59900450706482,
    "process_features_model_5_multimer_v3_pred_0": 4.291534423828125e-06,
    "predict_and_compile_model_5_multimer_v3_pred_0": 813.4443492889404,
    "relax_model_5_multimer_v3_pred_0": 336.33355379104614
}