{
    "iptm+ptm": {
        "model_1_multimer_v3_pred_0": 0.8624438287258317,
        "model_2_multimer_v3_pred_0": 0.876839862636778,
        "model_3_multimer_v3_pred_0": 0.8822065916777124,
        "model_4_multimer_v3_pred_0": 0.859417032612852,
        "model_5_multimer_v3_pred_0": 0.8640711298557214
    },
    "order": [
        "model_3_multimer_v3_pred_0",
        "model_2_multimer_v3_pred_0",
        "model_5_multimer_v3_pred_0",
        "model_1_multimer_v3_pred_0",
        "model_4_multimer_v3_pred_0"
    ]
}