{
    "features": 105.63954830169678,
    "process_features_model_1_multimer_v3_pred_0": 3.552436828613281e-05,
    "predict_and_compile_model_1_multimer_v3_pred_0": 646.8666732311249,
    "relax_model_1_multimer_v3_pred_0": 215.16217041015625,
    "process_features_model_2_multimer_v3_pred_0": 5.0067901611328125e-06,
    "predict_and_compile_model_2_multimer_v3_pred_0": 509.9873888492584,
    "relax_model_2_multimer_v3_pred_0": 254.74874591827393,
    "process_features_model_3_multimer_v3_pred_0": 5.7220458984375e-06,
    "predict_and_compile_model_3_multimer_v3_pred_0": 714.1302421092987,
    "relax_model_3_multimer_v3_pred_0": 237.27538442611694,
    "process_features_model_4_multimer_v3_pred_0": 9.5367431640625e-06,
    "predict_and_compile_model_4_multimer_v3_pred_0": 1142.9508044719696,
    "relax_model_4_multimer_v3_pred_0": 347.984427690506,
    "process_features_model_5_multimer_v3_pred_0": 5.245208740234375e-06,
    "predict_and_compile_model_5_multimer_v3_pred_0": 700.1010453701019,
    "relax_model_5_multimer_v3_pred_0": 233.64876985549927
}