{
    "iptm+ptm": {
        "model_1_multimer_v3_pred_0": 0.5728932044004794,
        "model_2_multimer_v3_pred_0": 0.5744352830887797,
        "model_3_multimer_v3_pred_0": 0.5802349814530712,
        "model_4_multimer_v3_pred_0": 0.6016598558962141,
        "model_5_multimer_v3_pred_0": 0.5726324710221984
    },
    "order": [
        "model_4_multimer_v3_pred_0",
        "model_3_multimer_v3_pred_0",
        "model_2_multimer_v3_pred_0",
        "model_1_multimer_v3_pred_0",
        "model_5_multimer_v3_pred_0"
    ]
}