{
    "features": 207.40308332443237,
    "process_features_model_1_multimer_v3_pred_0": 3.4809112548828125e-05,
    "predict_and_compile_model_1_multimer_v3_pred_0": 701.694962978363,
    "relax_model_1_multimer_v3_pred_0": 153.61969327926636,
    "process_features_model_2_multimer_v3_pred_0": 4.76837158203125e-06,
    "predict_and_compile_model_2_multimer_v3_pred_0": 607.652134180069,
    "relax_model_2_multimer_v3_pred_0": 324.56641721725464,
    "process_features_model_3_multimer_v3_pred_0": 5.0067901611328125e-06,
    "predict_and_compile_model_3_multimer_v3_pred_0": 771.7267003059387,
    "relax_model_3_multimer_v3_pred_0": 244.64431524276733,
    "process_features_model_4_multimer_v3_pred_0": 1.4066696166992188e-05,
    "predict_and_compile_model_4_multimer_v3_pred_0": 1323.284456729889,
    "relax_model_4_multimer_v3_pred_0": 249.05575561523438,
    "process_features_model_5_multimer_v3_pred_0": 5.7220458984375e-06,
    "predict_and_compile_model_5_multimer_v3_pred_0": 1308.9528443813324,
    "relax_model_5_multimer_v3_pred_0": 323.29894161224365
}