{
    "iptm+ptm": {
        "model_1_multimer_v3_pred_0": 0.870548493875471,
        "model_2_multimer_v3_pred_0": 0.8765585890123346,
        "model_3_multimer_v3_pred_0": 0.821425687588671,
        "model_4_multimer_v3_pred_0": 0.8646419992646308,
        "model_5_multimer_v3_pred_0": 0.8770673507125736
    },
    "order": [
        "model_5_multimer_v3_pred_0",
        "model_2_multimer_v3_pred_0",
        "model_1_multimer_v3_pred_0",
        "model_4_multimer_v3_pred_0",
        "model_3_multimer_v3_pred_0"
    ]
}