{
    "features": 157.70130848884583,
    "process_features_model_1_multimer_v3_pred_0": 9.298324584960938e-06,
    "predict_and_compile_model_1_multimer_v3_pred_0": 1053.3304433822632,
    "relax_model_1_multimer_v3_pred_0": 262.4874258041382,
    "process_features_model_2_multimer_v3_pred_0": 5.9604644775390625e-06,
    "predict_and_compile_model_2_multimer_v3_pred_0": 1057.5568430423737,
    "relax_model_2_multimer_v3_pred_0": 302.0265281200409,
    "process_features_model_3_multimer_v3_pred_0": 4.291534423828125e-06,
    "predict_and_compile_model_3_multimer_v3_pred_0": 1749.5568323135376,
    "relax_model_3_multimer_v3_pred_0": 360.64584827423096,
    "process_features_model_4_multimer_v3_pred_0": 5.245208740234375e-06,
    "predict_and_compile_model_4_multimer_v3_pred_0": 1494.9785647392273,
    "relax_model_4_multimer_v3_pred_0": 970.457367181778,
    "process_features_model_5_multimer_v3_pred_0": 2.4557113647460938e-05,
    "predict_and_compile_model_5_multimer_v3_pred_0": 586.2579884529114,
    "relax_model_5_multimer_v3_pred_0": 825.3587772846222
}