{
    "iptm+ptm": {
        "model_1_multimer_v3_pred_0": 0.7217066874565737,
        "model_2_multimer_v3_pred_0": 0.721105650563883,
        "model_3_multimer_v3_pred_0": 0.7170066978328621,
        "model_4_multimer_v3_pred_0": 0.7147444827829701,
        "model_5_multimer_v3_pred_0": 0.7199864267840779
    },
    "order": [
        "model_1_multimer_v3_pred_0",
        "model_2_multimer_v3_pred_0",
        "model_5_multimer_v3_pred_0",
        "model_3_multimer_v3_pred_0",
        "model_4_multimer_v3_pred_0"
    ]
}