{
    "features": 104.24156665802002,
    "process_features_model_1_multimer_v3_pred_0": 1.2636184692382812e-05,
    "predict_and_compile_model_1_multimer_v3_pred_0": 116.70827341079712,
    "relax_model_1_multimer_v3_pred_0": 183.31980395317078,
    "process_features_model_2_multimer_v3_pred_0": 5.7220458984375e-06,
    "predict_and_compile_model_2_multimer_v3_pred_0": 122.38505482673645,
    "relax_model_2_multimer_v3_pred_0": 414.19483757019043,
    "process_features_model_3_multimer_v3_pred_0": 5.245208740234375e-06,
    "predict_and_compile_model_3_multimer_v3_pred_0": 129.51652789115906,
    "relax_model_3_multimer_v3_pred_0": 242.27609515190125,
    "process_features_model_4_multimer_v3_pred_0": 4.5299530029296875e-06,
    "predict_and_compile_model_4_multimer_v3_pred_0": 118.80742454528809,
    "relax_model_4_multimer_v3_pred_0": 360.38773226737976,
    "process_features_model_5_multimer_v3_pred_0": 4.76837158203125e-06,
    "predict_and_compile_model_5_multimer_v3_pred_0": 111.16658043861389,
    "relax_model_5_multimer_v3_pred_0": 401.5193827152252
}