{
    "iptm+ptm": {
        "model_1_multimer_v3_pred_0": 0.8958723325100264,
        "model_2_multimer_v3_pred_0": 0.8975780269923777,
        "model_3_multimer_v3_pred_0": 0.90775452991622,
        "model_4_multimer_v3_pred_0": 0.8968731857866239,
        "model_5_multimer_v3_pred_0": 0.9127485843032178
    },
    "order": [
        "model_5_multimer_v3_pred_0",
        "model_3_multimer_v3_pred_0",
        "model_2_multimer_v3_pred_0",
        "model_4_multimer_v3_pred_0",
        "model_1_multimer_v3_pred_0"
    ]
}