{
    "features": 179.01939511299133,
    "process_features_model_1_multimer_v3_pred_0": 1.0967254638671875e-05,
    "predict_and_compile_model_1_multimer_v3_pred_0": 402.92060256004333,
    "relax_model_1_multimer_v3_pred_0": 268.6857397556305,
    "process_features_model_2_multimer_v3_pred_0": 2.0265579223632812e-05,
    "predict_and_compile_model_2_multimer_v3_pred_0": 414.8597230911255,
    "relax_model_2_multimer_v3_pred_0": 273.1033864021301,
    "process_features_model_3_multimer_v3_pred_0": 5.7220458984375e-06,
    "predict_and_compile_model_3_multimer_v3_pred_0": 363.1174154281616,
    "relax_model_3_multimer_v3_pred_0": 349.2375388145447,
    "process_features_model_4_multimer_v3_pred_0": 5.7220458984375e-06,
    "predict_and_compile_model_4_multimer_v3_pred_0": 416.8296391963959,
    "relax_model_4_multimer_v3_pred_0": 280.75503420829773,
    "process_features_model_5_multimer_v3_pred_0": 5.7220458984375e-06,
    "predict_and_compile_model_5_multimer_v3_pred_0": 405.2462577819824,
    "relax_model_5_multimer_v3_pred_0": 440.84469866752625
}