{
    "iptm+ptm": {
        "model_1_multimer_v3_pred_0": 0.582365521835138,
        "model_2_multimer_v3_pred_0": 0.523906578114514,
        "model_3_multimer_v3_pred_0": 0.4982100065429618,
        "model_4_multimer_v3_pred_0": 0.6889354094328755,
        "model_5_multimer_v3_pred_0": 0.602207523306558
    },
    "order": [
        "model_4_multimer_v3_pred_0",
        "model_5_multimer_v3_pred_0",
        "model_1_multimer_v3_pred_0",
        "model_2_multimer_v3_pred_0",
        "model_3_multimer_v3_pred_0"
    ]
}