{
    "features": 234.03488659858704,
    "process_features_model_1_multimer_v3_pred_0": 3.075599670410156e-05,
    "predict_and_compile_model_1_multimer_v3_pred_0": 1387.7765715122223,
    "relax_model_1_multimer_v3_pred_0": 543.0136127471924,
    "process_features_model_2_multimer_v3_pred_0": 4.76837158203125e-06,
    "predict_and_compile_model_2_multimer_v3_pred_0": 1384.121319770813,
    "relax_model_2_multimer_v3_pred_0": 392.0761697292328,
    "process_features_model_3_multimer_v3_pred_0": 5.9604644775390625e-06,
    "predict_and_compile_model_3_multimer_v3_pred_0": 1401.938116312027,
    "relax_model_3_multimer_v3_pred_0": 777.8414030075073,
    "process_features_model_4_multimer_v3_pred_0": 4.76837158203125e-06,
    "predict_and_compile_model_4_multimer_v3_pred_0": 1367.0088453292847,
    "relax_model_4_multimer_v3_pred_0": 312.94503378868103,
    "process_features_model_5_multimer_v3_pred_0": 4.0531158447265625e-06,
    "predict_and_compile_model_5_multimer_v3_pred_0": 1348.754587650299,
    "relax_model_5_multimer_v3_pred_0": 210.27488207817078
}