{
    "iptm+ptm": {
        "model_1_multimer_v3_pred_0": 0.8436414126511066,
        "model_2_multimer_v3_pred_0": 0.8167067073004108,
        "model_3_multimer_v3_pred_0": 0.7868729652875166,
        "model_4_multimer_v3_pred_0": 0.7726782690572689,
        "model_5_multimer_v3_pred_0": 0.7941732972212678
    },
    "order": [
        "model_1_multimer_v3_pred_0",
        "model_2_multimer_v3_pred_0",
        "model_5_multimer_v3_pred_0",
        "model_3_multimer_v3_pred_0",
        "model_4_multimer_v3_pred_0"
    ]
}