{
    "features": 49.256003856658936,
    "process_features_model_1_multimer_v3_pred_0": 1.049041748046875e-05,
    "predict_and_compile_model_1_multimer_v3_pred_0": 115.86647176742554,
    "relax_model_1_multimer_v3_pred_0": 215.48893213272095,
    "process_features_model_2_multimer_v3_pred_0": 3.4809112548828125e-05,
    "predict_and_compile_model_2_multimer_v3_pred_0": 112.71625208854675,
    "relax_model_2_multimer_v3_pred_0": 208.4616734981537,
    "process_features_model_3_multimer_v3_pred_0": 6.4373016357421875e-06,
    "predict_and_compile_model_3_multimer_v3_pred_0": 109.81588625907898,
    "relax_model_3_multimer_v3_pred_0": 754.4513988494873,
    "process_features_model_4_multimer_v3_pred_0": 5.7220458984375e-06,
    "predict_and_compile_model_4_multimer_v3_pred_0": 118.6377739906311,
    "relax_model_4_multimer_v3_pred_0": 197.43963074684143,
    "process_features_model_5_multimer_v3_pred_0": 1.5735626220703125e-05,
    "predict_and_compile_model_5_multimer_v3_pred_0": 129.40458631515503,
    "relax_model_5_multimer_v3_pred_0": 211.75326371192932
}