{
    "iptm+ptm": {
        "model_1_multimer_v3_pred_0": 0.5967310827156591,
        "model_2_multimer_v3_pred_0": 0.5330274747390499,
        "model_3_multimer_v3_pred_0": 0.5190924575730835,
        "model_4_multimer_v3_pred_0": 0.44959036116288414,
        "model_5_multimer_v3_pred_0": 0.5234437849846937
    },
    "order": [
        "model_1_multimer_v3_pred_0",
        "model_2_multimer_v3_pred_0",
        "model_5_multimer_v3_pred_0",
        "model_3_multimer_v3_pred_0",
        "model_4_multimer_v3_pred_0"
    ]
}