{
    "features": 122.54897403717041,
    "process_features_model_1_multimer_v3_pred_0": 1.0013580322265625e-05,
    "predict_and_compile_model_1_multimer_v3_pred_0": 1188.834759235382,
    "relax_model_1_multimer_v3_pred_0": 330.1506338119507,
    "process_features_model_2_multimer_v3_pred_0": 1.3113021850585938e-05,
    "predict_and_compile_model_2_multimer_v3_pred_0": 1298.2296414375305,
    "relax_model_2_multimer_v3_pred_0": 202.1176221370697,
    "process_features_model_3_multimer_v3_pred_0": 1.5497207641601562e-05,
    "predict_and_compile_model_3_multimer_v3_pred_0": 832.4831244945526,
    "relax_model_3_multimer_v3_pred_0": 233.73641562461853,
    "process_features_model_4_multimer_v3_pred_0": 1.239776611328125e-05,
    "predict_and_compile_model_4_multimer_v3_pred_0": 686.9162948131561,
    "relax_model_4_multimer_v3_pred_0": 198.9618480205536,
    "process_features_model_5_multimer_v3_pred_0": 1.1444091796875e-05,
    "predict_and_compile_model_5_multimer_v3_pred_0": 584.0705211162567,
    "relax_model_5_multimer_v3_pred_0": 196.28110194206238
}