{
    "iptm+ptm": {
        "model_1_multimer_v3_pred_0": 0.8906198749552907,
        "model_2_multimer_v3_pred_0": 0.8858301542104328,
        "model_3_multimer_v3_pred_0": 0.8841541085542928,
        "model_4_multimer_v3_pred_0": 0.8962190015195114,
        "model_5_multimer_v3_pred_0": 0.8915973709297361
    },
    "order": [
        "model_4_multimer_v3_pred_0",
        "model_5_multimer_v3_pred_0",
        "model_1_multimer_v3_pred_0",
        "model_2_multimer_v3_pred_0",
        "model_3_multimer_v3_pred_0"
    ]
}