{
    "features": 173.9434518814087,
    "process_features_model_1_multimer_v3_pred_0": 1.1444091796875e-05,
    "predict_and_compile_model_1_multimer_v3_pred_0": 1735.6198892593384,
    "relax_model_1_multimer_v3_pred_0": 569.7386603355408,
    "process_features_model_2_multimer_v3_pred_0": 5.7220458984375e-06,
    "predict_and_compile_model_2_multimer_v3_pred_0": 745.4614369869232,
    "relax_model_2_multimer_v3_pred_0": 218.80176758766174,
    "process_features_model_3_multimer_v3_pred_0": 6.198883056640625e-06,
    "predict_and_compile_model_3_multimer_v3_pred_0": 597.5208623409271,
    "relax_model_3_multimer_v3_pred_0": 534.496438741684,
    "process_features_model_4_multimer_v3_pred_0": 2.1457672119140625e-05,
    "predict_and_compile_model_4_multimer_v3_pred_0": 582.228031873703,
    "relax_model_4_multimer_v3_pred_0": 230.03559470176697,
    "process_features_model_5_multimer_v3_pred_0": 6.198883056640625e-06,
    "predict_and_compile_model_5_multimer_v3_pred_0": 1513.8284363746643,
    "relax_model_5_multimer_v3_pred_0": 245.26453280448914
}