{
    "iptm+ptm": {
        "model_1_multimer_v3_pred_0": 0.7078497300738325,
        "model_2_multimer_v3_pred_0": 0.7957802744551911,
        "model_3_multimer_v3_pred_0": 0.7202275807277895,
        "model_4_multimer_v3_pred_0": 0.8449480493278989,
        "model_5_multimer_v3_pred_0": 0.7216701989595993
    },
    "order": [
        "model_4_multimer_v3_pred_0",
        "model_2_multimer_v3_pred_0",
        "model_5_multimer_v3_pred_0",
        "model_3_multimer_v3_pred_0",
        "model_1_multimer_v3_pred_0"
    ]
}