{
    "features": 178.02024126052856,
    "process_features_model_1_multimer_v3_pred_0": 3.123283386230469e-05,
    "predict_and_compile_model_1_multimer_v3_pred_0": 444.7830228805542,
    "process_features_model_2_multimer_v3_pred_0": 2.86102294921875e-05,
    "predict_and_compile_model_2_multimer_v3_pred_0": 643.6245260238647,
    "process_features_model_3_multimer_v3_pred_0": 1.0728836059570312e-05,
    "predict_and_compile_model_3_multimer_v3_pred_0": 513.890469789505,
    "process_features_model_4_multimer_v3_pred_0": 7.62939453125e-06,
    "predict_and_compile_model_4_multimer_v3_pred_0": 698.7607927322388,
    "process_features_model_5_multimer_v3_pred_0": 8.344650268554688e-06,
    "predict_and_compile_model_5_multimer_v3_pred_0": 1413.5317356586456
}