{
    "iptm+ptm": {
        "model_1_multimer_v3_pred_0": 0.7960290798137286,
        "model_2_multimer_v3_pred_0": 0.7957517108444708,
        "model_3_multimer_v3_pred_0": 0.7911038151507196,
        "model_4_multimer_v3_pred_0": 0.7832193660808568,
        "model_5_multimer_v3_pred_0": 0.8039334300660596
    },
    "order": [
        "model_5_multimer_v3_pred_0",
        "model_1_multimer_v3_pred_0",
        "model_2_multimer_v3_pred_0",
        "model_3_multimer_v3_pred_0",
        "model_4_multimer_v3_pred_0"
    ]
}