{
    "features": 249.1649317741394,
    "process_features_model_1_multimer_v3_pred_0": 8.344650268554688e-06,
    "predict_and_compile_model_1_multimer_v3_pred_0": 1554.696687221527,
    "relax_model_1_multimer_v3_pred_0": 613.9234094619751,
    "process_features_model_2_multimer_v3_pred_0": 8.58306884765625e-06,
    "predict_and_compile_model_2_multimer_v3_pred_0": 1557.1432826519012,
    "relax_model_2_multimer_v3_pred_0": 554.2021462917328,
    "process_features_model_3_multimer_v3_pred_0": 8.58306884765625e-06,
    "predict_and_compile_model_3_multimer_v3_pred_0": 1489.991988658905,
    "relax_model_3_multimer_v3_pred_0": 690.6473739147186,
    "process_features_model_4_multimer_v3_pred_0": 9.298324584960938e-06,
    "predict_and_compile_model_4_multimer_v3_pred_0": 1523.7257270812988,
    "relax_model_4_multimer_v3_pred_0": 776.6239411830902,
    "process_features_model_5_multimer_v3_pred_0": 7.62939453125e-06,
    "predict_and_compile_model_5_multimer_v3_pred_0": 1507.1779289245605,
    "relax_model_5_multimer_v3_pred_0": 650.6737103462219
}