{
    "iptm+ptm": {
        "model_1_multimer_v3_pred_0": 0.8455540087611438,
        "model_2_multimer_v3_pred_0": 0.8498177996767178,
        "model_3_multimer_v3_pred_0": 0.84606964818644,
        "model_4_multimer_v3_pred_0": 0.863169001675142,
        "model_5_multimer_v3_pred_0": 0.8644971080185879
    },
    "order": [
        "model_5_multimer_v3_pred_0",
        "model_4_multimer_v3_pred_0",
        "model_2_multimer_v3_pred_0",
        "model_3_multimer_v3_pred_0",
        "model_1_multimer_v3_pred_0"
    ]
}