{
    "features": 179.27246356010437,
    "process_features_model_1_multimer_v3_pred_0": 9.775161743164062e-06,
    "predict_and_compile_model_1_multimer_v3_pred_0": 660.1555783748627,
    "relax_model_1_multimer_v3_pred_0": 202.5538992881775,
    "process_features_model_2_multimer_v3_pred_0": 4.76837158203125e-06,
    "predict_and_compile_model_2_multimer_v3_pred_0": 442.55144238471985,
    "relax_model_2_multimer_v3_pred_0": 335.32225704193115,
    "process_features_model_3_multimer_v3_pred_0": 8.58306884765625e-06,
    "predict_and_compile_model_3_multimer_v3_pred_0": 514.8901255130768,
    "relax_model_3_multimer_v3_pred_0": 320.7581241130829,
    "process_features_model_4_multimer_v3_pred_0": 1.4543533325195312e-05,
    "predict_and_compile_model_4_multimer_v3_pred_0": 793.4350073337555,
    "relax_model_4_multimer_v3_pred_0": 285.76293659210205,
    "process_features_model_5_multimer_v3_pred_0": 4.76837158203125e-06,
    "predict_and_compile_model_5_multimer_v3_pred_0": 719.4286508560181,
    "relax_model_5_multimer_v3_pred_0": 291.30482840538025
}