{
    "iptm+ptm": {
        "model_1_multimer_v3_pred_0": 0.892401628275495,
        "model_2_multimer_v3_pred_0": 0.708226713552215,
        "model_3_multimer_v3_pred_0": 0.8258553702044711,
        "model_4_multimer_v3_pred_0": 0.8587865671961892,
        "model_5_multimer_v3_pred_0": 0.882974791686683
    },
    "order": [
        "model_1_multimer_v3_pred_0",
        "model_5_multimer_v3_pred_0",
        "model_4_multimer_v3_pred_0",
        "model_3_multimer_v3_pred_0",
        "model_2_multimer_v3_pred_0"
    ]
}