{
    "features": 135.69066214561462,
    "process_features_model_1_multimer_v3_pred_0": 3.4332275390625e-05,
    "predict_and_compile_model_1_multimer_v3_pred_0": 1534.3864088058472,
    "relax_model_1_multimer_v3_pred_0": 595.4062633514404,
    "process_features_model_2_multimer_v3_pred_0": 2.3603439331054688e-05,
    "predict_and_compile_model_2_multimer_v3_pred_0": 1530.7479844093323,
    "relax_model_2_multimer_v3_pred_0": 689.5506794452667,
    "process_features_model_3_multimer_v3_pred_0": 5.0067901611328125e-06,
    "predict_and_compile_model_3_multimer_v3_pred_0": 743.6208393573761,
    "relax_model_3_multimer_v3_pred_0": 898.6518306732178,
    "process_features_model_4_multimer_v3_pred_0": 8.821487426757812e-06,
    "predict_and_compile_model_4_multimer_v3_pred_0": 1575.1086103916168,
    "relax_model_4_multimer_v3_pred_0": 279.8342487812042,
    "process_features_model_5_multimer_v3_pred_0": 5.245208740234375e-06,
    "predict_and_compile_model_5_multimer_v3_pred_0": 1127.988644361496,
    "relax_model_5_multimer_v3_pred_0": 1035.7063233852386
}