{
    "iptm+ptm": {
        "model_1_multimer_v3_pred_0": 0.8850531225398683,
        "model_2_multimer_v3_pred_0": 0.8945200732796303,
        "model_3_multimer_v3_pred_0": 0.8938509487931575,
        "model_4_multimer_v3_pred_0": 0.883360918151068,
        "model_5_multimer_v3_pred_0": 0.8957735342507644
    },
    "order": [
        "model_5_multimer_v3_pred_0",
        "model_2_multimer_v3_pred_0",
        "model_3_multimer_v3_pred_0",
        "model_1_multimer_v3_pred_0",
        "model_4_multimer_v3_pred_0"
    ]
}