{
    "features": 206.75648164749146,
    "process_features_model_1_multimer_v3_pred_0": 1.0251998901367188e-05,
    "predict_and_compile_model_1_multimer_v3_pred_0": 409.94831585884094,
    "relax_model_1_multimer_v3_pred_0": 236.03573083877563,
    "process_features_model_2_multimer_v3_pred_0": 9.5367431640625e-06,
    "predict_and_compile_model_2_multimer_v3_pred_0": 396.4958257675171,
    "relax_model_2_multimer_v3_pred_0": 373.92237734794617,
    "process_features_model_3_multimer_v3_pred_0": 9.298324584960938e-06,
    "predict_and_compile_model_3_multimer_v3_pred_0": 408.33999943733215,
    "relax_model_3_multimer_v3_pred_0": 318.69128155708313,
    "process_features_model_4_multimer_v3_pred_0": 9.5367431640625e-06,
    "predict_and_compile_model_4_multimer_v3_pred_0": 471.90604734420776,
    "relax_model_4_multimer_v3_pred_0": 197.15896916389465,
    "process_features_model_5_multimer_v3_pred_0": 9.059906005859375e-06,
    "predict_and_compile_model_5_multimer_v3_pred_0": 547.9040243625641,
    "relax_model_5_multimer_v3_pred_0": 426.2749445438385
}