{
    "iptm+ptm": {
        "model_1_multimer_v3_pred_0": 0.28055873927126507,
        "model_2_multimer_v3_pred_0": 0.2657621797629786,
        "model_3_multimer_v3_pred_0": 0.2919545715359126,
        "model_4_multimer_v3_pred_0": 0.2545120776240887,
        "model_5_multimer_v3_pred_0": 0.29241073440986487
    },
    "order": [
        "model_5_multimer_v3_pred_0",
        "model_3_multimer_v3_pred_0",
        "model_1_multimer_v3_pred_0",
        "model_2_multimer_v3_pred_0",
        "model_4_multimer_v3_pred_0"
    ]
}