{
    "features": 232.31329345703125,
    "process_features_model_1_multimer_v3_pred_0": 2.3126602172851562e-05,
    "predict_and_compile_model_1_multimer_v3_pred_0": 3017.806316137314,
    "relax_model_1_multimer_v3_pred_0": 695.7620453834534,
    "process_features_model_2_multimer_v3_pred_0": 3.0040740966796875e-05,
    "predict_and_compile_model_2_multimer_v3_pred_0": 3018.311101913452,
    "relax_model_2_multimer_v3_pred_0": 730.9897818565369,
    "process_features_model_3_multimer_v3_pred_0": 7.62939453125e-06,
    "predict_and_compile_model_3_multimer_v3_pred_0": 1908.4787435531616,
    "relax_model_3_multimer_v3_pred_0": 587.2344224452972,
    "process_features_model_4_multimer_v3_pred_0": 2.0503997802734375e-05,
    "predict_and_compile_model_4_multimer_v3_pred_0": 1572.1459002494812,
    "relax_model_4_multimer_v3_pred_0": 626.6669383049011,
    "process_features_model_5_multimer_v3_pred_0": 5.4836273193359375e-06,
    "predict_and_compile_model_5_multimer_v3_pred_0": 2917.235559463501,
    "relax_model_5_multimer_v3_pred_0": 463.8017404079437
}