{
    "iptm+ptm": {
        "model_1_multimer_v3_pred_0": 0.45783133805296267,
        "model_2_multimer_v3_pred_0": 0.525829612614615,
        "model_3_multimer_v3_pred_0": 0.4570024154928656,
        "model_4_multimer_v3_pred_0": 0.44970475444303715,
        "model_5_multimer_v3_pred_0": 0.4774013268283771
    },
    "order": [
        "model_2_multimer_v3_pred_0",
        "model_5_multimer_v3_pred_0",
        "model_1_multimer_v3_pred_0",
        "model_3_multimer_v3_pred_0",
        "model_4_multimer_v3_pred_0"
    ]
}