{
    "features": 271.8903238773346,
    "process_features_model_1_multimer_v3_pred_0": 1.049041748046875e-05,
    "predict_and_compile_model_1_multimer_v3_pred_0": 1698.9744110107422,
    "relax_model_1_multimer_v3_pred_0": 520.5306742191315,
    "process_features_model_2_multimer_v3_pred_0": 2.7894973754882812e-05,
    "predict_and_compile_model_2_multimer_v3_pred_0": 1692.723227262497,
    "relax_model_2_multimer_v3_pred_0": 786.1400401592255,
    "process_features_model_3_multimer_v3_pred_0": 1.621246337890625e-05,
    "predict_and_compile_model_3_multimer_v3_pred_0": 1722.5764338970184,
    "relax_model_3_multimer_v3_pred_0": 415.70331931114197,
    "process_features_model_4_multimer_v3_pred_0": 1.0013580322265625e-05,
    "predict_and_compile_model_4_multimer_v3_pred_0": 1663.6372482776642,
    "relax_model_4_multimer_v3_pred_0": 374.774866104126,
    "process_features_model_5_multimer_v3_pred_0": 1.2159347534179688e-05,
    "predict_and_compile_model_5_multimer_v3_pred_0": 1683.0465013980865,
    "relax_model_5_multimer_v3_pred_0": 209.5213828086853
}