{
    "iptm+ptm": {
        "model_1_multimer_v3_pred_0": 0.44285888145360264,
        "model_2_multimer_v3_pred_0": 0.4229833903822219,
        "model_3_multimer_v3_pred_0": 0.35039050240772396,
        "model_4_multimer_v3_pred_0": 0.37342180055032087,
        "model_5_multimer_v3_pred_0": 0.4829268773435548
    },
    "order": [
        "model_5_multimer_v3_pred_0",
        "model_1_multimer_v3_pred_0",
        "model_2_multimer_v3_pred_0",
        "model_4_multimer_v3_pred_0",
        "model_3_multimer_v3_pred_0"
    ]
}