{
    "features": 246.4188530445099,
    "process_features_model_1_multimer_v3_pred_0": 1.2874603271484375e-05,
    "predict_and_compile_model_1_multimer_v3_pred_0": 2595.484675884247,
    "relax_model_1_multimer_v3_pred_0": 1516.6936008930206,
    "process_features_model_2_multimer_v3_pred_0": 1.7881393432617188e-05,
    "predict_and_compile_model_2_multimer_v3_pred_0": 2590.0667362213135,
    "relax_model_2_multimer_v3_pred_0": 2505.6266441345215,
    "process_features_model_3_multimer_v3_pred_0": 2.765655517578125e-05,
    "predict_and_compile_model_3_multimer_v3_pred_0": 2617.284242630005,
    "relax_model_3_multimer_v3_pred_0": 1901.392405986786,
    "process_features_model_4_multimer_v3_pred_0": 1.33514404296875e-05,
    "predict_and_compile_model_4_multimer_v3_pred_0": 2529.693298101425,
    "relax_model_4_multimer_v3_pred_0": 1783.3370022773743,
    "process_features_model_5_multimer_v3_pred_0": 1.4781951904296875e-05,
    "predict_and_compile_model_5_multimer_v3_pred_0": 2540.7919368743896,
    "relax_model_5_multimer_v3_pred_0": 1206.69260430336
}