{
    "iptm+ptm": {
        "model_1_multimer_v3_pred_0": 0.6643822457346286,
        "model_2_multimer_v3_pred_0": 0.6235647418188675,
        "model_3_multimer_v3_pred_0": 0.6512302825379499,
        "model_4_multimer_v3_pred_0": 0.6519844256925292,
        "model_5_multimer_v3_pred_0": 0.6407728101795411
    },
    "order": [
        "model_1_multimer_v3_pred_0",
        "model_4_multimer_v3_pred_0",
        "model_3_multimer_v3_pred_0",
        "model_5_multimer_v3_pred_0",
        "model_2_multimer_v3_pred_0"
    ]
}