{
    "features": 228.18923139572144,
    "process_features_model_1_multimer_v3_pred_0": 1.3828277587890625e-05,
    "predict_and_compile_model_1_multimer_v3_pred_0": 601.5486388206482,
    "relax_model_1_multimer_v3_pred_0": 342.2639365196228,
    "process_features_model_2_multimer_v3_pred_0": 2.002716064453125e-05,
    "predict_and_compile_model_2_multimer_v3_pred_0": 601.8656413555145,
    "relax_model_2_multimer_v3_pred_0": 332.3620436191559,
    "process_features_model_3_multimer_v3_pred_0": 5.4836273193359375e-06,
    "predict_and_compile_model_3_multimer_v3_pred_0": 446.4406340122223,
    "relax_model_3_multimer_v3_pred_0": 330.7812192440033,
    "process_features_model_4_multimer_v3_pred_0": 6.365776062011719e-05,
    "predict_and_compile_model_4_multimer_v3_pred_0": 524.9788784980774,
    "relax_model_4_multimer_v3_pred_0": 393.0132706165314,
    "process_features_model_5_multimer_v3_pred_0": 6.198883056640625e-06,
    "predict_and_compile_model_5_multimer_v3_pred_0": 517.1900384426117,
    "relax_model_5_multimer_v3_pred_0": 455.8973515033722
}