{
    "iptm+ptm": {
        "model_1_multimer_v3_pred_0": 0.6914615412905334,
        "model_2_multimer_v3_pred_0": 0.7190570287211653,
        "model_3_multimer_v3_pred_0": 0.7085060526452556,
        "model_4_multimer_v3_pred_0": 0.6996089037704437,
        "model_5_multimer_v3_pred_0": 0.7190911859694985
    },
    "order": [
        "model_5_multimer_v3_pred_0",
        "model_2_multimer_v3_pred_0",
        "model_3_multimer_v3_pred_0",
        "model_4_multimer_v3_pred_0",
        "model_1_multimer_v3_pred_0"
    ]
}