{
    "features": 152.02407956123352,
    "process_features_model_1_multimer_v3_pred_0": 1.1444091796875e-05,
    "predict_and_compile_model_1_multimer_v3_pred_0": 1263.2302012443542,
    "relax_model_1_multimer_v3_pred_0": 708.9815967082977,
    "process_features_model_2_multimer_v3_pred_0": 5.0067901611328125e-06,
    "predict_and_compile_model_2_multimer_v3_pred_0": 859.7917973995209,
    "relax_model_2_multimer_v3_pred_0": 862.200502872467,
    "process_features_model_3_multimer_v3_pred_0": 5.0067901611328125e-06,
    "predict_and_compile_model_3_multimer_v3_pred_0": 534.5885105133057,
    "relax_model_3_multimer_v3_pred_0": 1167.6266329288483,
    "process_features_model_4_multimer_v3_pred_0": 7.152557373046875e-06,
    "predict_and_compile_model_4_multimer_v3_pred_0": 615.7987098693848,
    "relax_model_4_multimer_v3_pred_0": 371.9758846759796,
    "process_features_model_5_multimer_v3_pred_0": 5.245208740234375e-06,
    "predict_and_compile_model_5_multimer_v3_pred_0": 833.2798948287964,
    "relax_model_5_multimer_v3_pred_0": 1242.1665148735046
}