{
    "iptm+ptm": {
        "model_1_multimer_v3_pred_0": 0.7978006423143451,
        "model_2_multimer_v3_pred_0": 0.809025412210692,
        "model_3_multimer_v3_pred_0": 0.7871488691000139,
        "model_4_multimer_v3_pred_0": 0.7945953001715811,
        "model_5_multimer_v3_pred_0": 0.798158282930605
    },
    "order": [
        "model_2_multimer_v3_pred_0",
        "model_5_multimer_v3_pred_0",
        "model_1_multimer_v3_pred_0",
        "model_4_multimer_v3_pred_0",
        "model_3_multimer_v3_pred_0"
    ]
}