{
    "features": 102.86712455749512,
    "process_features_model_1_multimer_v3_pred_0": 1.8835067749023438e-05,
    "predict_and_compile_model_1_multimer_v3_pred_0": 106.49005675315857,
    "relax_model_1_multimer_v3_pred_0": 326.7175843715668,
    "process_features_model_2_multimer_v3_pred_0": 6.67572021484375e-06,
    "predict_and_compile_model_2_multimer_v3_pred_0": 119.83312606811523,
    "relax_model_2_multimer_v3_pred_0": 362.1765489578247,
    "process_features_model_3_multimer_v3_pred_0": 4.291534423828125e-06,
    "predict_and_compile_model_3_multimer_v3_pred_0": 105.74865555763245,
    "relax_model_3_multimer_v3_pred_0": 413.0424573421478,
    "process_features_model_4_multimer_v3_pred_0": 3.5762786865234375e-06,
    "predict_and_compile_model_4_multimer_v3_pred_0": 102.29737162590027,
    "relax_model_4_multimer_v3_pred_0": 145.78513717651367,
    "process_features_model_5_multimer_v3_pred_0": 3.5762786865234375e-06,
    "predict_and_compile_model_5_multimer_v3_pred_0": 101.1167368888855,
    "relax_model_5_multimer_v3_pred_0": 159.81755328178406
}