{
    "iptm+ptm": {
        "model_1_multimer_v3_pred_0": 0.8137117497774993,
        "model_2_multimer_v3_pred_0": 0.7759486592115838,
        "model_3_multimer_v3_pred_0": 0.8256772937107513,
        "model_4_multimer_v3_pred_0": 0.8310762649351215,
        "model_5_multimer_v3_pred_0": 0.8290516155727199
    },
    "order": [
        "model_4_multimer_v3_pred_0",
        "model_5_multimer_v3_pred_0",
        "model_3_multimer_v3_pred_0",
        "model_1_multimer_v3_pred_0",
        "model_2_multimer_v3_pred_0"
    ]
}