{
    "features": 224.37965297698975,
    "process_features_model_1_multimer_v3_pred_0": 1.4781951904296875e-05,
    "predict_and_compile_model_1_multimer_v3_pred_0": 564.0831751823425,
    "relax_model_1_multimer_v3_pred_0": 612.0273952484131,
    "process_features_model_2_multimer_v3_pred_0": 1.049041748046875e-05,
    "predict_and_compile_model_2_multimer_v3_pred_0": 425.21039295196533,
    "relax_model_2_multimer_v3_pred_0": 389.34690284729004,
    "process_features_model_3_multimer_v3_pred_0": 8.58306884765625e-06,
    "predict_and_compile_model_3_multimer_v3_pred_0": 502.4588108062744,
    "relax_model_3_multimer_v3_pred_0": 994.2128093242645,
    "process_features_model_4_multimer_v3_pred_0": 1.3113021850585938e-05,
    "predict_and_compile_model_4_multimer_v3_pred_0": 566.5716786384583,
    "relax_model_4_multimer_v3_pred_0": 381.54780650138855,
    "process_features_model_5_multimer_v3_pred_0": 1.1205673217773438e-05,
    "predict_and_compile_model_5_multimer_v3_pred_0": 493.0836503505707,
    "relax_model_5_multimer_v3_pred_0": 807.0768985748291
}