{
    "iptm+ptm": {
        "model_1_multimer_v3_pred_0": 0.7986811513412605,
        "model_2_multimer_v3_pred_0": 0.796963995541146,
        "model_3_multimer_v3_pred_0": 0.7673969950847691,
        "model_4_multimer_v3_pred_0": 0.7968286347176159,
        "model_5_multimer_v3_pred_0": 0.8092605487428859
    },
    "order": [
        "model_5_multimer_v3_pred_0",
        "model_1_multimer_v3_pred_0",
        "model_2_multimer_v3_pred_0",
        "model_4_multimer_v3_pred_0",
        "model_3_multimer_v3_pred_0"
    ]
}