{
    "features": 183.93815302848816,
    "process_features_model_1_multimer_v3_pred_0": 9.298324584960938e-06,
    "predict_and_compile_model_1_multimer_v3_pred_0": 714.5077884197235,
    "relax_model_1_multimer_v3_pred_0": 216.7518711090088,
    "process_features_model_2_multimer_v3_pred_0": 7.152557373046875e-06,
    "predict_and_compile_model_2_multimer_v3_pred_0": 487.5115897655487,
    "relax_model_2_multimer_v3_pred_0": 614.9065160751343,
    "process_features_model_3_multimer_v3_pred_0": 2.7894973754882812e-05,
    "predict_and_compile_model_3_multimer_v3_pred_0": 921.2844047546387,
    "relax_model_3_multimer_v3_pred_0": 979.7699921131134,
    "process_features_model_4_multimer_v3_pred_0": 7.3909759521484375e-06,
    "predict_and_compile_model_4_multimer_v3_pred_0": 695.1319444179535,
    "relax_model_4_multimer_v3_pred_0": 313.06928539276123,
    "process_features_model_5_multimer_v3_pred_0": 1.9311904907226562e-05,
    "predict_and_compile_model_5_multimer_v3_pred_0": 633.7706069946289,
    "relax_model_5_multimer_v3_pred_0": 493.3696994781494
}