{
    "iptm+ptm": {
        "model_1_multimer_v3_pred_0": 0.9106999906754287,
        "model_2_multimer_v3_pred_0": 0.9096744625590236,
        "model_3_multimer_v3_pred_0": 0.9023275558789875,
        "model_4_multimer_v3_pred_0": 0.8947133217347599,
        "model_5_multimer_v3_pred_0": 0.8995596995081694
    },
    "order": [
        "model_1_multimer_v3_pred_0",
        "model_2_multimer_v3_pred_0",
        "model_3_multimer_v3_pred_0",
        "model_5_multimer_v3_pred_0",
        "model_4_multimer_v3_pred_0"
    ]
}