{
    "features": 211.32555270195007,
    "process_features_model_1_multimer_v3_pred_0": 2.86102294921875e-05,
    "predict_and_compile_model_1_multimer_v3_pred_0": 361.475661277771,
    "relax_model_1_multimer_v3_pred_0": 167.36476016044617,
    "process_features_model_2_multimer_v3_pred_0": 9.5367431640625e-06,
    "predict_and_compile_model_2_multimer_v3_pred_0": 352.11480045318604,
    "relax_model_2_multimer_v3_pred_0": 189.82196807861328,
    "process_features_model_3_multimer_v3_pred_0": 1.9073486328125e-05,
    "predict_and_compile_model_3_multimer_v3_pred_0": 628.3322911262512,
    "relax_model_3_multimer_v3_pred_0": 163.9587423801422,
    "process_features_model_4_multimer_v3_pred_0": 2.002716064453125e-05,
    "predict_and_compile_model_4_multimer_v3_pred_0": 368.5387485027313,
    "relax_model_4_multimer_v3_pred_0": 182.9932155609131,
    "process_features_model_5_multimer_v3_pred_0": 1.2636184692382812e-05,
    "predict_and_compile_model_5_multimer_v3_pred_0": 1253.0194227695465,
    "relax_model_5_multimer_v3_pred_0": 163.1838355064392
}