{
    "iptm+ptm": {
        "model_1_multimer_v3_pred_0": 0.8604052376153032,
        "model_2_multimer_v3_pred_0": 0.856251874196147,
        "model_3_multimer_v3_pred_0": 0.8705974746039223,
        "model_4_multimer_v3_pred_0": 0.8692830211297209,
        "model_5_multimer_v3_pred_0": 0.8793865126818339
    },
    "order": [
        "model_5_multimer_v3_pred_0",
        "model_3_multimer_v3_pred_0",
        "model_4_multimer_v3_pred_0",
        "model_1_multimer_v3_pred_0",
        "model_2_multimer_v3_pred_0"
    ]
}