{
    "features": 166.289541721344,
    "process_features_model_1_multimer_v3_pred_0": 1.0251998901367188e-05,
    "predict_and_compile_model_1_multimer_v3_pred_0": 1282.9553956985474,
    "relax_model_1_multimer_v3_pred_0": 542.4738967418671,
    "process_features_model_2_multimer_v3_pred_0": 4.935264587402344e-05,
    "predict_and_compile_model_2_multimer_v3_pred_0": 1128.5292773246765,
    "relax_model_2_multimer_v3_pred_0": 334.0081515312195,
    "process_features_model_3_multimer_v3_pred_0": 5.9604644775390625e-06,
    "predict_and_compile_model_3_multimer_v3_pred_0": 1198.485585451126,
    "relax_model_3_multimer_v3_pred_0": 1416.6584129333496,
    "process_features_model_4_multimer_v3_pred_0": 1.0251998901367188e-05,
    "predict_and_compile_model_4_multimer_v3_pred_0": 1400.1909244060516,
    "relax_model_4_multimer_v3_pred_0": 973.3482990264893,
    "process_features_model_5_multimer_v3_pred_0": 5.245208740234375e-06,
    "predict_and_compile_model_5_multimer_v3_pred_0": 792.8036482334137,
    "relax_model_5_multimer_v3_pred_0": 374.81851172447205
}