{
    "iptm+ptm": {
        "model_1_multimer_v3_pred_0": 0.5958953892043383,
        "model_2_multimer_v3_pred_0": 0.6238167821161605,
        "model_3_multimer_v3_pred_0": 0.576993295486056,
        "model_4_multimer_v3_pred_0": 0.5659940812183327,
        "model_5_multimer_v3_pred_0": 0.6114635958659473
    },
    "order": [
        "model_2_multimer_v3_pred_0",
        "model_5_multimer_v3_pred_0",
        "model_1_multimer_v3_pred_0",
        "model_3_multimer_v3_pred_0",
        "model_4_multimer_v3_pred_0"
    ]
}