{
    "features": 237.40470552444458,
    "process_features_model_1_multimer_v3_pred_0": 3.123283386230469e-05,
    "predict_and_compile_model_1_multimer_v3_pred_0": 624.3254344463348,
    "relax_model_1_multimer_v3_pred_0": 954.1326947212219,
    "process_features_model_2_multimer_v3_pred_0": 2.7418136596679688e-05,
    "predict_and_compile_model_2_multimer_v3_pred_0": 558.1502788066864,
    "relax_model_2_multimer_v3_pred_0": 515.2506129741669,
    "process_features_model_3_multimer_v3_pred_0": 8.106231689453125e-06,
    "predict_and_compile_model_3_multimer_v3_pred_0": 571.9601752758026,
    "relax_model_3_multimer_v3_pred_0": 1106.994903087616,
    "process_features_model_4_multimer_v3_pred_0": 6.198883056640625e-06,
    "predict_and_compile_model_4_multimer_v3_pred_0": 686.196929693222,
    "relax_model_4_multimer_v3_pred_0": 975.7558469772339,
    "process_features_model_5_multimer_v3_pred_0": 8.821487426757812e-06,
    "predict_and_compile_model_5_multimer_v3_pred_0": 802.383472442627,
    "relax_model_5_multimer_v3_pred_0": 766.8268766403198
}