{
    "iptm+ptm": {
        "model_1_multimer_v3_pred_0": 0.6918021736569696,
        "model_2_multimer_v3_pred_0": 0.7034661859227787,
        "model_3_multimer_v3_pred_0": 0.6918312465721845,
        "model_4_multimer_v3_pred_0": 0.6819894249527411,
        "model_5_multimer_v3_pred_0": 0.7057336549803384
    },
    "order": [
        "model_5_multimer_v3_pred_0",
        "model_2_multimer_v3_pred_0",
        "model_3_multimer_v3_pred_0",
        "model_1_multimer_v3_pred_0",
        "model_4_multimer_v3_pred_0"
    ]
}