{
    "features": 207.78225541114807,
    "process_features_model_1_multimer_v3_pred_0": 1.239776611328125e-05,
    "predict_and_compile_model_1_multimer_v3_pred_0": 978.600503206253,
    "relax_model_1_multimer_v3_pred_0": 314.7747976779938,
    "process_features_model_2_multimer_v3_pred_0": 2.765655517578125e-05,
    "predict_and_compile_model_2_multimer_v3_pred_0": 831.4898700714111,
    "relax_model_2_multimer_v3_pred_0": 350.4362618923187,
    "process_features_model_3_multimer_v3_pred_0": 4.5299530029296875e-06,
    "predict_and_compile_model_3_multimer_v3_pred_0": 677.1616249084473,
    "relax_model_3_multimer_v3_pred_0": 261.2413635253906,
    "process_features_model_4_multimer_v3_pred_0": 6.198883056640625e-06,
    "predict_and_compile_model_4_multimer_v3_pred_0": 662.4535043239594,
    "relax_model_4_multimer_v3_pred_0": 295.70172214508057,
    "process_features_model_5_multimer_v3_pred_0": 5.0067901611328125e-06,
    "predict_and_compile_model_5_multimer_v3_pred_0": 787.8728318214417,
    "relax_model_5_multimer_v3_pred_0": 311.6385817527771
}