{
    "iptm+ptm": {
        "model_1_multimer_v3_pred_0": 0.6093491864264711,
        "model_2_multimer_v3_pred_0": 0.6698748622620292,
        "model_3_multimer_v3_pred_0": 0.6551499484346829,
        "model_4_multimer_v3_pred_0": 0.6429613811642693,
        "model_5_multimer_v3_pred_0": 0.6606176865197588
    },
    "order": [
        "model_2_multimer_v3_pred_0",
        "model_5_multimer_v3_pred_0",
        "model_3_multimer_v3_pred_0",
        "model_4_multimer_v3_pred_0",
        "model_1_multimer_v3_pred_0"
    ]
}