{
    "features": 210.34365057945251,
    "process_features_model_1_multimer_v3_pred_0": 3.170967102050781e-05,
    "predict_and_compile_model_1_multimer_v3_pred_0": 1109.5195779800415,
    "relax_model_1_multimer_v3_pred_0": 887.8954122066498,
    "process_features_model_2_multimer_v3_pred_0": 5.0067901611328125e-06,
    "predict_and_compile_model_2_multimer_v3_pred_0": 609.1090173721313,
    "relax_model_2_multimer_v3_pred_0": 296.8292603492737,
    "process_features_model_3_multimer_v3_pred_0": 4.76837158203125e-06,
    "predict_and_compile_model_3_multimer_v3_pred_0": 1400.589069366455,
    "relax_model_3_multimer_v3_pred_0": 289.66098260879517,
    "process_features_model_4_multimer_v3_pred_0": 8.106231689453125e-06,
    "predict_and_compile_model_4_multimer_v3_pred_0": 1105.207804441452,
    "relax_model_4_multimer_v3_pred_0": 350.0707368850708,
    "process_features_model_5_multimer_v3_pred_0": 6.67572021484375e-06,
    "predict_and_compile_model_5_multimer_v3_pred_0": 1403.0509641170502,
    "relax_model_5_multimer_v3_pred_0": 245.1040861606598
}