{
    "iptm+ptm": {
        "model_1_multimer_v3_pred_0": 0.37744141545131715,
        "model_2_multimer_v3_pred_0": 0.5475301057775517,
        "model_3_multimer_v3_pred_0": 0.5045672369354175,
        "model_4_multimer_v3_pred_0": 0.4887253570652401,
        "model_5_multimer_v3_pred_0": 0.5163588019076045
    },
    "order": [
        "model_2_multimer_v3_pred_0",
        "model_5_multimer_v3_pred_0",
        "model_3_multimer_v3_pred_0",
        "model_4_multimer_v3_pred_0",
        "model_1_multimer_v3_pred_0"
    ]
}