{
    "features": 226.85129523277283,
    "process_features_model_1_multimer_v3_pred_0": 1.049041748046875e-05,
    "predict_and_compile_model_1_multimer_v3_pred_0": 1584.6226422786713,
    "relax_model_1_multimer_v3_pred_0": 919.5487277507782,
    "process_features_model_2_multimer_v3_pred_0": 6.198883056640625e-06,
    "predict_and_compile_model_2_multimer_v3_pred_0": 1590.4882793426514,
    "relax_model_2_multimer_v3_pred_0": 410.63691091537476,
    "process_features_model_3_multimer_v3_pred_0": 8.821487426757812e-06,
    "predict_and_compile_model_3_multimer_v3_pred_0": 994.133688211441,
    "relax_model_3_multimer_v3_pred_0": 941.7233111858368,
    "process_features_model_4_multimer_v3_pred_0": 5.4836273193359375e-06,
    "predict_and_compile_model_4_multimer_v3_pred_0": 1531.9595456123352,
    "relax_model_4_multimer_v3_pred_0": 253.74719834327698,
    "process_features_model_5_multimer_v3_pred_0": 5.9604644775390625e-06,
    "predict_and_compile_model_5_multimer_v3_pred_0": 1516.4927122592926,
    "relax_model_5_multimer_v3_pred_0": 277.96555376052856
}