{
    "iptm+ptm": {
        "model_1_multimer_v3_pred_0": 0.5831407850659339,
        "model_2_multimer_v3_pred_0": 0.5850710290736156,
        "model_3_multimer_v3_pred_0": 0.5606040514336398,
        "model_4_multimer_v3_pred_0": 0.5427623644817612,
        "model_5_multimer_v3_pred_0": 0.5583530066531229
    },
    "order": [
        "model_2_multimer_v3_pred_0",
        "model_1_multimer_v3_pred_0",
        "model_3_multimer_v3_pred_0",
        "model_5_multimer_v3_pred_0",
        "model_4_multimer_v3_pred_0"
    ]
}