{
    "features": 222.51148104667664,
    "process_features_model_1_multimer_v3_pred_0": 1.049041748046875e-05,
    "predict_and_compile_model_1_multimer_v3_pred_0": 1467.4873797893524,
    "relax_model_1_multimer_v3_pred_0": 172.75856399536133,
    "process_features_model_2_multimer_v3_pred_0": 5.7220458984375e-06,
    "predict_and_compile_model_2_multimer_v3_pred_0": 953.3203368186951,
    "relax_model_2_multimer_v3_pred_0": 737.616797208786,
    "process_features_model_3_multimer_v3_pred_0": 5.7220458984375e-06,
    "predict_and_compile_model_3_multimer_v3_pred_0": 542.5833580493927,
    "relax_model_3_multimer_v3_pred_0": 302.36303782463074,
    "process_features_model_4_multimer_v3_pred_0": 6.198883056640625e-06,
    "predict_and_compile_model_4_multimer_v3_pred_0": 1422.1341931819916,
    "relax_model_4_multimer_v3_pred_0": 370.41943097114563,
    "process_features_model_5_multimer_v3_pred_0": 5.9604644775390625e-06,
    "predict_and_compile_model_5_multimer_v3_pred_0": 1059.0507061481476,
    "relax_model_5_multimer_v3_pred_0": 400.3983268737793
}