{
    "iptm+ptm": {
        "model_1_multimer_v3_pred_0": 0.8098344374870046,
        "model_2_multimer_v3_pred_0": 0.8063417909783687,
        "model_3_multimer_v3_pred_0": 0.7608264255059011,
        "model_4_multimer_v3_pred_0": 0.757614558143269,
        "model_5_multimer_v3_pred_0": 0.7942600666181373
    },
    "order": [
        "model_1_multimer_v3_pred_0",
        "model_2_multimer_v3_pred_0",
        "model_5_multimer_v3_pred_0",
        "model_3_multimer_v3_pred_0",
        "model_4_multimer_v3_pred_0"
    ]
}