{
    "features": 311.68817353248596,
    "process_features_model_1_multimer_v3_pred_0": 1.239776611328125e-05,
    "predict_and_compile_model_1_multimer_v3_pred_0": 737.4950721263885,
    "relax_model_1_multimer_v3_pred_0": 213.51283979415894,
    "process_features_model_2_multimer_v3_pred_0": 1.5974044799804688e-05,
    "predict_and_compile_model_2_multimer_v3_pred_0": 610.2589349746704,
    "relax_model_2_multimer_v3_pred_0": 753.7381541728973,
    "process_features_model_3_multimer_v3_pred_0": 7.867813110351562e-06,
    "predict_and_compile_model_3_multimer_v3_pred_0": 522.0611729621887,
    "relax_model_3_multimer_v3_pred_0": 1003.2873542308807,
    "process_features_model_4_multimer_v3_pred_0": 8.344650268554688e-06,
    "predict_and_compile_model_4_multimer_v3_pred_0": 752.3422336578369,
    "relax_model_4_multimer_v3_pred_0": 204.96837162971497,
    "process_features_model_5_multimer_v3_pred_0": 6.9141387939453125e-06,
    "predict_and_compile_model_5_multimer_v3_pred_0": 677.6263687610626,
    "relax_model_5_multimer_v3_pred_0": 905.6642980575562
}