{
    "iptm+ptm": {
        "model_1_multimer_v3_pred_0": 0.8374898461588944,
        "model_2_multimer_v3_pred_0": 0.8221965042198767,
        "model_3_multimer_v3_pred_0": 0.8504473449947823,
        "model_4_multimer_v3_pred_0": 0.8550620363293455,
        "model_5_multimer_v3_pred_0": 0.8354358111971297
    },
    "order": [
        "model_4_multimer_v3_pred_0",
        "model_3_multimer_v3_pred_0",
        "model_1_multimer_v3_pred_0",
        "model_5_multimer_v3_pred_0",
        "model_2_multimer_v3_pred_0"
    ]
}