{
    "features": 156.17107272148132,
    "process_features_model_1_multimer_v3_pred_0": 1.9550323486328125e-05,
    "predict_and_compile_model_1_multimer_v3_pred_0": 1340.7719097137451,
    "relax_model_1_multimer_v3_pred_0": 131.56072425842285,
    "process_features_model_2_multimer_v3_pred_0": 1.5020370483398438e-05,
    "predict_and_compile_model_2_multimer_v3_pred_0": 1348.201862335205,
    "relax_model_2_multimer_v3_pred_0": 420.96253061294556,
    "process_features_model_3_multimer_v3_pred_0": 4.76837158203125e-06,
    "predict_and_compile_model_3_multimer_v3_pred_0": 668.343487739563,
    "relax_model_3_multimer_v3_pred_0": 228.85159587860107,
    "process_features_model_4_multimer_v3_pred_0": 5.4836273193359375e-06,
    "predict_and_compile_model_4_multimer_v3_pred_0": 424.4913055896759,
    "relax_model_4_multimer_v3_pred_0": 233.19720816612244,
    "process_features_model_5_multimer_v3_pred_0": 9.775161743164062e-06,
    "predict_and_compile_model_5_multimer_v3_pred_0": 1348.3374536037445,
    "relax_model_5_multimer_v3_pred_0": 327.0442295074463
}