{
    "iptm+ptm": {
        "model_1_multimer_v3_pred_0": 0.6050598896111467,
        "model_2_multimer_v3_pred_0": 0.4630265224022302,
        "model_3_multimer_v3_pred_0": 0.5590589921892786,
        "model_4_multimer_v3_pred_0": 0.6457715734585624,
        "model_5_multimer_v3_pred_0": 0.5057202188847276
    },
    "order": [
        "model_4_multimer_v3_pred_0",
        "model_1_multimer_v3_pred_0",
        "model_3_multimer_v3_pred_0",
        "model_5_multimer_v3_pred_0",
        "model_2_multimer_v3_pred_0"
    ]
}