{
    "features": 124.98588728904724,
    "process_features_model_1_multimer_v3_pred_0": 1.2159347534179688e-05,
    "predict_and_compile_model_1_multimer_v3_pred_0": 176.86403894424438,
    "process_features_model_2_multimer_v3_pred_0": 1.7881393432617188e-05,
    "predict_and_compile_model_2_multimer_v3_pred_0": 197.31249451637268,
    "process_features_model_3_multimer_v3_pred_0": 1.7881393432617188e-05,
    "predict_and_compile_model_3_multimer_v3_pred_0": 144.9559347629547,
    "process_features_model_4_multimer_v3_pred_0": 1.8358230590820312e-05,
    "predict_and_compile_model_4_multimer_v3_pred_0": 114.10124373435974,
    "process_features_model_5_multimer_v3_pred_0": 1.6927719116210938e-05,
    "predict_and_compile_model_5_multimer_v3_pred_0": 200.4659116268158
}