{
    "iptm+ptm": {
        "model_1_multimer_v3_pred_0": 0.8518982814857377,
        "model_2_multimer_v3_pred_0": 0.8459672429152901,
        "model_3_multimer_v3_pred_0": 0.8649408660544083,
        "model_4_multimer_v3_pred_0": 0.8608110298673297,
        "model_5_multimer_v3_pred_0": 0.8526991527435255
    },
    "order": [
        "model_3_multimer_v3_pred_0",
        "model_4_multimer_v3_pred_0",
        "model_5_multimer_v3_pred_0",
        "model_1_multimer_v3_pred_0",
        "model_2_multimer_v3_pred_0"
    ]
}