{
    "features": 198.7410442829132,
    "process_features_model_1_multimer_v3_pred_0": 1.0013580322265625e-05,
    "predict_and_compile_model_1_multimer_v3_pred_0": 476.7375485897064,
    "relax_model_1_multimer_v3_pred_0": 233.88632106781006,
    "process_features_model_2_multimer_v3_pred_0": 5.9604644775390625e-06,
    "predict_and_compile_model_2_multimer_v3_pred_0": 409.98011016845703,
    "relax_model_2_multimer_v3_pred_0": 290.78872203826904,
    "process_features_model_3_multimer_v3_pred_0": 4.76837158203125e-06,
    "predict_and_compile_model_3_multimer_v3_pred_0": 415.7886176109314,
    "relax_model_3_multimer_v3_pred_0": 286.56518745422363,
    "process_features_model_4_multimer_v3_pred_0": 4.5299530029296875e-06,
    "predict_and_compile_model_4_multimer_v3_pred_0": 411.9441521167755,
    "relax_model_4_multimer_v3_pred_0": 567.6471560001373,
    "process_features_model_5_multimer_v3_pred_0": 8.344650268554688e-06,
    "predict_and_compile_model_5_multimer_v3_pred_0": 416.45536828041077,
    "relax_model_5_multimer_v3_pred_0": 298.86686086654663
}