{
    "iptm+ptm": {
        "model_1_multimer_v3_pred_0": 0.6337589194138009,
        "model_2_multimer_v3_pred_0": 0.8230095144739344,
        "model_3_multimer_v3_pred_0": 0.8091023237175488,
        "model_4_multimer_v3_pred_0": 0.6421685919412425,
        "model_5_multimer_v3_pred_0": 0.8329324581693058
    },
    "order": [
        "model_5_multimer_v3_pred_0",
        "model_2_multimer_v3_pred_0",
        "model_3_multimer_v3_pred_0",
        "model_4_multimer_v3_pred_0",
        "model_1_multimer_v3_pred_0"
    ]
}