{
    "features": 190.800377368927,
    "process_features_model_1_multimer_v3_pred_0": 9.5367431640625e-06,
    "predict_and_compile_model_1_multimer_v3_pred_0": 1363.244354724884,
    "relax_model_1_multimer_v3_pred_0": 317.4423327445984,
    "process_features_model_2_multimer_v3_pred_0": 3.790855407714844e-05,
    "predict_and_compile_model_2_multimer_v3_pred_0": 1024.4821734428406,
    "relax_model_2_multimer_v3_pred_0": 222.21664333343506,
    "process_features_model_3_multimer_v3_pred_0": 5.0067901611328125e-06,
    "predict_and_compile_model_3_multimer_v3_pred_0": 535.9040677547455,
    "relax_model_3_multimer_v3_pred_0": 233.18442249298096,
    "process_features_model_4_multimer_v3_pred_0": 5.0067901611328125e-06,
    "predict_and_compile_model_4_multimer_v3_pred_0": 781.7554023265839,
    "relax_model_4_multimer_v3_pred_0": 383.18566727638245,
    "process_features_model_5_multimer_v3_pred_0": 6.4373016357421875e-06,
    "predict_and_compile_model_5_multimer_v3_pred_0": 1368.6834471225739,
    "relax_model_5_multimer_v3_pred_0": 260.784476518631
}