{
    "iptm+ptm": {
        "model_1_multimer_v3_pred_0": 0.8273656788288628,
        "model_2_multimer_v3_pred_0": 0.9022849124711604,
        "model_3_multimer_v3_pred_0": 0.7138523532403056,
        "model_4_multimer_v3_pred_0": 0.9018926705843233,
        "model_5_multimer_v3_pred_0": 0.7259455194321508
    },
    "order": [
        "model_2_multimer_v3_pred_0",
        "model_4_multimer_v3_pred_0",
        "model_1_multimer_v3_pred_0",
        "model_5_multimer_v3_pred_0",
        "model_3_multimer_v3_pred_0"
    ]
}