{
    "features": 251.44811820983887,
    "process_features_model_1_multimer_v3_pred_0": 9.5367431640625e-06,
    "predict_and_compile_model_1_multimer_v3_pred_0": 1073.7489726543427,
    "relax_model_1_multimer_v3_pred_0": 202.119854927063,
    "process_features_model_2_multimer_v3_pred_0": 1.1444091796875e-05,
    "predict_and_compile_model_2_multimer_v3_pred_0": 928.9281313419342,
    "relax_model_2_multimer_v3_pred_0": 136.2324206829071,
    "process_features_model_3_multimer_v3_pred_0": 8.821487426757812e-06,
    "predict_and_compile_model_3_multimer_v3_pred_0": 1313.0584199428558,
    "relax_model_3_multimer_v3_pred_0": 622.2335555553436,
    "process_features_model_4_multimer_v3_pred_0": 8.821487426757812e-06,
    "predict_and_compile_model_4_multimer_v3_pred_0": 759.5194964408875,
    "relax_model_4_multimer_v3_pred_0": 159.36564016342163,
    "process_features_model_5_multimer_v3_pred_0": 8.106231689453125e-06,
    "predict_and_compile_model_5_multimer_v3_pred_0": 1168.3582406044006,
    "relax_model_5_multimer_v3_pred_0": 362.7896137237549
}