{
    "iptm+ptm": {
        "model_1_multimer_v3_pred_0": 0.5289716959467456,
        "model_2_multimer_v3_pred_0": 0.5405428989227851,
        "model_3_multimer_v3_pred_0": 0.5297875896500117,
        "model_4_multimer_v3_pred_0": 0.5115650559528556,
        "model_5_multimer_v3_pred_0": 0.5418423651869728
    },
    "order": [
        "model_5_multimer_v3_pred_0",
        "model_2_multimer_v3_pred_0",
        "model_3_multimer_v3_pred_0",
        "model_1_multimer_v3_pred_0",
        "model_4_multimer_v3_pred_0"
    ]
}