{
    "features": 51.99248552322388,
    "process_features_model_1_multimer_v3_pred_0": 4.57763671875e-05,
    "predict_and_compile_model_1_multimer_v3_pred_0": 108.4994170665741,
    "relax_model_1_multimer_v3_pred_0": 211.733633518219,
    "process_features_model_2_multimer_v3_pred_0": 4.76837158203125e-06,
    "predict_and_compile_model_2_multimer_v3_pred_0": 102.8012204170227,
    "relax_model_2_multimer_v3_pred_0": 264.5316159725189,
    "process_features_model_3_multimer_v3_pred_0": 4.76837158203125e-06,
    "predict_and_compile_model_3_multimer_v3_pred_0": 104.10261368751526,
    "relax_model_3_multimer_v3_pred_0": 542.9798676967621,
    "process_features_model_4_multimer_v3_pred_0": 6.9141387939453125e-06,
    "predict_and_compile_model_4_multimer_v3_pred_0": 104.03063607215881,
    "relax_model_4_multimer_v3_pred_0": 650.8842289447784,
    "process_features_model_5_multimer_v3_pred_0": 5.9604644775390625e-06,
    "predict_and_compile_model_5_multimer_v3_pred_0": 103.54338431358337,
    "relax_model_5_multimer_v3_pred_0": 542.5274736881256
}