{
    "iptm+ptm": {
        "model_1_multimer_v3_pred_0": 0.5216106616143382,
        "model_2_multimer_v3_pred_0": 0.6295004082073525,
        "model_3_multimer_v3_pred_0": 0.6246751278370862,
        "model_4_multimer_v3_pred_0": 0.5852286160031348,
        "model_5_multimer_v3_pred_0": 0.6080137588518375
    },
    "order": [
        "model_2_multimer_v3_pred_0",
        "model_3_multimer_v3_pred_0",
        "model_5_multimer_v3_pred_0",
        "model_4_multimer_v3_pred_0",
        "model_1_multimer_v3_pred_0"
    ]
}