{
    "features": 3253.654129266739,
    "process_features_model_1_multimer_v3_pred_0": 1.0013580322265625e-05,
    "predict_and_compile_model_1_multimer_v3_pred_0": 1187.4846696853638,
    "relax_model_1_multimer_v3_pred_0": 595.0745189189911,
    "process_features_model_2_multimer_v3_pred_0": 2.6702880859375e-05,
    "predict_and_compile_model_2_multimer_v3_pred_0": 1428.8853499889374,
    "relax_model_2_multimer_v3_pred_0": 533.5707018375397,
    "process_features_model_3_multimer_v3_pred_0": 3.361701965332031e-05,
    "predict_and_compile_model_3_multimer_v3_pred_0": 1212.5476779937744,
    "relax_model_3_multimer_v3_pred_0": 610.5111508369446,
    "process_features_model_4_multimer_v3_pred_0": 8.225440979003906e-05,
    "predict_and_compile_model_4_multimer_v3_pred_0": 938.4384450912476,
    "relax_model_4_multimer_v3_pred_0": 432.9717299938202,
    "process_features_model_5_multimer_v3_pred_0": 2.6464462280273438e-05,
    "predict_and_compile_model_5_multimer_v3_pred_0": 1159.3379247188568,
    "relax_model_5_multimer_v3_pred_0": 233.93265438079834
}