{
    "iptm+ptm": {
        "model_1_multimer_v3_pred_0": 0.8267472724545655,
        "model_2_multimer_v3_pred_0": 0.8592007217242184,
        "model_3_multimer_v3_pred_0": 0.8664595877227741,
        "model_4_multimer_v3_pred_0": 0.8394163190116175,
        "model_5_multimer_v3_pred_0": 0.8343440203206852
    },
    "order": [
        "model_3_multimer_v3_pred_0",
        "model_2_multimer_v3_pred_0",
        "model_4_multimer_v3_pred_0",
        "model_5_multimer_v3_pred_0",
        "model_1_multimer_v3_pred_0"
    ]
}