{
    "features": 94.65109133720398,
    "process_features_model_1_multimer_v3_pred_0": 2.6226043701171875e-05,
    "predict_and_compile_model_1_multimer_v3_pred_0": 521.2664606571198,
    "relax_model_1_multimer_v3_pred_0": 196.0076766014099,
    "process_features_model_2_multimer_v3_pred_0": 5.245208740234375e-06,
    "predict_and_compile_model_2_multimer_v3_pred_0": 641.1393005847931,
    "relax_model_2_multimer_v3_pred_0": 401.4533441066742,
    "process_features_model_3_multimer_v3_pred_0": 6.9141387939453125e-06,
    "predict_and_compile_model_3_multimer_v3_pred_0": 509.96240758895874,
    "relax_model_3_multimer_v3_pred_0": 206.67214465141296,
    "process_features_model_4_multimer_v3_pred_0": 2.0742416381835938e-05,
    "predict_and_compile_model_4_multimer_v3_pred_0": 573.7010304927826,
    "relax_model_4_multimer_v3_pred_0": 214.11765885353088,
    "process_features_model_5_multimer_v3_pred_0": 8.58306884765625e-06,
    "predict_and_compile_model_5_multimer_v3_pred_0": 1051.6660027503967,
    "relax_model_5_multimer_v3_pred_0": 349.61064529418945
}