{
    "iptm+ptm": {
        "model_1_multimer_v3_pred_0": 0.6600683259574237,
        "model_2_multimer_v3_pred_0": 0.6613234131307053,
        "model_3_multimer_v3_pred_0": 0.6596649465873877,
        "model_4_multimer_v3_pred_0": 0.6627191997441014,
        "model_5_multimer_v3_pred_0": 0.6659088293871365
    },
    "order": [
        "model_5_multimer_v3_pred_0",
        "model_4_multimer_v3_pred_0",
        "model_2_multimer_v3_pred_0",
        "model_1_multimer_v3_pred_0",
        "model_3_multimer_v3_pred_0"
    ]
}