{
    "features": 667.9324743747711,
    "process_features_model_1_multimer_v3_pred_0": 2.5987625122070312e-05,
    "predict_and_compile_model_1_multimer_v3_pred_0": 6912.044063329697,
    "relax_model_1_multimer_v3_pred_0": 4883.995046377182,
    "process_features_model_2_multimer_v3_pred_0": 5.7220458984375e-06,
    "predict_and_compile_model_2_multimer_v3_pred_0": 3331.635258436203,
    "relax_model_2_multimer_v3_pred_0": 3188.4407465457916,
    "process_features_model_3_multimer_v3_pred_0": 5.7220458984375e-06,
    "predict_and_compile_model_3_multimer_v3_pred_0": 3013.3412804603577,
    "relax_model_3_multimer_v3_pred_0": 2541.722983598709,
    "process_features_model_4_multimer_v3_pred_0": 4.76837158203125e-06,
    "predict_and_compile_model_4_multimer_v3_pred_0": 6750.274741411209,
    "relax_model_4_multimer_v3_pred_0": 1790.0474286079407,
    "process_features_model_5_multimer_v3_pred_0": 5.245208740234375e-06,
    "predict_and_compile_model_5_multimer_v3_pred_0": 6751.044610500336,
    "relax_model_5_multimer_v3_pred_0": 6734.858554840088
}