{
    "iptm+ptm": {
        "model_1_multimer_v3_pred_0": 0.6822239691445868,
        "model_2_multimer_v3_pred_0": 0.7931521214100871,
        "model_3_multimer_v3_pred_0": 0.7904402315279774,
        "model_4_multimer_v3_pred_0": 0.708638777252212,
        "model_5_multimer_v3_pred_0": 0.7496622133556877
    },
    "order": [
        "model_2_multimer_v3_pred_0",
        "model_3_multimer_v3_pred_0",
        "model_5_multimer_v3_pred_0",
        "model_4_multimer_v3_pred_0",
        "model_1_multimer_v3_pred_0"
    ]
}