{
    "features": 187.01608610153198,
    "process_features_model_1_multimer_v3_pred_0": 2.765655517578125e-05,
    "predict_and_compile_model_1_multimer_v3_pred_0": 1022.1508910655975,
    "relax_model_1_multimer_v3_pred_0": 226.73678612709045,
    "process_features_model_2_multimer_v3_pred_0": 6.198883056640625e-06,
    "predict_and_compile_model_2_multimer_v3_pred_0": 511.31607127189636,
    "relax_model_2_multimer_v3_pred_0": 263.1735942363739,
    "process_features_model_3_multimer_v3_pred_0": 7.867813110351562e-06,
    "predict_and_compile_model_3_multimer_v3_pred_0": 590.0953333377838,
    "relax_model_3_multimer_v3_pred_0": 291.6456141471863,
    "process_features_model_4_multimer_v3_pred_0": 5.245208740234375e-06,
    "predict_and_compile_model_4_multimer_v3_pred_0": 768.1542372703552,
    "relax_model_4_multimer_v3_pred_0": 299.79725456237793,
    "process_features_model_5_multimer_v3_pred_0": 5.7220458984375e-06,
    "predict_and_compile_model_5_multimer_v3_pred_0": 1459.7130916118622,
    "relax_model_5_multimer_v3_pred_0": 458.35898089408875
}