{
    "iptm+ptm": {
        "model_1_multimer_v3_pred_0": 0.8131651609364801,
        "model_2_multimer_v3_pred_0": 0.8287123645037706,
        "model_3_multimer_v3_pred_0": 0.8230920756182872,
        "model_4_multimer_v3_pred_0": 0.8224805725218802,
        "model_5_multimer_v3_pred_0": 0.8239470946661773
    },
    "order": [
        "model_2_multimer_v3_pred_0",
        "model_5_multimer_v3_pred_0",
        "model_3_multimer_v3_pred_0",
        "model_4_multimer_v3_pred_0",
        "model_1_multimer_v3_pred_0"
    ]
}