{
    "features": 80.83927392959595,
    "process_features_model_1_multimer_v3_pred_0": 9.5367431640625e-06,
    "predict_and_compile_model_1_multimer_v3_pred_0": 395.90178751945496,
    "relax_model_1_multimer_v3_pred_0": 127.87789463996887,
    "process_features_model_2_multimer_v3_pred_0": 9.775161743164062e-06,
    "predict_and_compile_model_2_multimer_v3_pred_0": 462.36887860298157,
    "relax_model_2_multimer_v3_pred_0": 290.24687123298645,
    "process_features_model_3_multimer_v3_pred_0": 8.821487426757812e-06,
    "predict_and_compile_model_3_multimer_v3_pred_0": 576.6990184783936,
    "relax_model_3_multimer_v3_pred_0": 259.39239740371704,
    "process_features_model_4_multimer_v3_pred_0": 9.059906005859375e-06,
    "predict_and_compile_model_4_multimer_v3_pred_0": 624.410275220871,
    "relax_model_4_multimer_v3_pred_0": 240.77803444862366,
    "process_features_model_5_multimer_v3_pred_0": 1.5020370483398438e-05,
    "predict_and_compile_model_5_multimer_v3_pred_0": 528.819314956665,
    "relax_model_5_multimer_v3_pred_0": 220.0557942390442
}