{
    "iptm+ptm": {
        "model_1_multimer_v3_pred_0": 0.8438060926751829,
        "model_2_multimer_v3_pred_0": 0.8539674850694031,
        "model_3_multimer_v3_pred_0": 0.8233939546226317,
        "model_4_multimer_v3_pred_0": 0.8401570866291095,
        "model_5_multimer_v3_pred_0": 0.8341769673002085
    },
    "order": [
        "model_2_multimer_v3_pred_0",
        "model_1_multimer_v3_pred_0",
        "model_4_multimer_v3_pred_0",
        "model_5_multimer_v3_pred_0",
        "model_3_multimer_v3_pred_0"
    ]
}