{
    "features": 207.825439453125,
    "process_features_model_1_multimer_v3_pred_0": 3.170967102050781e-05,
    "predict_and_compile_model_1_multimer_v3_pred_0": 1327.8411185741425,
    "relax_model_1_multimer_v3_pred_0": 430.0941321849823,
    "process_features_model_2_multimer_v3_pred_0": 8.344650268554688e-06,
    "predict_and_compile_model_2_multimer_v3_pred_0": 810.031742811203,
    "relax_model_2_multimer_v3_pred_0": 734.6979405879974,
    "process_features_model_3_multimer_v3_pred_0": 4.5299530029296875e-06,
    "predict_and_compile_model_3_multimer_v3_pred_0": 703.3110225200653,
    "relax_model_3_multimer_v3_pred_0": 829.4796805381775,
    "process_features_model_4_multimer_v3_pred_0": 4.76837158203125e-06,
    "predict_and_compile_model_4_multimer_v3_pred_0": 824.5281941890717,
    "relax_model_4_multimer_v3_pred_0": 1032.1395363807678,
    "process_features_model_5_multimer_v3_pred_0": 5.0067901611328125e-06,
    "predict_and_compile_model_5_multimer_v3_pred_0": 1316.082445383072,
    "relax_model_5_multimer_v3_pred_0": 238.00022864341736
}