{
    "iptm+ptm": {
        "model_1_multimer_v3_pred_0": 0.7433263305184056,
        "model_2_multimer_v3_pred_0": 0.7024295464519348,
        "model_3_multimer_v3_pred_0": 0.76236665582795,
        "model_4_multimer_v3_pred_0": 0.7175699706508295,
        "model_5_multimer_v3_pred_0": 0.7432035728829197
    },
    "order": [
        "model_3_multimer_v3_pred_0",
        "model_1_multimer_v3_pred_0",
        "model_5_multimer_v3_pred_0",
        "model_4_multimer_v3_pred_0",
        "model_2_multimer_v3_pred_0"
    ]
}