{
    "features": 101.67874383926392,
    "process_features_model_1_multimer_v3_pred_0": 1.3828277587890625e-05,
    "predict_and_compile_model_1_multimer_v3_pred_0": 121.3272385597229,
    "relax_model_1_multimer_v3_pred_0": 281.40116000175476,
    "process_features_model_2_multimer_v3_pred_0": 6.67572021484375e-06,
    "predict_and_compile_model_2_multimer_v3_pred_0": 202.46460366249084,
    "relax_model_2_multimer_v3_pred_0": 344.4782073497772,
    "process_features_model_3_multimer_v3_pred_0": 6.67572021484375e-06,
    "predict_and_compile_model_3_multimer_v3_pred_0": 124.41521000862122,
    "relax_model_3_multimer_v3_pred_0": 389.5838670730591,
    "process_features_model_4_multimer_v3_pred_0": 5.245208740234375e-06,
    "predict_and_compile_model_4_multimer_v3_pred_0": 119.04607343673706,
    "relax_model_4_multimer_v3_pred_0": 388.1591064929962,
    "process_features_model_5_multimer_v3_pred_0": 6.4373016357421875e-06,
    "predict_and_compile_model_5_multimer_v3_pred_0": 136.86003422737122,
    "relax_model_5_multimer_v3_pred_0": 152.97969579696655
}