{
    "iptm+ptm": {
        "model_1_multimer_v3_pred_0": 0.8354649737222561,
        "model_2_multimer_v3_pred_0": 0.8380283663088031,
        "model_3_multimer_v3_pred_0": 0.826548719055685,
        "model_4_multimer_v3_pred_0": 0.8208241241236589,
        "model_5_multimer_v3_pred_0": 0.8286881572197653
    },
    "order": [
        "model_2_multimer_v3_pred_0",
        "model_1_multimer_v3_pred_0",
        "model_5_multimer_v3_pred_0",
        "model_3_multimer_v3_pred_0",
        "model_4_multimer_v3_pred_0"
    ]
}