{
    "features": 211.9106433391571,
    "process_features_model_1_multimer_v3_pred_0": 3.0040740966796875e-05,
    "predict_and_compile_model_1_multimer_v3_pred_0": 1679.1592786312103,
    "relax_model_1_multimer_v3_pred_0": 217.88599276542664,
    "process_features_model_2_multimer_v3_pred_0": 1.1444091796875e-05,
    "predict_and_compile_model_2_multimer_v3_pred_0": 1680.890527009964,
    "relax_model_2_multimer_v3_pred_0": 1058.1944029331207,
    "process_features_model_3_multimer_v3_pred_0": 2.002716064453125e-05,
    "predict_and_compile_model_3_multimer_v3_pred_0": 1683.1860146522522,
    "relax_model_3_multimer_v3_pred_0": 932.0096707344055,
    "process_features_model_4_multimer_v3_pred_0": 9.298324584960938e-06,
    "predict_and_compile_model_4_multimer_v3_pred_0": 1677.5885798931122,
    "relax_model_4_multimer_v3_pred_0": 939.7105984687805,
    "process_features_model_5_multimer_v3_pred_0": 9.298324584960938e-06,
    "predict_and_compile_model_5_multimer_v3_pred_0": 1664.7086193561554,
    "relax_model_5_multimer_v3_pred_0": 241.92645835876465
}