{
    "iptm+ptm": {
        "model_1_multimer_v3_pred_0": 0.8686830038521054,
        "model_2_multimer_v3_pred_0": 0.8696947185163365,
        "model_3_multimer_v3_pred_0": 0.8525913496917246,
        "model_4_multimer_v3_pred_0": 0.8602779229805394,
        "model_5_multimer_v3_pred_0": 0.8620594681695459
    },
    "order": [
        "model_2_multimer_v3_pred_0",
        "model_1_multimer_v3_pred_0",
        "model_5_multimer_v3_pred_0",
        "model_4_multimer_v3_pred_0",
        "model_3_multimer_v3_pred_0"
    ]
}