{
    "features": 241.80608701705933,
    "process_features_model_1_multimer_v3_pred_0": 1.3589859008789062e-05,
    "predict_and_compile_model_1_multimer_v3_pred_0": 1295.6663014888763,
    "relax_model_1_multimer_v3_pred_0": 418.40745782852173,
    "process_features_model_2_multimer_v3_pred_0": 1.1920928955078125e-05,
    "predict_and_compile_model_2_multimer_v3_pred_0": 643.537166595459,
    "relax_model_2_multimer_v3_pred_0": 164.5055718421936,
    "process_features_model_3_multimer_v3_pred_0": 7.62939453125e-06,
    "predict_and_compile_model_3_multimer_v3_pred_0": 468.8352620601654,
    "relax_model_3_multimer_v3_pred_0": 269.63173365592957,
    "process_features_model_4_multimer_v3_pred_0": 9.059906005859375e-06,
    "predict_and_compile_model_4_multimer_v3_pred_0": 978.5404481887817,
    "relax_model_4_multimer_v3_pred_0": 189.05089116096497,
    "process_features_model_5_multimer_v3_pred_0": 9.059906005859375e-06,
    "predict_and_compile_model_5_multimer_v3_pred_0": 623.8822591304779,
    "relax_model_5_multimer_v3_pred_0": 204.08805179595947
}