{
    "iptm+ptm": {
        "model_1_multimer_v3_pred_0": 0.6589192402186845,
        "model_2_multimer_v3_pred_0": 0.7938353330552779,
        "model_3_multimer_v3_pred_0": 0.8162676993189629,
        "model_4_multimer_v3_pred_0": 0.6642857861786291,
        "model_5_multimer_v3_pred_0": 0.7178340089729676
    },
    "order": [
        "model_3_multimer_v3_pred_0",
        "model_2_multimer_v3_pred_0",
        "model_5_multimer_v3_pred_0",
        "model_4_multimer_v3_pred_0",
        "model_1_multimer_v3_pred_0"
    ]
}