{
    "features": 189.1733717918396,
    "process_features_model_1_multimer_v3_pred_0": 1.0013580322265625e-05,
    "predict_and_compile_model_1_multimer_v3_pred_0": 715.5610616207123,
    "relax_model_1_multimer_v3_pred_0": 391.0195219516754,
    "process_features_model_2_multimer_v3_pred_0": 6.67572021484375e-06,
    "predict_and_compile_model_2_multimer_v3_pred_0": 848.7194895744324,
    "relax_model_2_multimer_v3_pred_0": 401.5599753856659,
    "process_features_model_3_multimer_v3_pred_0": 2.47955322265625e-05,
    "predict_and_compile_model_3_multimer_v3_pred_0": 857.2417688369751,
    "relax_model_3_multimer_v3_pred_0": 225.4006004333496,
    "process_features_model_4_multimer_v3_pred_0": 2.3603439331054688e-05,
    "predict_and_compile_model_4_multimer_v3_pred_0": 894.8387858867645,
    "relax_model_4_multimer_v3_pred_0": 435.74592900276184,
    "process_features_model_5_multimer_v3_pred_0": 5.7220458984375e-06,
    "predict_and_compile_model_5_multimer_v3_pred_0": 970.0732111930847,
    "relax_model_5_multimer_v3_pred_0": 287.90031266212463
}