{
    "iptm+ptm": {
        "model_1_multimer_v3_pred_0": 0.8041733316550126,
        "model_2_multimer_v3_pred_0": 0.833018559004536,
        "model_3_multimer_v3_pred_0": 0.8440669152671547,
        "model_4_multimer_v3_pred_0": 0.844936821069575,
        "model_5_multimer_v3_pred_0": 0.8493224422189014
    },
    "order": [
        "model_5_multimer_v3_pred_0",
        "model_4_multimer_v3_pred_0",
        "model_3_multimer_v3_pred_0",
        "model_2_multimer_v3_pred_0",
        "model_1_multimer_v3_pred_0"
    ]
}