{
    "features": 193.7944142818451,
    "process_features_model_1_multimer_v3_pred_0": 1.0013580322265625e-05,
    "predict_and_compile_model_1_multimer_v3_pred_0": 487.08495020866394,
    "relax_model_1_multimer_v3_pred_0": 542.5900683403015,
    "process_features_model_2_multimer_v3_pred_0": 5.9604644775390625e-06,
    "predict_and_compile_model_2_multimer_v3_pred_0": 477.0962243080139,
    "relax_model_2_multimer_v3_pred_0": 276.7988603115082,
    "process_features_model_3_multimer_v3_pred_0": 7.867813110351562e-06,
    "predict_and_compile_model_3_multimer_v3_pred_0": 473.49606013298035,
    "relax_model_3_multimer_v3_pred_0": 288.6567032337189,
    "process_features_model_4_multimer_v3_pred_0": 5.7220458984375e-06,
    "predict_and_compile_model_4_multimer_v3_pred_0": 415.8647322654724,
    "relax_model_4_multimer_v3_pred_0": 1340.9304044246674,
    "process_features_model_5_multimer_v3_pred_0": 5.7220458984375e-06,
    "predict_and_compile_model_5_multimer_v3_pred_0": 423.17629957199097,
    "relax_model_5_multimer_v3_pred_0": 253.2459626197815
}