{
    "iptm+ptm": {
        "model_1_multimer_v3_pred_0": 0.702602682753087,
        "model_2_multimer_v3_pred_0": 0.7011933453419822,
        "model_3_multimer_v3_pred_0": 0.6829207969564377,
        "model_4_multimer_v3_pred_0": 0.6765647171294756,
        "model_5_multimer_v3_pred_0": 0.691030311850648
    },
    "order": [
        "model_1_multimer_v3_pred_0",
        "model_2_multimer_v3_pred_0",
        "model_5_multimer_v3_pred_0",
        "model_3_multimer_v3_pred_0",
        "model_4_multimer_v3_pred_0"
    ]
}