{
    "features": 242.62184762954712,
    "process_features_model_1_multimer_v3_pred_0": 1.1205673217773438e-05,
    "predict_and_compile_model_1_multimer_v3_pred_0": 1350.338256597519,
    "relax_model_1_multimer_v3_pred_0": 158.41880869865417,
    "process_features_model_2_multimer_v3_pred_0": 5.0067901611328125e-06,
    "predict_and_compile_model_2_multimer_v3_pred_0": 658.0033547878265,
    "relax_model_2_multimer_v3_pred_0": 136.76433682441711,
    "process_features_model_3_multimer_v3_pred_0": 5.245208740234375e-06,
    "predict_and_compile_model_3_multimer_v3_pred_0": 712.5222260951996,
    "relax_model_3_multimer_v3_pred_0": 209.60609316825867,
    "process_features_model_4_multimer_v3_pred_0": 5.245208740234375e-06,
    "predict_and_compile_model_4_multimer_v3_pred_0": 1038.2630565166473,
    "relax_model_4_multimer_v3_pred_0": 289.7160954475403,
    "process_features_model_5_multimer_v3_pred_0": 5.245208740234375e-06,
    "predict_and_compile_model_5_multimer_v3_pred_0": 858.04079413414,
    "relax_model_5_multimer_v3_pred_0": 217.6985981464386
}