{
    "iptm+ptm": {
        "model_1_multimer_v3_pred_0": 0.6418539385871831,
        "model_2_multimer_v3_pred_0": 0.5848332791245767,
        "model_3_multimer_v3_pred_0": 0.5553864990891958,
        "model_4_multimer_v3_pred_0": 0.5323553664642711,
        "model_5_multimer_v3_pred_0": 0.5176294319889333
    },
    "order": [
        "model_1_multimer_v3_pred_0",
        "model_2_multimer_v3_pred_0",
        "model_3_multimer_v3_pred_0",
        "model_4_multimer_v3_pred_0",
        "model_5_multimer_v3_pred_0"
    ]
}