{
    "features": 112.50516533851624,
    "process_features_model_1_multimer_v3_pred_0": 9.775161743164062e-06,
    "predict_and_compile_model_1_multimer_v3_pred_0": 569.9234945774078,
    "relax_model_1_multimer_v3_pred_0": 154.72508907318115,
    "process_features_model_2_multimer_v3_pred_0": 5.4836273193359375e-06,
    "predict_and_compile_model_2_multimer_v3_pred_0": 573.5049915313721,
    "relax_model_2_multimer_v3_pred_0": 137.28478145599365,
    "process_features_model_3_multimer_v3_pred_0": 5.7220458984375e-06,
    "predict_and_compile_model_3_multimer_v3_pred_0": 514.9716899394989,
    "relax_model_3_multimer_v3_pred_0": 166.2409656047821,
    "process_features_model_4_multimer_v3_pred_0": 5.7220458984375e-06,
    "predict_and_compile_model_4_multimer_v3_pred_0": 403.24928283691406,
    "relax_model_4_multimer_v3_pred_0": 155.66222524642944,
    "process_features_model_5_multimer_v3_pred_0": 5.7220458984375e-06,
    "predict_and_compile_model_5_multimer_v3_pred_0": 400.00370836257935,
    "relax_model_5_multimer_v3_pred_0": 214.96045875549316
}