{
    "iptm+ptm": {
        "model_1_multimer_v3_pred_0": 0.840602839351744,
        "model_2_multimer_v3_pred_0": 0.7643714311942141,
        "model_3_multimer_v3_pred_0": 0.6962424569372724,
        "model_4_multimer_v3_pred_0": 0.814250200209974,
        "model_5_multimer_v3_pred_0": 0.7717543641633955
    },
    "order": [
        "model_1_multimer_v3_pred_0",
        "model_4_multimer_v3_pred_0",
        "model_5_multimer_v3_pred_0",
        "model_2_multimer_v3_pred_0",
        "model_3_multimer_v3_pred_0"
    ]
}