{
    "features": 87.97827792167664,
    "process_features_model_1_multimer_v3_pred_0": 5.507469177246094e-05,
    "predict_and_compile_model_1_multimer_v3_pred_0": 386.5264837741852,
    "relax_model_1_multimer_v3_pred_0": 136.15953469276428,
    "process_features_model_2_multimer_v3_pred_0": 6.4373016357421875e-06,
    "predict_and_compile_model_2_multimer_v3_pred_0": 365.2778992652893,
    "relax_model_2_multimer_v3_pred_0": 197.9156732559204,
    "process_features_model_3_multimer_v3_pred_0": 5.0067901611328125e-06,
    "predict_and_compile_model_3_multimer_v3_pred_0": 328.95158100128174,
    "relax_model_3_multimer_v3_pred_0": 156.2196397781372,
    "process_features_model_4_multimer_v3_pred_0": 2.0742416381835938e-05,
    "predict_and_compile_model_4_multimer_v3_pred_0": 380.84860467910767,
    "relax_model_4_multimer_v3_pred_0": 109.07084918022156,
    "process_features_model_5_multimer_v3_pred_0": 5.0067901611328125e-06,
    "predict_and_compile_model_5_multimer_v3_pred_0": 328.5658836364746,
    "relax_model_5_multimer_v3_pred_0": 128.72264051437378
}