{
    "iptm+ptm": {
        "model_1_multimer_v3_pred_0": 0.9162324465880365,
        "model_2_multimer_v3_pred_0": 0.9207644968080796,
        "model_3_multimer_v3_pred_0": 0.9101880197331056,
        "model_4_multimer_v3_pred_0": 0.9021321508167908,
        "model_5_multimer_v3_pred_0": 0.9094420039410955
    },
    "order": [
        "model_2_multimer_v3_pred_0",
        "model_1_multimer_v3_pred_0",
        "model_3_multimer_v3_pred_0",
        "model_5_multimer_v3_pred_0",
        "model_4_multimer_v3_pred_0"
    ]
}