{
    "features": 163.59239530563354,
    "process_features_model_1_multimer_v3_pred_0": 4.124641418457031e-05,
    "predict_and_compile_model_1_multimer_v3_pred_0": 1503.6895914077759,
    "relax_model_1_multimer_v3_pred_0": 185.3974266052246,
    "process_features_model_2_multimer_v3_pred_0": 1.049041748046875e-05,
    "predict_and_compile_model_2_multimer_v3_pred_0": 521.6589405536652,
    "relax_model_2_multimer_v3_pred_0": 309.6151397228241,
    "process_features_model_3_multimer_v3_pred_0": 5.7220458984375e-06,
    "predict_and_compile_model_3_multimer_v3_pred_0": 1492.0229895114899,
    "relax_model_3_multimer_v3_pred_0": 606.5317282676697,
    "process_features_model_4_multimer_v3_pred_0": 7.152557373046875e-06,
    "predict_and_compile_model_4_multimer_v3_pred_0": 1496.1834738254547,
    "relax_model_4_multimer_v3_pred_0": 227.52461051940918,
    "process_features_model_5_multimer_v3_pred_0": 5.7220458984375e-06,
    "predict_and_compile_model_5_multimer_v3_pred_0": 582.0318441390991,
    "relax_model_5_multimer_v3_pred_0": 181.3713183403015
}