{
    "iptm+ptm": {
        "model_1_multimer_v3_pred_0": 0.39132142534240255,
        "model_2_multimer_v3_pred_0": 0.33176524357823334,
        "model_3_multimer_v3_pred_0": 0.3382053388349653,
        "model_4_multimer_v3_pred_0": 0.5463356861830467,
        "model_5_multimer_v3_pred_0": 0.45323596246066455
    },
    "order": [
        "model_4_multimer_v3_pred_0",
        "model_5_multimer_v3_pred_0",
        "model_1_multimer_v3_pred_0",
        "model_3_multimer_v3_pred_0",
        "model_2_multimer_v3_pred_0"
    ]
}