{
    "features": 399.6944124698639,
    "process_features_model_1_multimer_v3_pred_0": 1.5735626220703125e-05,
    "predict_and_compile_model_1_multimer_v3_pred_0": 1885.7273290157318,
    "relax_model_1_multimer_v3_pred_0": 321.5750381946564,
    "process_features_model_2_multimer_v3_pred_0": 5.245208740234375e-06,
    "predict_and_compile_model_2_multimer_v3_pred_0": 1866.1533663272858,
    "relax_model_2_multimer_v3_pred_0": 438.20324087142944,
    "process_features_model_3_multimer_v3_pred_0": 5.245208740234375e-06,
    "predict_and_compile_model_3_multimer_v3_pred_0": 1870.555294752121,
    "relax_model_3_multimer_v3_pred_0": 411.04902815818787,
    "process_features_model_4_multimer_v3_pred_0": 7.62939453125e-06,
    "predict_and_compile_model_4_multimer_v3_pred_0": 1862.371819972992,
    "relax_model_4_multimer_v3_pred_0": 340.651704788208,
    "process_features_model_5_multimer_v3_pred_0": 5.4836273193359375e-06,
    "predict_and_compile_model_5_multimer_v3_pred_0": 1819.945220708847,
    "relax_model_5_multimer_v3_pred_0": 301.2384955883026
}