{
    "iptm+ptm": {
        "model_1_multimer_v3_pred_0": 0.9164012149974297,
        "model_2_multimer_v3_pred_0": 0.9207627139743894,
        "model_3_multimer_v3_pred_0": 0.910017216128493,
        "model_4_multimer_v3_pred_0": 0.9177864259603675,
        "model_5_multimer_v3_pred_0": 0.913232288561201
    },
    "order": [
        "model_2_multimer_v3_pred_0",
        "model_4_multimer_v3_pred_0",
        "model_1_multimer_v3_pred_0",
        "model_5_multimer_v3_pred_0",
        "model_3_multimer_v3_pred_0"
    ]
}