{
    "features": 168.82928562164307,
    "process_features_model_1_multimer_v3_pred_0": 3.647804260253906e-05,
    "predict_and_compile_model_1_multimer_v3_pred_0": 1022.3417208194733,
    "relax_model_1_multimer_v3_pred_0": 276.5487492084503,
    "process_features_model_2_multimer_v3_pred_0": 5.0067901611328125e-06,
    "predict_and_compile_model_2_multimer_v3_pred_0": 888.0271327495575,
    "relax_model_2_multimer_v3_pred_0": 342.3795506954193,
    "process_features_model_3_multimer_v3_pred_0": 5.245208740234375e-06,
    "predict_and_compile_model_3_multimer_v3_pred_0": 1697.838688135147,
    "relax_model_3_multimer_v3_pred_0": 371.19810032844543,
    "process_features_model_4_multimer_v3_pred_0": 7.867813110351562e-06,
    "predict_and_compile_model_4_multimer_v3_pred_0": 974.2843642234802,
    "relax_model_4_multimer_v3_pred_0": 348.7290587425232,
    "process_features_model_5_multimer_v3_pred_0": 5.7220458984375e-06,
    "predict_and_compile_model_5_multimer_v3_pred_0": 1672.6274733543396,
    "relax_model_5_multimer_v3_pred_0": 241.89931225776672
}