{
    "iptm+ptm": {
        "model_1_multimer_v3_pred_0": 0.8547144019085907,
        "model_2_multimer_v3_pred_0": 0.8666160973810924,
        "model_3_multimer_v3_pred_0": 0.846466411831315,
        "model_4_multimer_v3_pred_0": 0.8541008960152114,
        "model_5_multimer_v3_pred_0": 0.862127034100888
    },
    "order": [
        "model_2_multimer_v3_pred_0",
        "model_5_multimer_v3_pred_0",
        "model_1_multimer_v3_pred_0",
        "model_4_multimer_v3_pred_0",
        "model_3_multimer_v3_pred_0"
    ]
}