{
    "features": 193.68303179740906,
    "process_features_model_1_multimer_v3_pred_0": 1.4543533325195312e-05,
    "predict_and_compile_model_1_multimer_v3_pred_0": 572.3755254745483,
    "relax_model_1_multimer_v3_pred_0": 203.29915165901184,
    "process_features_model_2_multimer_v3_pred_0": 7.3909759521484375e-06,
    "predict_and_compile_model_2_multimer_v3_pred_0": 571.448876619339,
    "relax_model_2_multimer_v3_pred_0": 652.3895506858826,
    "process_features_model_3_multimer_v3_pred_0": 2.1457672119140625e-05,
    "predict_and_compile_model_3_multimer_v3_pred_0": 767.7376224994659,
    "relax_model_3_multimer_v3_pred_0": 358.6502215862274,
    "process_features_model_4_multimer_v3_pred_0": 5.4836273193359375e-06,
    "predict_and_compile_model_4_multimer_v3_pred_0": 631.3550169467926,
    "relax_model_4_multimer_v3_pred_0": 268.2822251319885,
    "process_features_model_5_multimer_v3_pred_0": 5.4836273193359375e-06,
    "predict_and_compile_model_5_multimer_v3_pred_0": 680.9241845607758,
    "relax_model_5_multimer_v3_pred_0": 449.9084665775299
}