{
    "iptm+ptm": {
        "model_1_multimer_v3_pred_0": 0.9082410902658774,
        "model_2_multimer_v3_pred_0": 0.9114832823212455,
        "model_3_multimer_v3_pred_0": 0.9088301276185788,
        "model_4_multimer_v3_pred_0": 0.9112882538219179,
        "model_5_multimer_v3_pred_0": 0.9145197452128527
    },
    "order": [
        "model_5_multimer_v3_pred_0",
        "model_2_multimer_v3_pred_0",
        "model_4_multimer_v3_pred_0",
        "model_3_multimer_v3_pred_0",
        "model_1_multimer_v3_pred_0"
    ]
}