{
    "features": 199.69398593902588,
    "process_features_model_1_multimer_v3_pred_0": 1.71661376953125e-05,
    "predict_and_compile_model_1_multimer_v3_pred_0": 500.62373661994934,
    "relax_model_1_multimer_v3_pred_0": 272.61647057533264,
    "process_features_model_2_multimer_v3_pred_0": 1.049041748046875e-05,
    "predict_and_compile_model_2_multimer_v3_pred_0": 397.233544588089,
    "relax_model_2_multimer_v3_pred_0": 231.22659730911255,
    "process_features_model_3_multimer_v3_pred_0": 2.7179718017578125e-05,
    "predict_and_compile_model_3_multimer_v3_pred_0": 398.37924456596375,
    "relax_model_3_multimer_v3_pred_0": 289.61363196372986,
    "process_features_model_4_multimer_v3_pred_0": 1.2159347534179688e-05,
    "predict_and_compile_model_4_multimer_v3_pred_0": 404.9944009780884,
    "relax_model_4_multimer_v3_pred_0": 244.44132280349731,
    "process_features_model_5_multimer_v3_pred_0": 1.2874603271484375e-05,
    "predict_and_compile_model_5_multimer_v3_pred_0": 444.952374458313,
    "relax_model_5_multimer_v3_pred_0": 264.92572116851807
}