{
    "iptm+ptm": {
        "model_1_multimer_v3_pred_0": 0.8297731175123991,
        "model_2_multimer_v3_pred_0": 0.8404554199685521,
        "model_3_multimer_v3_pred_0": 0.8713694578005153,
        "model_4_multimer_v3_pred_0": 0.846978130198124,
        "model_5_multimer_v3_pred_0": 0.8541060142843682
    },
    "order": [
        "model_3_multimer_v3_pred_0",
        "model_5_multimer_v3_pred_0",
        "model_4_multimer_v3_pred_0",
        "model_2_multimer_v3_pred_0",
        "model_1_multimer_v3_pred_0"
    ]
}