{
    "features": 197.59894061088562,
    "process_features_model_1_multimer_v3_pred_0": 2.4557113647460938e-05,
    "predict_and_compile_model_1_multimer_v3_pred_0": 947.4411151409149,
    "relax_model_1_multimer_v3_pred_0": 236.13025784492493,
    "process_features_model_2_multimer_v3_pred_0": 5.7220458984375e-06,
    "predict_and_compile_model_2_multimer_v3_pred_0": 412.93021416664124,
    "relax_model_2_multimer_v3_pred_0": 206.03470277786255,
    "process_features_model_3_multimer_v3_pred_0": 5.9604644775390625e-06,
    "predict_and_compile_model_3_multimer_v3_pred_0": 424.30412888526917,
    "relax_model_3_multimer_v3_pred_0": 350.3162508010864,
    "process_features_model_4_multimer_v3_pred_0": 7.62939453125e-06,
    "predict_and_compile_model_4_multimer_v3_pred_0": 419.279522895813,
    "relax_model_4_multimer_v3_pred_0": 228.35577821731567,
    "process_features_model_5_multimer_v3_pred_0": 6.67572021484375e-06,
    "predict_and_compile_model_5_multimer_v3_pred_0": 410.2277808189392,
    "relax_model_5_multimer_v3_pred_0": 251.47357320785522
}