{
    "iptm+ptm": {
        "model_1_multimer_v3_pred_0": 0.9028578782179479,
        "model_2_multimer_v3_pred_0": 0.9147847756233102,
        "model_3_multimer_v3_pred_0": 0.8594840487446271,
        "model_4_multimer_v3_pred_0": 0.88810953920809,
        "model_5_multimer_v3_pred_0": 0.8743092226256435
    },
    "order": [
        "model_2_multimer_v3_pred_0",
        "model_1_multimer_v3_pred_0",
        "model_4_multimer_v3_pred_0",
        "model_5_multimer_v3_pred_0",
        "model_3_multimer_v3_pred_0"
    ]
}