{
    "features": 92.01851487159729,
    "process_features_model_1_multimer_v3_pred_0": 2.8848648071289062e-05,
    "predict_and_compile_model_1_multimer_v3_pred_0": 517.3057758808136,
    "relax_model_1_multimer_v3_pred_0": 199.93475127220154,
    "process_features_model_2_multimer_v3_pred_0": 5.0067901611328125e-06,
    "predict_and_compile_model_2_multimer_v3_pred_0": 474.9692487716675,
    "relax_model_2_multimer_v3_pred_0": 250.37087726593018,
    "process_features_model_3_multimer_v3_pred_0": 5.9604644775390625e-06,
    "predict_and_compile_model_3_multimer_v3_pred_0": 425.98225688934326,
    "relax_model_3_multimer_v3_pred_0": 278.8245675563812,
    "process_features_model_4_multimer_v3_pred_0": 6.67572021484375e-06,
    "predict_and_compile_model_4_multimer_v3_pred_0": 417.9053919315338,
    "relax_model_4_multimer_v3_pred_0": 241.03720569610596,
    "process_features_model_5_multimer_v3_pred_0": 6.9141387939453125e-06,
    "predict_and_compile_model_5_multimer_v3_pred_0": 547.3898437023163,
    "relax_model_5_multimer_v3_pred_0": 287.38510942459106
}