{
    "iptm+ptm": {
        "model_1_multimer_v3_pred_0": 0.7451531082141545,
        "model_2_multimer_v3_pred_0": 0.6659829463341584,
        "model_3_multimer_v3_pred_0": 0.7227411996272777,
        "model_4_multimer_v3_pred_0": 0.6960807838729148,
        "model_5_multimer_v3_pred_0": 0.7586301016560276
    },
    "order": [
        "model_5_multimer_v3_pred_0",
        "model_1_multimer_v3_pred_0",
        "model_3_multimer_v3_pred_0",
        "model_4_multimer_v3_pred_0",
        "model_2_multimer_v3_pred_0"
    ]
}