{
    "features": 206.11940670013428,
    "process_features_model_1_multimer_v3_pred_0": 1.4066696166992188e-05,
    "predict_and_compile_model_1_multimer_v3_pred_0": 704.6285634040833,
    "relax_model_1_multimer_v3_pred_0": 256.005841255188,
    "process_features_model_2_multimer_v3_pred_0": 1.7404556274414062e-05,
    "predict_and_compile_model_2_multimer_v3_pred_0": 717.7179274559021,
    "relax_model_2_multimer_v3_pred_0": 238.79565978050232,
    "process_features_model_3_multimer_v3_pred_0": 1.7404556274414062e-05,
    "predict_and_compile_model_3_multimer_v3_pred_0": 1100.8991904258728,
    "relax_model_3_multimer_v3_pred_0": 904.6655595302582,
    "process_features_model_4_multimer_v3_pred_0": 5.4836273193359375e-06,
    "predict_and_compile_model_4_multimer_v3_pred_0": 1341.6390676498413,
    "relax_model_4_multimer_v3_pred_0": 246.1893289089203,
    "process_features_model_5_multimer_v3_pred_0": 5.4836273193359375e-06,
    "predict_and_compile_model_5_multimer_v3_pred_0": 666.4939072132111,
    "relax_model_5_multimer_v3_pred_0": 308.14868354797363
}