{
    "iptm+ptm": {
        "model_1_multimer_v3_pred_0": 0.538467387477895,
        "model_2_multimer_v3_pred_0": 0.6809359789220104,
        "model_3_multimer_v3_pred_0": 0.6529122863103552,
        "model_4_multimer_v3_pred_0": 0.661748558961076,
        "model_5_multimer_v3_pred_0": 0.6068199121563606
    },
    "order": [
        "model_2_multimer_v3_pred_0",
        "model_4_multimer_v3_pred_0",
        "model_3_multimer_v3_pred_0",
        "model_5_multimer_v3_pred_0",
        "model_1_multimer_v3_pred_0"
    ]
}