{
    "features": 174.1050100326538,
    "process_features_model_1_multimer_v3_pred_0": 1.5497207641601562e-05,
    "predict_and_compile_model_1_multimer_v3_pred_0": 1741.3750903606415,
    "relax_model_1_multimer_v3_pred_0": 224.99181127548218,
    "process_features_model_2_multimer_v3_pred_0": 7.62939453125e-06,
    "predict_and_compile_model_2_multimer_v3_pred_0": 1736.9296326637268,
    "relax_model_2_multimer_v3_pred_0": 286.88686203956604,
    "process_features_model_3_multimer_v3_pred_0": 8.821487426757812e-06,
    "predict_and_compile_model_3_multimer_v3_pred_0": 1373.0815410614014,
    "relax_model_3_multimer_v3_pred_0": 1030.4091317653656,
    "process_features_model_4_multimer_v3_pred_0": 2.4318695068359375e-05,
    "predict_and_compile_model_4_multimer_v3_pred_0": 1701.465969324112,
    "relax_model_4_multimer_v3_pred_0": 589.3647072315216,
    "process_features_model_5_multimer_v3_pred_0": 5.9604644775390625e-06,
    "predict_and_compile_model_5_multimer_v3_pred_0": 883.1712739467621,
    "relax_model_5_multimer_v3_pred_0": 434.934130191803
}