{
    "iptm+ptm": {
        "model_1_multimer_v3_pred_0": 0.8081502496979254,
        "model_2_multimer_v3_pred_0": 0.7562263424423136,
        "model_3_multimer_v3_pred_0": 0.7999980118254444,
        "model_4_multimer_v3_pred_0": 0.7866446633911739,
        "model_5_multimer_v3_pred_0": 0.795199048969926
    },
    "order": [
        "model_1_multimer_v3_pred_0",
        "model_3_multimer_v3_pred_0",
        "model_5_multimer_v3_pred_0",
        "model_4_multimer_v3_pred_0",
        "model_2_multimer_v3_pred_0"
    ]
}