{
    "features": 216.46337699890137,
    "process_features_model_1_multimer_v3_pred_0": 2.6941299438476562e-05,
    "predict_and_compile_model_1_multimer_v3_pred_0": 992.5141956806183,
    "relax_model_1_multimer_v3_pred_0": 155.22553777694702,
    "process_features_model_2_multimer_v3_pred_0": 5.9604644775390625e-06,
    "predict_and_compile_model_2_multimer_v3_pred_0": 687.5002770423889,
    "relax_model_2_multimer_v3_pred_0": 994.6707873344421,
    "process_features_model_3_multimer_v3_pred_0": 5.4836273193359375e-06,
    "predict_and_compile_model_3_multimer_v3_pred_0": 627.729903459549,
    "relax_model_3_multimer_v3_pred_0": 921.1518995761871,
    "process_features_model_4_multimer_v3_pred_0": 5.245208740234375e-06,
    "predict_and_compile_model_4_multimer_v3_pred_0": 693.252566576004,
    "relax_model_4_multimer_v3_pred_0": 305.2019817829132,
    "process_features_model_5_multimer_v3_pred_0": 5.0067901611328125e-06,
    "predict_and_compile_model_5_multimer_v3_pred_0": 1400.1477365493774,
    "relax_model_5_multimer_v3_pred_0": 248.3653564453125
}