{
    "iptm+ptm": {
        "model_1_multimer_v3_pred_0": 0.7636231995384845,
        "model_2_multimer_v3_pred_0": 0.7763345159033466,
        "model_3_multimer_v3_pred_0": 0.7628997231151453,
        "model_4_multimer_v3_pred_0": 0.7565532493177791,
        "model_5_multimer_v3_pred_0": 0.7692685666246252
    },
    "order": [
        "model_2_multimer_v3_pred_0",
        "model_5_multimer_v3_pred_0",
        "model_1_multimer_v3_pred_0",
        "model_3_multimer_v3_pred_0",
        "model_4_multimer_v3_pred_0"
    ]
}