{
    "features": 232.09852576255798,
    "process_features_model_1_multimer_v3_pred_0": 1.2874603271484375e-05,
    "predict_and_compile_model_1_multimer_v3_pred_0": 444.4555525779724,
    "relax_model_1_multimer_v3_pred_0": 230.73575162887573,
    "process_features_model_2_multimer_v3_pred_0": 1.2874603271484375e-05,
    "predict_and_compile_model_2_multimer_v3_pred_0": 430.0291244983673,
    "relax_model_2_multimer_v3_pred_0": 250.58752703666687,
    "process_features_model_3_multimer_v3_pred_0": 8.821487426757812e-06,
    "predict_and_compile_model_3_multimer_v3_pred_0": 382.2698266506195,
    "relax_model_3_multimer_v3_pred_0": 199.3225429058075,
    "process_features_model_4_multimer_v3_pred_0": 1.0251998901367188e-05,
    "predict_and_compile_model_4_multimer_v3_pred_0": 428.8429522514343,
    "relax_model_4_multimer_v3_pred_0": 256.5346989631653,
    "process_features_model_5_multimer_v3_pred_0": 1.1205673217773438e-05,
    "predict_and_compile_model_5_multimer_v3_pred_0": 515.6811103820801,
    "relax_model_5_multimer_v3_pred_0": 226.02246522903442
}