{
    "iptm+ptm": {
        "model_1_multimer_v3_pred_0": 0.8415062188305088,
        "model_2_multimer_v3_pred_0": 0.862251326643499,
        "model_3_multimer_v3_pred_0": 0.8292306014646684,
        "model_4_multimer_v3_pred_0": 0.8500909116413345,
        "model_5_multimer_v3_pred_0": 0.835518067916123
    },
    "order": [
        "model_2_multimer_v3_pred_0",
        "model_4_multimer_v3_pred_0",
        "model_1_multimer_v3_pred_0",
        "model_5_multimer_v3_pred_0",
        "model_3_multimer_v3_pred_0"
    ]
}