{
    "features": 109.0906093120575,
    "process_features_model_1_multimer_v3_pred_0": 8.821487426757812e-06,
    "predict_and_compile_model_1_multimer_v3_pred_0": 394.19371724128723,
    "relax_model_1_multimer_v3_pred_0": 885.9051723480225,
    "process_features_model_2_multimer_v3_pred_0": 1.71661376953125e-05,
    "predict_and_compile_model_2_multimer_v3_pred_0": 471.37763953208923,
    "relax_model_2_multimer_v3_pred_0": 227.68257784843445,
    "process_features_model_3_multimer_v3_pred_0": 2.1696090698242188e-05,
    "predict_and_compile_model_3_multimer_v3_pred_0": 592.887589931488,
    "relax_model_3_multimer_v3_pred_0": 337.0896394252777,
    "process_features_model_4_multimer_v3_pred_0": 8.106231689453125e-06,
    "predict_and_compile_model_4_multimer_v3_pred_0": 519.4143843650818,
    "relax_model_4_multimer_v3_pred_0": 227.42841625213623,
    "process_features_model_5_multimer_v3_pred_0": 2.4080276489257812e-05,
    "predict_and_compile_model_5_multimer_v3_pred_0": 523.6662065982819,
    "relax_model_5_multimer_v3_pred_0": 243.06648898124695
}