{
    "iptm+ptm": {
        "model_1_multimer_v3_pred_0": 0.5653512544119494,
        "model_2_multimer_v3_pred_0": 0.6162170716735099,
        "model_3_multimer_v3_pred_0": 0.5150448861662635,
        "model_4_multimer_v3_pred_0": 0.5855984625764972,
        "model_5_multimer_v3_pred_0": 0.5891048921221389
    },
    "order": [
        "model_2_multimer_v3_pred_0",
        "model_5_multimer_v3_pred_0",
        "model_4_multimer_v3_pred_0",
        "model_1_multimer_v3_pred_0",
        "model_3_multimer_v3_pred_0"
    ]
}