{
    "features": 219.14972138404846,
    "process_features_model_1_multimer_v3_pred_0": 3.0517578125e-05,
    "predict_and_compile_model_1_multimer_v3_pred_0": 755.3447301387787,
    "relax_model_1_multimer_v3_pred_0": 191.76879000663757,
    "process_features_model_2_multimer_v3_pred_0": 6.198883056640625e-06,
    "predict_and_compile_model_2_multimer_v3_pred_0": 543.2452435493469,
    "relax_model_2_multimer_v3_pred_0": 222.45250391960144,
    "process_features_model_3_multimer_v3_pred_0": 5.7220458984375e-06,
    "predict_and_compile_model_3_multimer_v3_pred_0": 593.9504361152649,
    "relax_model_3_multimer_v3_pred_0": 850.8648386001587,
    "process_features_model_4_multimer_v3_pred_0": 5.245208740234375e-06,
    "predict_and_compile_model_4_multimer_v3_pred_0": 1304.4375729560852,
    "relax_model_4_multimer_v3_pred_0": 225.5146586894989,
    "process_features_model_5_multimer_v3_pred_0": 1.5735626220703125e-05,
    "predict_and_compile_model_5_multimer_v3_pred_0": 1305.612904548645,
    "relax_model_5_multimer_v3_pred_0": 232.884752035141
}