{
    "iptm+ptm": {
        "model_1_multimer_v3_pred_0": 0.503554135038899,
        "model_2_multimer_v3_pred_0": 0.6084356869541643,
        "model_3_multimer_v3_pred_0": 0.6634884548089173,
        "model_4_multimer_v3_pred_0": 0.47872432638683116,
        "model_5_multimer_v3_pred_0": 0.5748400981937443
    },
    "order": [
        "model_3_multimer_v3_pred_0",
        "model_2_multimer_v3_pred_0",
        "model_5_multimer_v3_pred_0",
        "model_1_multimer_v3_pred_0",
        "model_4_multimer_v3_pred_0"
    ]
}