{
    "features": 261.79836225509644,
    "process_features_model_1_multimer_v3_pred_0": 1.0967254638671875e-05,
    "predict_and_compile_model_1_multimer_v3_pred_0": 2122.0389037132263,
    "relax_model_1_multimer_v3_pred_0": 1213.685311794281,
    "process_features_model_2_multimer_v3_pred_0": 8.821487426757812e-06,
    "predict_and_compile_model_2_multimer_v3_pred_0": 2114.0080823898315,
    "relax_model_2_multimer_v3_pred_0": 999.7049312591553,
    "process_features_model_3_multimer_v3_pred_0": 9.775161743164062e-06,
    "predict_and_compile_model_3_multimer_v3_pred_0": 1736.566712141037,
    "relax_model_3_multimer_v3_pred_0": 1599.250274181366,
    "process_features_model_4_multimer_v3_pred_0": 2.3603439331054688e-05,
    "predict_and_compile_model_4_multimer_v3_pred_0": 2056.019865989685,
    "relax_model_4_multimer_v3_pred_0": 1151.149346113205,
    "process_features_model_5_multimer_v3_pred_0": 1.1205673217773438e-05,
    "predict_and_compile_model_5_multimer_v3_pred_0": 2072.627759218216,
    "relax_model_5_multimer_v3_pred_0": 1033.6984605789185
}