{
    "iptm+ptm": {
        "model_1_multimer_v3_pred_0": 0.8172455870365548,
        "model_2_multimer_v3_pred_0": 0.8304320323606227,
        "model_3_multimer_v3_pred_0": 0.8257995898027881,
        "model_4_multimer_v3_pred_0": 0.8330308027835301,
        "model_5_multimer_v3_pred_0": 0.808496475737664
    },
    "order": [
        "model_4_multimer_v3_pred_0",
        "model_2_multimer_v3_pred_0",
        "model_3_multimer_v3_pred_0",
        "model_1_multimer_v3_pred_0",
        "model_5_multimer_v3_pred_0"
    ]
}