{
    "features": 224.12414288520813,
    "process_features_model_1_multimer_v3_pred_0": 1.1444091796875e-05,
    "predict_and_compile_model_1_multimer_v3_pred_0": 561.0530686378479,
    "relax_model_1_multimer_v3_pred_0": 299.440486907959,
    "process_features_model_2_multimer_v3_pred_0": 5.9604644775390625e-06,
    "predict_and_compile_model_2_multimer_v3_pred_0": 617.146947145462,
    "relax_model_2_multimer_v3_pred_0": 354.6578984260559,
    "process_features_model_3_multimer_v3_pred_0": 6.246566772460938e-05,
    "predict_and_compile_model_3_multimer_v3_pred_0": 554.8806056976318,
    "relax_model_3_multimer_v3_pred_0": 344.9498801231384,
    "process_features_model_4_multimer_v3_pred_0": 5.7220458984375e-06,
    "predict_and_compile_model_4_multimer_v3_pred_0": 611.5924715995789,
    "relax_model_4_multimer_v3_pred_0": 331.72848105430603,
    "process_features_model_5_multimer_v3_pred_0": 7.867813110351562e-06,
    "predict_and_compile_model_5_multimer_v3_pred_0": 672.3804807662964,
    "relax_model_5_multimer_v3_pred_0": 343.52678298950195
}