{
    "iptm+ptm": {
        "model_1_multimer_v3_pred_0": 0.7169030078074298,
        "model_2_multimer_v3_pred_0": 0.7420548050111991,
        "model_3_multimer_v3_pred_0": 0.6185517507317975,
        "model_4_multimer_v3_pred_0": 0.24634927783596822,
        "model_5_multimer_v3_pred_0": 0.24682127050646324
    },
    "order": [
        "model_2_multimer_v3_pred_0",
        "model_1_multimer_v3_pred_0",
        "model_3_multimer_v3_pred_0",
        "model_5_multimer_v3_pred_0",
        "model_4_multimer_v3_pred_0"
    ]
}