{
    "features": 216.44420909881592,
    "process_features_model_1_multimer_v3_pred_0": 1.239776611328125e-05,
    "predict_and_compile_model_1_multimer_v3_pred_0": 2546.3188428878784,
    "relax_model_1_multimer_v3_pred_0": 806.2555494308472,
    "process_features_model_2_multimer_v3_pred_0": 7.152557373046875e-06,
    "predict_and_compile_model_2_multimer_v3_pred_0": 2555.836930990219,
    "relax_model_2_multimer_v3_pred_0": 873.6057872772217,
    "process_features_model_3_multimer_v3_pred_0": 5.4836273193359375e-06,
    "predict_and_compile_model_3_multimer_v3_pred_0": 2553.290454387665,
    "relax_model_3_multimer_v3_pred_0": 564.6495809555054,
    "process_features_model_4_multimer_v3_pred_0": 4.76837158203125e-06,
    "predict_and_compile_model_4_multimer_v3_pred_0": 2454.533033132553,
    "relax_model_4_multimer_v3_pred_0": 1994.9715781211853,
    "process_features_model_5_multimer_v3_pred_0": 2.0503997802734375e-05,
    "predict_and_compile_model_5_multimer_v3_pred_0": 2461.6843733787537,
    "relax_model_5_multimer_v3_pred_0": 1489.5580954551697
}