{
    "iptm+ptm": {
        "model_1_multimer_v3_pred_0": 0.6570399357257114,
        "model_2_multimer_v3_pred_0": 0.8599418097448086,
        "model_3_multimer_v3_pred_0": 0.828763726088328,
        "model_4_multimer_v3_pred_0": 0.7129935854471376,
        "model_5_multimer_v3_pred_0": 0.8151378104151541
    },
    "order": [
        "model_2_multimer_v3_pred_0",
        "model_3_multimer_v3_pred_0",
        "model_5_multimer_v3_pred_0",
        "model_4_multimer_v3_pred_0",
        "model_1_multimer_v3_pred_0"
    ]
}