{
    "features": 153.72415399551392,
    "process_features_model_1_multimer_v3_pred_0": 4.029273986816406e-05,
    "predict_and_compile_model_1_multimer_v3_pred_0": 933.7275402545929,
    "relax_model_1_multimer_v3_pred_0": 203.16941857337952,
    "process_features_model_2_multimer_v3_pred_0": 5.245208740234375e-06,
    "predict_and_compile_model_2_multimer_v3_pred_0": 399.78042101860046,
    "relax_model_2_multimer_v3_pred_0": 264.5182764530182,
    "process_features_model_3_multimer_v3_pred_0": 4.76837158203125e-06,
    "predict_and_compile_model_3_multimer_v3_pred_0": 1257.1159114837646,
    "relax_model_3_multimer_v3_pred_0": 287.8549551963806,
    "process_features_model_4_multimer_v3_pred_0": 4.76837158203125e-06,
    "predict_and_compile_model_4_multimer_v3_pred_0": 1238.1801505088806,
    "relax_model_4_multimer_v3_pred_0": 164.65113925933838,
    "process_features_model_5_multimer_v3_pred_0": 4.5299530029296875e-06,
    "predict_and_compile_model_5_multimer_v3_pred_0": 515.8709197044373,
    "relax_model_5_multimer_v3_pred_0": 241.6227684020996
}