{
    "iptm+ptm": {
        "model_1_multimer_v3_pred_0": 0.8209278776174395,
        "model_2_multimer_v3_pred_0": 0.8234282764741859,
        "model_3_multimer_v3_pred_0": 0.8243847024666392,
        "model_4_multimer_v3_pred_0": 0.8468899190447478,
        "model_5_multimer_v3_pred_0": 0.8432056604711196
    },
    "order": [
        "model_4_multimer_v3_pred_0",
        "model_5_multimer_v3_pred_0",
        "model_3_multimer_v3_pred_0",
        "model_2_multimer_v3_pred_0",
        "model_1_multimer_v3_pred_0"
    ]
}