{
    "features": 165.23899841308594,
    "process_features_model_1_multimer_v3_pred_0": 2.0742416381835938e-05,
    "predict_and_compile_model_1_multimer_v3_pred_0": 1368.2748115062714,
    "relax_model_1_multimer_v3_pred_0": 532.1638247966766,
    "process_features_model_2_multimer_v3_pred_0": 7.867813110351562e-06,
    "predict_and_compile_model_2_multimer_v3_pred_0": 1358.184577703476,
    "relax_model_2_multimer_v3_pred_0": 238.9272336959839,
    "process_features_model_3_multimer_v3_pred_0": 2.6226043701171875e-05,
    "predict_and_compile_model_3_multimer_v3_pred_0": 1382.5847551822662,
    "relax_model_3_multimer_v3_pred_0": 596.6434869766235,
    "process_features_model_4_multimer_v3_pred_0": 5.245208740234375e-06,
    "predict_and_compile_model_4_multimer_v3_pred_0": 1127.0928387641907,
    "relax_model_4_multimer_v3_pred_0": 868.030748128891,
    "process_features_model_5_multimer_v3_pred_0": 8.821487426757812e-06,
    "predict_and_compile_model_5_multimer_v3_pred_0": 1357.9888880252838,
    "relax_model_5_multimer_v3_pred_0": 155.03489923477173
}