{
    "iptm+ptm": {
        "model_1_multimer_v3_pred_0": 0.6157850014605168,
        "model_2_multimer_v3_pred_0": 0.6128466372085042,
        "model_3_multimer_v3_pred_0": 0.6218034759555953,
        "model_4_multimer_v3_pred_0": 0.6850475485178261,
        "model_5_multimer_v3_pred_0": 0.6701344558154416
    },
    "order": [
        "model_4_multimer_v3_pred_0",
        "model_5_multimer_v3_pred_0",
        "model_3_multimer_v3_pred_0",
        "model_1_multimer_v3_pred_0",
        "model_2_multimer_v3_pred_0"
    ]
}