{
    "features": 633.7788286209106,
    "process_features_model_1_multimer_v3_pred_0": 1.2159347534179688e-05,
    "predict_and_compile_model_1_multimer_v3_pred_0": 7612.393892049789,
    "relax_model_1_multimer_v3_pred_0": 1762.8363411426544,
    "process_features_model_2_multimer_v3_pred_0": 2.1696090698242188e-05,
    "predict_and_compile_model_2_multimer_v3_pred_0": 7595.833315849304,
    "relax_model_2_multimer_v3_pred_0": 5505.23844575882,
    "process_features_model_3_multimer_v3_pred_0": 7.3909759521484375e-06,
    "predict_and_compile_model_3_multimer_v3_pred_0": 7595.891362428665,
    "relax_model_3_multimer_v3_pred_0": 4700.128174543381,
    "process_features_model_4_multimer_v3_pred_0": 4.76837158203125e-06,
    "predict_and_compile_model_4_multimer_v3_pred_0": 7416.274487495422,
    "relax_model_4_multimer_v3_pred_0": 5427.196111440659,
    "process_features_model_5_multimer_v3_pred_0": 5.9604644775390625e-06,
    "predict_and_compile_model_5_multimer_v3_pred_0": 7425.517014980316,
    "relax_model_5_multimer_v3_pred_0": 4533.977523088455
}