{
    "iptm+ptm": {
        "model_1_multimer_v3_pred_0": 0.771559662189981,
        "model_2_multimer_v3_pred_0": 0.7769588598430299,
        "model_3_multimer_v3_pred_0": 0.8005104687154343,
        "model_4_multimer_v3_pred_0": 0.7900663210267723,
        "model_5_multimer_v3_pred_0": 0.8216095397155089
    },
    "order": [
        "model_5_multimer_v3_pred_0",
        "model_3_multimer_v3_pred_0",
        "model_4_multimer_v3_pred_0",
        "model_2_multimer_v3_pred_0",
        "model_1_multimer_v3_pred_0"
    ]
}