{
    "features": 202.52849912643433,
    "process_features_model_1_multimer_v3_pred_0": 1.049041748046875e-05,
    "predict_and_compile_model_1_multimer_v3_pred_0": 460.0053460597992,
    "relax_model_1_multimer_v3_pred_0": 208.48640203475952,
    "process_features_model_2_multimer_v3_pred_0": 1.4781951904296875e-05,
    "predict_and_compile_model_2_multimer_v3_pred_0": 393.9346966743469,
    "relax_model_2_multimer_v3_pred_0": 129.26138925552368,
    "process_features_model_3_multimer_v3_pred_0": 5.7220458984375e-06,
    "predict_and_compile_model_3_multimer_v3_pred_0": 343.8780605792999,
    "relax_model_3_multimer_v3_pred_0": 151.25055623054504,
    "process_features_model_4_multimer_v3_pred_0": 5.7220458984375e-06,
    "predict_and_compile_model_4_multimer_v3_pred_0": 407.86148834228516,
    "relax_model_4_multimer_v3_pred_0": 201.63530158996582,
    "process_features_model_5_multimer_v3_pred_0": 5.4836273193359375e-06,
    "predict_and_compile_model_5_multimer_v3_pred_0": 346.24072647094727,
    "relax_model_5_multimer_v3_pred_0": 150.3577356338501
}