{
    "iptm+ptm": {
        "model_1_multimer_v3_pred_0": 0.6456044430760641,
        "model_2_multimer_v3_pred_0": 0.6716071743438274,
        "model_3_multimer_v3_pred_0": 0.6196461632155528,
        "model_4_multimer_v3_pred_0": 0.6634822505619632,
        "model_5_multimer_v3_pred_0": 0.5965627879824735
    },
    "order": [
        "model_2_multimer_v3_pred_0",
        "model_4_multimer_v3_pred_0",
        "model_1_multimer_v3_pred_0",
        "model_3_multimer_v3_pred_0",
        "model_5_multimer_v3_pred_0"
    ]
}