{
    "features": 216.82989287376404,
    "process_features_model_1_multimer_v3_pred_0": 2.6464462280273438e-05,
    "predict_and_compile_model_1_multimer_v3_pred_0": 1508.0479006767273,
    "relax_model_1_multimer_v3_pred_0": 748.8412458896637,
    "process_features_model_2_multimer_v3_pred_0": 4.5299530029296875e-06,
    "predict_and_compile_model_2_multimer_v3_pred_0": 1644.5678520202637,
    "relax_model_2_multimer_v3_pred_0": 613.5593106746674,
    "process_features_model_3_multimer_v3_pred_0": 5.4836273193359375e-06,
    "predict_and_compile_model_3_multimer_v3_pred_0": 1680.1409752368927,
    "relax_model_3_multimer_v3_pred_0": 928.9930539131165,
    "process_features_model_4_multimer_v3_pred_0": 5.4836273193359375e-06,
    "predict_and_compile_model_4_multimer_v3_pred_0": 1634.8176054954529,
    "relax_model_4_multimer_v3_pred_0": 699.7239210605621,
    "process_features_model_5_multimer_v3_pred_0": 5.4836273193359375e-06,
    "predict_and_compile_model_5_multimer_v3_pred_0": 921.8831028938293,
    "relax_model_5_multimer_v3_pred_0": 606.5600619316101
}