{
    "iptm+ptm": {
        "model_1_multimer_v3_pred_0": 0.8353023735009355,
        "model_2_multimer_v3_pred_0": 0.8376568613811007,
        "model_3_multimer_v3_pred_0": 0.8376719962318699,
        "model_4_multimer_v3_pred_0": 0.8357446315762542,
        "model_5_multimer_v3_pred_0": 0.8473288303822678
    },
    "order": [
        "model_5_multimer_v3_pred_0",
        "model_3_multimer_v3_pred_0",
        "model_2_multimer_v3_pred_0",
        "model_4_multimer_v3_pred_0",
        "model_1_multimer_v3_pred_0"
    ]
}