{
    "features": 216.70102620124817,
    "process_features_model_1_multimer_v3_pred_0": 1.3828277587890625e-05,
    "predict_and_compile_model_1_multimer_v3_pred_0": 418.48447704315186,
    "relax_model_1_multimer_v3_pred_0": 408.7224109172821,
    "process_features_model_2_multimer_v3_pred_0": 3.0994415283203125e-05,
    "predict_and_compile_model_2_multimer_v3_pred_0": 495.3114242553711,
    "relax_model_2_multimer_v3_pred_0": 206.45727133750916,
    "process_features_model_3_multimer_v3_pred_0": 6.9141387939453125e-06,
    "predict_and_compile_model_3_multimer_v3_pred_0": 412.6614079475403,
    "relax_model_3_multimer_v3_pred_0": 263.96738171577454,
    "process_features_model_4_multimer_v3_pred_0": 7.152557373046875e-06,
    "predict_and_compile_model_4_multimer_v3_pred_0": 426.5367522239685,
    "relax_model_4_multimer_v3_pred_0": 572.4225387573242,
    "process_features_model_5_multimer_v3_pred_0": 6.4373016357421875e-06,
    "predict_and_compile_model_5_multimer_v3_pred_0": 414.7188506126404,
    "relax_model_5_multimer_v3_pred_0": 330.7142724990845
}