{
    "iptm+ptm": {
        "model_1_multimer_v3_pred_0": 0.48596044177066056,
        "model_2_multimer_v3_pred_0": 0.3419871459421503,
        "model_3_multimer_v3_pred_0": 0.393678134531934,
        "model_4_multimer_v3_pred_0": 0.3143477164282445,
        "model_5_multimer_v3_pred_0": 0.29626555254585474
    },
    "order": [
        "model_1_multimer_v3_pred_0",
        "model_3_multimer_v3_pred_0",
        "model_2_multimer_v3_pred_0",
        "model_4_multimer_v3_pred_0",
        "model_5_multimer_v3_pred_0"
    ]
}