{
    "features": 105.31350231170654,
    "process_features_model_1_multimer_v3_pred_0": 1.049041748046875e-05,
    "predict_and_compile_model_1_multimer_v3_pred_0": 618.7878546714783,
    "relax_model_1_multimer_v3_pred_0": 306.2627806663513,
    "process_features_model_2_multimer_v3_pred_0": 1.0967254638671875e-05,
    "predict_and_compile_model_2_multimer_v3_pred_0": 880.7274680137634,
    "relax_model_2_multimer_v3_pred_0": 637.2967126369476,
    "process_features_model_3_multimer_v3_pred_0": 6.198883056640625e-06,
    "predict_and_compile_model_3_multimer_v3_pred_0": 1545.8826787471771,
    "relax_model_3_multimer_v3_pred_0": 625.8212461471558,
    "process_features_model_4_multimer_v3_pred_0": 6.556510925292969e-05,
    "predict_and_compile_model_4_multimer_v3_pred_0": 1385.2496531009674,
    "relax_model_4_multimer_v3_pred_0": 835.5152311325073,
    "process_features_model_5_multimer_v3_pred_0": 8.58306884765625e-06,
    "predict_and_compile_model_5_multimer_v3_pred_0": 1540.28719496727,
    "relax_model_5_multimer_v3_pred_0": 637.8384056091309
}