{
    "iptm+ptm": {
        "model_1_multimer_v3_pred_0": 0.878388861489589,
        "model_2_multimer_v3_pred_0": 0.6581734151391007,
        "model_3_multimer_v3_pred_0": 0.898031488768377,
        "model_4_multimer_v3_pred_0": 0.8663898608858358,
        "model_5_multimer_v3_pred_0": 0.9025002836340034
    },
    "order": [
        "model_5_multimer_v3_pred_0",
        "model_3_multimer_v3_pred_0",
        "model_1_multimer_v3_pred_0",
        "model_4_multimer_v3_pred_0",
        "model_2_multimer_v3_pred_0"
    ]
}