{
    "features": 151.04828882217407,
    "process_features_model_1_multimer_v3_pred_0": 2.9802322387695312e-05,
    "predict_and_compile_model_1_multimer_v3_pred_0": 1525.850909948349,
    "relax_model_1_multimer_v3_pred_0": 466.41897416114807,
    "process_features_model_2_multimer_v3_pred_0": 4.5299530029296875e-06,
    "predict_and_compile_model_2_multimer_v3_pred_0": 1528.575190782547,
    "relax_model_2_multimer_v3_pred_0": 198.92431330680847,
    "process_features_model_3_multimer_v3_pred_0": 1.1444091796875e-05,
    "predict_and_compile_model_3_multimer_v3_pred_0": 741.0932681560516,
    "relax_model_3_multimer_v3_pred_0": 706.0271263122559,
    "process_features_model_4_multimer_v3_pred_0": 6.198883056640625e-06,
    "predict_and_compile_model_4_multimer_v3_pred_0": 1544.9936559200287,
    "relax_model_4_multimer_v3_pred_0": 1091.8059089183807,
    "process_features_model_5_multimer_v3_pred_0": 4.5299530029296875e-06,
    "predict_and_compile_model_5_multimer_v3_pred_0": 1504.8727712631226,
    "relax_model_5_multimer_v3_pred_0": 617.9903638362885
}