{
    "iptm+ptm": {
        "model_1_multimer_v3_pred_0": 0.6806899199794822,
        "model_2_multimer_v3_pred_0": 0.6690824024457798,
        "model_3_multimer_v3_pred_0": 0.7208411071872829,
        "model_4_multimer_v3_pred_0": 0.6888107480514937,
        "model_5_multimer_v3_pred_0": 0.7316843725399504
    },
    "order": [
        "model_5_multimer_v3_pred_0",
        "model_3_multimer_v3_pred_0",
        "model_4_multimer_v3_pred_0",
        "model_1_multimer_v3_pred_0",
        "model_2_multimer_v3_pred_0"
    ]
}