{
    "features": 183.58869528770447,
    "process_features_model_1_multimer_v3_pred_0": 1.049041748046875e-05,
    "predict_and_compile_model_1_multimer_v3_pred_0": 516.2278790473938,
    "relax_model_1_multimer_v3_pred_0": 195.70776224136353,
    "process_features_model_2_multimer_v3_pred_0": 6.4373016357421875e-06,
    "predict_and_compile_model_2_multimer_v3_pred_0": 669.7423825263977,
    "relax_model_2_multimer_v3_pred_0": 452.46269631385803,
    "process_features_model_3_multimer_v3_pred_0": 5.245208740234375e-06,
    "predict_and_compile_model_3_multimer_v3_pred_0": 754.7079772949219,
    "relax_model_3_multimer_v3_pred_0": 308.6638488769531,
    "process_features_model_4_multimer_v3_pred_0": 5.245208740234375e-06,
    "predict_and_compile_model_4_multimer_v3_pred_0": 573.8914787769318,
    "relax_model_4_multimer_v3_pred_0": 483.47049832344055,
    "process_features_model_5_multimer_v3_pred_0": 5.245208740234375e-06,
    "predict_and_compile_model_5_multimer_v3_pred_0": 658.2628700733185,
    "relax_model_5_multimer_v3_pred_0": 300.98161005973816
}