{
    "iptm+ptm": {
        "model_1_multimer_v3_pred_0": 0.6449909850659652,
        "model_2_multimer_v3_pred_0": 0.683864864784739,
        "model_3_multimer_v3_pred_0": 0.6390247042506008,
        "model_4_multimer_v3_pred_0": 0.6376266335008773,
        "model_5_multimer_v3_pred_0": 0.595880459604401
    },
    "order": [
        "model_2_multimer_v3_pred_0",
        "model_1_multimer_v3_pred_0",
        "model_3_multimer_v3_pred_0",
        "model_4_multimer_v3_pred_0",
        "model_5_multimer_v3_pred_0"
    ]
}