{
    "features": 246.89092183113098,
    "process_features_model_1_multimer_v3_pred_0": 9.059906005859375e-06,
    "predict_and_compile_model_1_multimer_v3_pred_0": 1608.2256088256836,
    "relax_model_1_multimer_v3_pred_0": 256.2838010787964,
    "process_features_model_2_multimer_v3_pred_0": 4.76837158203125e-06,
    "predict_and_compile_model_2_multimer_v3_pred_0": 1267.7031452655792,
    "relax_model_2_multimer_v3_pred_0": 539.0447955131531,
    "process_features_model_3_multimer_v3_pred_0": 5.4836273193359375e-06,
    "predict_and_compile_model_3_multimer_v3_pred_0": 1620.7516062259674,
    "relax_model_3_multimer_v3_pred_0": 837.7914624214172,
    "process_features_model_4_multimer_v3_pred_0": 5.4836273193359375e-06,
    "predict_and_compile_model_4_multimer_v3_pred_0": 1600.850192308426,
    "relax_model_4_multimer_v3_pred_0": 936.5425374507904,
    "process_features_model_5_multimer_v3_pred_0": 5.7220458984375e-06,
    "predict_and_compile_model_5_multimer_v3_pred_0": 1597.2028682231903,
    "relax_model_5_multimer_v3_pred_0": 600.9124717712402
}