{
    "iptm+ptm": {
        "model_1_multimer_v3_pred_0": 0.2637282221984057,
        "model_2_multimer_v3_pred_0": 0.7300697846501256,
        "model_3_multimer_v3_pred_0": 0.7427947169945098,
        "model_4_multimer_v3_pred_0": 0.32263064257871876,
        "model_5_multimer_v3_pred_0": 0.6849612263327775
    },
    "order": [
        "model_3_multimer_v3_pred_0",
        "model_2_multimer_v3_pred_0",
        "model_5_multimer_v3_pred_0",
        "model_4_multimer_v3_pred_0",
        "model_1_multimer_v3_pred_0"
    ]
}