{
    "features": 294.0478630065918,
    "process_features_model_1_multimer_v3_pred_0": 9.775161743164062e-06,
    "predict_and_compile_model_1_multimer_v3_pred_0": 2143.992012500763,
    "relax_model_1_multimer_v3_pred_0": 1513.1808960437775,
    "process_features_model_2_multimer_v3_pred_0": 1.0013580322265625e-05,
    "predict_and_compile_model_2_multimer_v3_pred_0": 2117.2090349197388,
    "relax_model_2_multimer_v3_pred_0": 1023.1537108421326,
    "process_features_model_3_multimer_v3_pred_0": 9.298324584960938e-06,
    "predict_and_compile_model_3_multimer_v3_pred_0": 2125.5729298591614,
    "relax_model_3_multimer_v3_pred_0": 1457.8443231582642,
    "process_features_model_4_multimer_v3_pred_0": 8.821487426757812e-06,
    "predict_and_compile_model_4_multimer_v3_pred_0": 2069.6920413970947,
    "relax_model_4_multimer_v3_pred_0": 1215.9524629116058,
    "process_features_model_5_multimer_v3_pred_0": 9.775161743164062e-06,
    "predict_and_compile_model_5_multimer_v3_pred_0": 2071.444218635559,
    "relax_model_5_multimer_v3_pred_0": 1200.9265296459198
}