{
    "iptm+ptm": {
        "model_1_multimer_v3_pred_0": 0.8432219979665554,
        "model_2_multimer_v3_pred_0": 0.8479090824287123,
        "model_3_multimer_v3_pred_0": 0.8238858278513159,
        "model_4_multimer_v3_pred_0": 0.8511465110826937,
        "model_5_multimer_v3_pred_0": 0.833529609854669
    },
    "order": [
        "model_4_multimer_v3_pred_0",
        "model_2_multimer_v3_pred_0",
        "model_1_multimer_v3_pred_0",
        "model_5_multimer_v3_pred_0",
        "model_3_multimer_v3_pred_0"
    ]
}