{
    "features": 107.08380174636841,
    "process_features_model_1_multimer_v3_pred_0": 3.24249267578125e-05,
    "predict_and_compile_model_1_multimer_v3_pred_0": 351.84007573127747,
    "relax_model_1_multimer_v3_pred_0": 128.8281672000885,
    "process_features_model_2_multimer_v3_pred_0": 1.2159347534179688e-05,
    "predict_and_compile_model_2_multimer_v3_pred_0": 349.8853831291199,
    "relax_model_2_multimer_v3_pred_0": 160.54363298416138,
    "process_features_model_3_multimer_v3_pred_0": 1.9550323486328125e-05,
    "predict_and_compile_model_3_multimer_v3_pred_0": 397.0369517803192,
    "relax_model_3_multimer_v3_pred_0": 141.10776138305664,
    "process_features_model_4_multimer_v3_pred_0": 8.821487426757812e-06,
    "predict_and_compile_model_4_multimer_v3_pred_0": 363.1492142677307,
    "relax_model_4_multimer_v3_pred_0": 143.51006150245667,
    "process_features_model_5_multimer_v3_pred_0": 3.0040740966796875e-05,
    "predict_and_compile_model_5_multimer_v3_pred_0": 397.07471990585327,
    "relax_model_5_multimer_v3_pred_0": 177.68103551864624
}