{
    "iptm+ptm": {
        "model_1_multimer_v3_pred_0": 0.627549301698844,
        "model_2_multimer_v3_pred_0": 0.6331592407540994,
        "model_3_multimer_v3_pred_0": 0.6305725773591648,
        "model_4_multimer_v3_pred_0": 0.616214206467675,
        "model_5_multimer_v3_pred_0": 0.6232835963480916
    },
    "order": [
        "model_2_multimer_v3_pred_0",
        "model_3_multimer_v3_pred_0",
        "model_1_multimer_v3_pred_0",
        "model_5_multimer_v3_pred_0",
        "model_4_multimer_v3_pred_0"
    ]
}