{
    "features": 642.5103275775909,
    "process_features_model_1_multimer_v3_pred_0": 1.1920928955078125e-05,
    "predict_and_compile_model_1_multimer_v3_pred_0": 8087.2017114162445,
    "relax_model_1_multimer_v3_pred_0": 6208.207720518112,
    "process_features_model_2_multimer_v3_pred_0": 5.7220458984375e-06,
    "predict_and_compile_model_2_multimer_v3_pred_0": 8042.729380846024,
    "relax_model_2_multimer_v3_pred_0": 6611.238900184631,
    "process_features_model_3_multimer_v3_pred_0": 4.5299530029296875e-06,
    "predict_and_compile_model_3_multimer_v3_pred_0": 8048.264174938202,
    "relax_model_3_multimer_v3_pred_0": 4666.507886648178,
    "process_features_model_4_multimer_v3_pred_0": 5.245208740234375e-06,
    "predict_and_compile_model_4_multimer_v3_pred_0": 7853.504266023636,
    "relax_model_4_multimer_v3_pred_0": 5054.773190021515,
    "process_features_model_5_multimer_v3_pred_0": 5.9604644775390625e-06,
    "predict_and_compile_model_5_multimer_v3_pred_0": 7868.5848042964935,
    "relax_model_5_multimer_v3_pred_0": 4105.105810403824
}