{
    "iptm+ptm": {
        "model_1_multimer_v3_pred_0": 0.8359717439071596,
        "model_2_multimer_v3_pred_0": 0.8566880668774634,
        "model_3_multimer_v3_pred_0": 0.8224407406376334,
        "model_4_multimer_v3_pred_0": 0.8405861410731839,
        "model_5_multimer_v3_pred_0": 0.8555106679243668
    },
    "order": [
        "model_2_multimer_v3_pred_0",
        "model_5_multimer_v3_pred_0",
        "model_4_multimer_v3_pred_0",
        "model_1_multimer_v3_pred_0",
        "model_3_multimer_v3_pred_0"
    ]
}