{
    "features": 252.01658725738525,
    "process_features_model_1_multimer_v3_pred_0": 1.0967254638671875e-05,
    "predict_and_compile_model_1_multimer_v3_pred_0": 637.1911880970001,
    "relax_model_1_multimer_v3_pred_0": 201.39104533195496,
    "process_features_model_2_multimer_v3_pred_0": 8.821487426757812e-06,
    "predict_and_compile_model_2_multimer_v3_pred_0": 526.3377356529236,
    "relax_model_2_multimer_v3_pred_0": 284.5572955608368,
    "process_features_model_3_multimer_v3_pred_0": 8.106231689453125e-06,
    "predict_and_compile_model_3_multimer_v3_pred_0": 970.2064974308014,
    "relax_model_3_multimer_v3_pred_0": 204.93572616577148,
    "process_features_model_4_multimer_v3_pred_0": 9.298324584960938e-06,
    "predict_and_compile_model_4_multimer_v3_pred_0": 576.569623708725,
    "relax_model_4_multimer_v3_pred_0": 495.16803884506226,
    "process_features_model_5_multimer_v3_pred_0": 8.344650268554688e-06,
    "predict_and_compile_model_5_multimer_v3_pred_0": 1278.394498348236,
    "relax_model_5_multimer_v3_pred_0": 192.36306309700012
}