{
    "iptm+ptm": {
        "model_1_multimer_v3_pred_0": 0.8222567040144128,
        "model_2_multimer_v3_pred_0": 0.826923150934314,
        "model_3_multimer_v3_pred_0": 0.8167238150157314,
        "model_4_multimer_v3_pred_0": 0.7891482967974734,
        "model_5_multimer_v3_pred_0": 0.8273943594491564
    },
    "order": [
        "model_5_multimer_v3_pred_0",
        "model_2_multimer_v3_pred_0",
        "model_1_multimer_v3_pred_0",
        "model_3_multimer_v3_pred_0",
        "model_4_multimer_v3_pred_0"
    ]
}