{
    "features": 213.57232928276062,
    "process_features_model_1_multimer_v3_pred_0": 4.124641418457031e-05,
    "predict_and_compile_model_1_multimer_v3_pred_0": 486.2347092628479,
    "relax_model_1_multimer_v3_pred_0": 242.87096500396729,
    "process_features_model_2_multimer_v3_pred_0": 5.245208740234375e-06,
    "predict_and_compile_model_2_multimer_v3_pred_0": 447.42962527275085,
    "relax_model_2_multimer_v3_pred_0": 184.64442372322083,
    "process_features_model_3_multimer_v3_pred_0": 4.76837158203125e-06,
    "predict_and_compile_model_3_multimer_v3_pred_0": 482.3169379234314,
    "relax_model_3_multimer_v3_pred_0": 654.9993033409119,
    "process_features_model_4_multimer_v3_pred_0": 5.0067901611328125e-06,
    "predict_and_compile_model_4_multimer_v3_pred_0": 906.8289942741394,
    "relax_model_4_multimer_v3_pred_0": 329.6049602031708,
    "process_features_model_5_multimer_v3_pred_0": 5.7220458984375e-06,
    "predict_and_compile_model_5_multimer_v3_pred_0": 1040.8319146633148,
    "relax_model_5_multimer_v3_pred_0": 312.4759829044342
}