{
    "iptm+ptm": {
        "model_1_multimer_v3_pred_0": 0.7244358638663603,
        "model_2_multimer_v3_pred_0": 0.724507579756633,
        "model_3_multimer_v3_pred_0": 0.703955190629142,
        "model_4_multimer_v3_pred_0": 0.7694463689023102,
        "model_5_multimer_v3_pred_0": 0.7845362527648334
    },
    "order": [
        "model_5_multimer_v3_pred_0",
        "model_4_multimer_v3_pred_0",
        "model_2_multimer_v3_pred_0",
        "model_1_multimer_v3_pred_0",
        "model_3_multimer_v3_pred_0"
    ]
}