{
    "features": 172.81515192985535,
    "process_features_model_1_multimer_v3_pred_0": 1.2636184692382812e-05,
    "predict_and_compile_model_1_multimer_v3_pred_0": 1363.8790409564972,
    "relax_model_1_multimer_v3_pred_0": 317.05645298957825,
    "process_features_model_2_multimer_v3_pred_0": 5.9604644775390625e-06,
    "predict_and_compile_model_2_multimer_v3_pred_0": 619.6794009208679,
    "relax_model_2_multimer_v3_pred_0": 619.6708934307098,
    "process_features_model_3_multimer_v3_pred_0": 8.106231689453125e-06,
    "predict_and_compile_model_3_multimer_v3_pred_0": 628.3253748416901,
    "relax_model_3_multimer_v3_pred_0": 603.1926667690277,
    "process_features_model_4_multimer_v3_pred_0": 2.2172927856445312e-05,
    "predict_and_compile_model_4_multimer_v3_pred_0": 967.0938103199005,
    "relax_model_4_multimer_v3_pred_0": 424.26814889907837,
    "process_features_model_5_multimer_v3_pred_0": 6.4373016357421875e-06,
    "predict_and_compile_model_5_multimer_v3_pred_0": 1349.518913269043,
    "relax_model_5_multimer_v3_pred_0": 302.06621742248535
}