{
    "iptm+ptm": {
        "model_1_multimer_v3_pred_0": 0.7246067271726391,
        "model_2_multimer_v3_pred_0": 0.7330377639122712,
        "model_3_multimer_v3_pred_0": 0.7318601106881998,
        "model_4_multimer_v3_pred_0": 0.7275828903586768,
        "model_5_multimer_v3_pred_0": 0.7178966609070276
    },
    "order": [
        "model_2_multimer_v3_pred_0",
        "model_3_multimer_v3_pred_0",
        "model_4_multimer_v3_pred_0",
        "model_1_multimer_v3_pred_0",
        "model_5_multimer_v3_pred_0"
    ]
}