{
    "features": 180.46214818954468,
    "process_features_model_1_multimer_v3_pred_0": 1.52587890625e-05,
    "predict_and_compile_model_1_multimer_v3_pred_0": 3289.9840354919434,
    "relax_model_1_multimer_v3_pred_0": 2564.5991303920746,
    "process_features_model_2_multimer_v3_pred_0": 1.4543533325195312e-05,
    "predict_and_compile_model_2_multimer_v3_pred_0": 3262.6888303756714,
    "relax_model_2_multimer_v3_pred_0": 3028.395175933838,
    "process_features_model_3_multimer_v3_pred_0": 3.2901763916015625e-05,
    "predict_and_compile_model_3_multimer_v3_pred_0": 3280.5454320907593,
    "relax_model_3_multimer_v3_pred_0": 2595.1137461662292,
    "process_features_model_4_multimer_v3_pred_0": 3.3855438232421875e-05,
    "predict_and_compile_model_4_multimer_v3_pred_0": 3157.7980976104736,
    "relax_model_4_multimer_v3_pred_0": 1815.9633774757385,
    "process_features_model_5_multimer_v3_pred_0": 1.0013580322265625e-05,
    "predict_and_compile_model_5_multimer_v3_pred_0": 3137.477343082428,
    "relax_model_5_multimer_v3_pred_0": 2077.0303435325623
}