{
    "iptm+ptm": {
        "model_1_multimer_v3_pred_0": 0.9208684178765564,
        "model_2_multimer_v3_pred_0": 0.9226143549427678,
        "model_3_multimer_v3_pred_0": 0.9158694522669762,
        "model_4_multimer_v3_pred_0": 0.9249857826974914,
        "model_5_multimer_v3_pred_0": 0.9175689881777206
    },
    "order": [
        "model_4_multimer_v3_pred_0",
        "model_2_multimer_v3_pred_0",
        "model_1_multimer_v3_pred_0",
        "model_5_multimer_v3_pred_0",
        "model_3_multimer_v3_pred_0"
    ]
}