{
    "features": 101.24227809906006,
    "process_features_model_1_multimer_v3_pred_0": 1.0251998901367188e-05,
    "predict_and_compile_model_1_multimer_v3_pred_0": 184.4565236568451,
    "relax_model_1_multimer_v3_pred_0": 360.76352286338806,
    "process_features_model_2_multimer_v3_pred_0": 7.3909759521484375e-06,
    "predict_and_compile_model_2_multimer_v3_pred_0": 128.27761125564575,
    "relax_model_2_multimer_v3_pred_0": 476.9471070766449,
    "process_features_model_3_multimer_v3_pred_0": 1.1682510375976562e-05,
    "predict_and_compile_model_3_multimer_v3_pred_0": 232.3814890384674,
    "relax_model_3_multimer_v3_pred_0": 861.1884965896606,
    "process_features_model_4_multimer_v3_pred_0": 5.245208740234375e-06,
    "predict_and_compile_model_4_multimer_v3_pred_0": 147.61059284210205,
    "relax_model_4_multimer_v3_pred_0": 572.5816597938538,
    "process_features_model_5_multimer_v3_pred_0": 4.76837158203125e-06,
    "predict_and_compile_model_5_multimer_v3_pred_0": 202.84881925582886,
    "relax_model_5_multimer_v3_pred_0": 410.5251042842865
}