{
    "iptm+ptm": {
        "model_1_multimer_v3_pred_0": 0.8257044941120353,
        "model_2_multimer_v3_pred_0": 0.817135022733621,
        "model_3_multimer_v3_pred_0": 0.845735528742357,
        "model_4_multimer_v3_pred_0": 0.8304752472006237,
        "model_5_multimer_v3_pred_0": 0.8213646380130406
    },
    "order": [
        "model_3_multimer_v3_pred_0",
        "model_4_multimer_v3_pred_0",
        "model_1_multimer_v3_pred_0",
        "model_5_multimer_v3_pred_0",
        "model_2_multimer_v3_pred_0"
    ]
}