{
    "features": 213.47275352478027,
    "process_features_model_1_multimer_v3_pred_0": 1.6450881958007812e-05,
    "predict_and_compile_model_1_multimer_v3_pred_0": 723.9221320152283,
    "relax_model_1_multimer_v3_pred_0": 547.9691741466522,
    "process_features_model_2_multimer_v3_pred_0": 6.9141387939453125e-06,
    "predict_and_compile_model_2_multimer_v3_pred_0": 693.1734352111816,
    "relax_model_2_multimer_v3_pred_0": 534.0601196289062,
    "process_features_model_3_multimer_v3_pred_0": 5.7220458984375e-06,
    "predict_and_compile_model_3_multimer_v3_pred_0": 1032.0818078517914,
    "relax_model_3_multimer_v3_pred_0": 916.5002272129059,
    "process_features_model_4_multimer_v3_pred_0": 7.152557373046875e-06,
    "predict_and_compile_model_4_multimer_v3_pred_0": 1532.5372784137726,
    "relax_model_4_multimer_v3_pred_0": 356.25821805000305,
    "process_features_model_5_multimer_v3_pred_0": 6.4373016357421875e-06,
    "predict_and_compile_model_5_multimer_v3_pred_0": 1530.586183309555,
    "relax_model_5_multimer_v3_pred_0": 684.6943619251251
}