{
    "iptm+ptm": {
        "model_1_multimer_v3_pred_0": 0.46848024368078134,
        "model_2_multimer_v3_pred_0": 0.4545475498981044,
        "model_3_multimer_v3_pred_0": 0.3745546706382368,
        "model_4_multimer_v3_pred_0": 0.4838498039483169,
        "model_5_multimer_v3_pred_0": 0.4871824826529616
    },
    "order": [
        "model_5_multimer_v3_pred_0",
        "model_4_multimer_v3_pred_0",
        "model_1_multimer_v3_pred_0",
        "model_2_multimer_v3_pred_0",
        "model_3_multimer_v3_pred_0"
    ]
}