{
    "iptm+ptm": {
        "model_1_multimer_v3_pred_0": 0.5336275297874074,
        "model_2_multimer_v3_pred_0": 0.5761178719468654,
        "model_3_multimer_v3_pred_0": 0.5303590032000355,
        "model_4_multimer_v3_pred_0": 0.6020041396795062,
        "model_5_multimer_v3_pred_0": 0.5642862708330072
    },
    "order": [
        "model_4_multimer_v3_pred_0",
        "model_2_multimer_v3_pred_0",
        "model_5_multimer_v3_pred_0",
        "model_1_multimer_v3_pred_0",
        "model_3_multimer_v3_pred_0"
    ]
}