{
    "features": 82.84309601783752,
    "process_features_model_1_multimer_v3_pred_0": 2.1219253540039062e-05,
    "predict_and_compile_model_1_multimer_v3_pred_0": 455.88287019729614,
    "relax_model_1_multimer_v3_pred_0": 570.4891757965088,
    "process_features_model_2_multimer_v3_pred_0": 1.7642974853515625e-05,
    "predict_and_compile_model_2_multimer_v3_pred_0": 326.49476170539856,
    "relax_model_2_multimer_v3_pred_0": 185.23094940185547,
    "process_features_model_3_multimer_v3_pred_0": 8.106231689453125e-06,
    "predict_and_compile_model_3_multimer_v3_pred_0": 1096.4332821369171,
    "relax_model_3_multimer_v3_pred_0": 194.17453908920288,
    "process_features_model_4_multimer_v3_pred_0": 8.106231689453125e-06,
    "predict_and_compile_model_4_multimer_v3_pred_0": 675.3991477489471,
    "relax_model_4_multimer_v3_pred_0": 137.86286640167236,
    "process_features_model_5_multimer_v3_pred_0": 1.239776611328125e-05,
    "predict_and_compile_model_5_multimer_v3_pred_0": 415.5169451236725,
    "relax_model_5_multimer_v3_pred_0": 151.54932498931885
}