{
    "iptm+ptm": {
        "model_1_multimer_v3_pred_0": 0.7145202387683427,
        "model_2_multimer_v3_pred_0": 0.7232474692328755,
        "model_3_multimer_v3_pred_0": 0.6937193668026113,
        "model_4_multimer_v3_pred_0": 0.7104278407857165,
        "model_5_multimer_v3_pred_0": 0.7146805255581669
    },
    "order": [
        "model_2_multimer_v3_pred_0",
        "model_5_multimer_v3_pred_0",
        "model_1_multimer_v3_pred_0",
        "model_4_multimer_v3_pred_0",
        "model_3_multimer_v3_pred_0"
    ]
}