{
    "features": 198.58428120613098,
    "process_features_model_1_multimer_v3_pred_0": 1.1444091796875e-05,
    "predict_and_compile_model_1_multimer_v3_pred_0": 521.1673574447632,
    "relax_model_1_multimer_v3_pred_0": 342.90190744400024,
    "process_features_model_2_multimer_v3_pred_0": 6.4373016357421875e-06,
    "predict_and_compile_model_2_multimer_v3_pred_0": 504.92813205718994,
    "relax_model_2_multimer_v3_pred_0": 345.97063636779785,
    "process_features_model_3_multimer_v3_pred_0": 7.867813110351562e-06,
    "predict_and_compile_model_3_multimer_v3_pred_0": 489.27092719078064,
    "relax_model_3_multimer_v3_pred_0": 458.7197811603546,
    "process_features_model_4_multimer_v3_pred_0": 7.62939453125e-06,
    "predict_and_compile_model_4_multimer_v3_pred_0": 516.2408735752106,
    "relax_model_4_multimer_v3_pred_0": 519.8232598304749,
    "process_features_model_5_multimer_v3_pred_0": 2.47955322265625e-05,
    "predict_and_compile_model_5_multimer_v3_pred_0": 597.3317770957947,
    "relax_model_5_multimer_v3_pred_0": 305.68627285957336
}