{
    "iptm+ptm": {
        "model_1_multimer_v3_pred_0": 0.8376788049044093,
        "model_2_multimer_v3_pred_0": 0.8454570239730259,
        "model_3_multimer_v3_pred_0": 0.838863265760081,
        "model_4_multimer_v3_pred_0": 0.8466273373654689,
        "model_5_multimer_v3_pred_0": 0.850025164127048
    },
    "order": [
        "model_5_multimer_v3_pred_0",
        "model_4_multimer_v3_pred_0",
        "model_2_multimer_v3_pred_0",
        "model_3_multimer_v3_pred_0",
        "model_1_multimer_v3_pred_0"
    ]
}