{
    "features": 209.12426233291626,
    "process_features_model_1_multimer_v3_pred_0": 1.1682510375976562e-05,
    "predict_and_compile_model_1_multimer_v3_pred_0": 506.2494399547577,
    "relax_model_1_multimer_v3_pred_0": 321.4797954559326,
    "process_features_model_2_multimer_v3_pred_0": 6.4373016357421875e-06,
    "predict_and_compile_model_2_multimer_v3_pred_0": 681.4146754741669,
    "relax_model_2_multimer_v3_pred_0": 751.906266450882,
    "process_features_model_3_multimer_v3_pred_0": 5.9604644775390625e-06,
    "predict_and_compile_model_3_multimer_v3_pred_0": 416.3370416164398,
    "relax_model_3_multimer_v3_pred_0": 273.9423499107361,
    "process_features_model_4_multimer_v3_pred_0": 7.867813110351562e-06,
    "predict_and_compile_model_4_multimer_v3_pred_0": 413.90403723716736,
    "relax_model_4_multimer_v3_pred_0": 323.16446685791016,
    "process_features_model_5_multimer_v3_pred_0": 5.9604644775390625e-06,
    "predict_and_compile_model_5_multimer_v3_pred_0": 471.0107126235962,
    "relax_model_5_multimer_v3_pred_0": 348.0917537212372
}