{
    "iptm+ptm": {
        "model_1_multimer_v3_pred_0": 0.8127884203293965,
        "model_2_multimer_v3_pred_0": 0.8237449676686682,
        "model_3_multimer_v3_pred_0": 0.8254177247264415,
        "model_4_multimer_v3_pred_0": 0.8401998939872364,
        "model_5_multimer_v3_pred_0": 0.8387579055266685
    },
    "order": [
        "model_4_multimer_v3_pred_0",
        "model_5_multimer_v3_pred_0",
        "model_3_multimer_v3_pred_0",
        "model_2_multimer_v3_pred_0",
        "model_1_multimer_v3_pred_0"
    ]
}