{
    "features": 196.0100975036621,
    "process_features_model_1_multimer_v3_pred_0": 3.337860107421875e-05,
    "predict_and_compile_model_1_multimer_v3_pred_0": 898.2898292541504,
    "relax_model_1_multimer_v3_pred_0": 218.4238486289978,
    "process_features_model_2_multimer_v3_pred_0": 5.7220458984375e-06,
    "predict_and_compile_model_2_multimer_v3_pred_0": 894.5216295719147,
    "relax_model_2_multimer_v3_pred_0": 544.8185164928436,
    "process_features_model_3_multimer_v3_pred_0": 6.198883056640625e-06,
    "predict_and_compile_model_3_multimer_v3_pred_0": 1302.1672925949097,
    "relax_model_3_multimer_v3_pred_0": 301.7068431377411,
    "process_features_model_4_multimer_v3_pred_0": 6.198883056640625e-06,
    "predict_and_compile_model_4_multimer_v3_pred_0": 666.1373643875122,
    "relax_model_4_multimer_v3_pred_0": 322.33416962623596,
    "process_features_model_5_multimer_v3_pred_0": 7.152557373046875e-06,
    "predict_and_compile_model_5_multimer_v3_pred_0": 1331.7041790485382,
    "relax_model_5_multimer_v3_pred_0": 159.31405997276306
}