{
    "iptm+ptm": {
        "model_1_multimer_v3_pred_0": 0.6143586142833309,
        "model_2_multimer_v3_pred_0": 0.6259470102403347,
        "model_3_multimer_v3_pred_0": 0.6317559903675979,
        "model_4_multimer_v3_pred_0": 0.6250407006543075,
        "model_5_multimer_v3_pred_0": 0.6169583497101644
    },
    "order": [
        "model_3_multimer_v3_pred_0",
        "model_2_multimer_v3_pred_0",
        "model_4_multimer_v3_pred_0",
        "model_5_multimer_v3_pred_0",
        "model_1_multimer_v3_pred_0"
    ]
}