{
    "features": 185.51162385940552,
    "process_features_model_1_multimer_v3_pred_0": 2.1457672119140625e-05,
    "predict_and_compile_model_1_multimer_v3_pred_0": 1918.5430884361267,
    "relax_model_1_multimer_v3_pred_0": 356.6500656604767,
    "process_features_model_2_multimer_v3_pred_0": 2.384185791015625e-05,
    "predict_and_compile_model_2_multimer_v3_pred_0": 1924.886819601059,
    "relax_model_2_multimer_v3_pred_0": 837.692506313324,
    "process_features_model_3_multimer_v3_pred_0": 5.7220458984375e-06,
    "predict_and_compile_model_3_multimer_v3_pred_0": 907.0128605365753,
    "relax_model_3_multimer_v3_pred_0": 825.0545244216919,
    "process_features_model_4_multimer_v3_pred_0": 5.4836273193359375e-06,
    "predict_and_compile_model_4_multimer_v3_pred_0": 1862.830225944519,
    "relax_model_4_multimer_v3_pred_0": 1790.0063824653625,
    "process_features_model_5_multimer_v3_pred_0": 6.67572021484375e-06,
    "predict_and_compile_model_5_multimer_v3_pred_0": 1867.2134952545166,
    "relax_model_5_multimer_v3_pred_0": 1031.1762704849243
}