{
    "iptm+ptm": {
        "model_1_multimer_v3_pred_0": 0.8560241743224095,
        "model_2_multimer_v3_pred_0": 0.8643581984138768,
        "model_3_multimer_v3_pred_0": 0.8649925914687222,
        "model_4_multimer_v3_pred_0": 0.8748218842170383,
        "model_5_multimer_v3_pred_0": 0.8774142270570905
    },
    "order": [
        "model_5_multimer_v3_pred_0",
        "model_4_multimer_v3_pred_0",
        "model_3_multimer_v3_pred_0",
        "model_2_multimer_v3_pred_0",
        "model_1_multimer_v3_pred_0"
    ]
}