{
    "features": 184.78719449043274,
    "process_features_model_1_multimer_v3_pred_0": 3.4332275390625e-05,
    "predict_and_compile_model_1_multimer_v3_pred_0": 785.4751806259155,
    "relax_model_1_multimer_v3_pred_0": 235.40108251571655,
    "process_features_model_2_multimer_v3_pred_0": 5.7220458984375e-06,
    "predict_and_compile_model_2_multimer_v3_pred_0": 837.0806014537811,
    "relax_model_2_multimer_v3_pred_0": 251.33375787734985,
    "process_features_model_3_multimer_v3_pred_0": 2.0742416381835938e-05,
    "predict_and_compile_model_3_multimer_v3_pred_0": 711.0453231334686,
    "relax_model_3_multimer_v3_pred_0": 197.55908703804016,
    "process_features_model_4_multimer_v3_pred_0": 5.4836273193359375e-06,
    "predict_and_compile_model_4_multimer_v3_pred_0": 697.9018423557281,
    "relax_model_4_multimer_v3_pred_0": 269.3672754764557,
    "process_features_model_5_multimer_v3_pred_0": 1.9788742065429688e-05,
    "predict_and_compile_model_5_multimer_v3_pred_0": 928.920304775238,
    "relax_model_5_multimer_v3_pred_0": 355.35950088500977
}