{
    "iptm+ptm": {
        "model_1_multimer_v3_pred_0": 0.7737004386241272,
        "model_2_multimer_v3_pred_0": 0.7886496311543115,
        "model_3_multimer_v3_pred_0": 0.7990776147691312,
        "model_4_multimer_v3_pred_0": 0.8026869622495579,
        "model_5_multimer_v3_pred_0": 0.7590968261453082
    },
    "order": [
        "model_4_multimer_v3_pred_0",
        "model_3_multimer_v3_pred_0",
        "model_2_multimer_v3_pred_0",
        "model_1_multimer_v3_pred_0",
        "model_5_multimer_v3_pred_0"
    ]
}