{
    "features": 174.85291409492493,
    "process_features_model_1_multimer_v3_pred_0": 1.0013580322265625e-05,
    "predict_and_compile_model_1_multimer_v3_pred_0": 600.8873867988586,
    "relax_model_1_multimer_v3_pred_0": 216.39781522750854,
    "process_features_model_2_multimer_v3_pred_0": 4.76837158203125e-06,
    "predict_and_compile_model_2_multimer_v3_pred_0": 413.8891108036041,
    "relax_model_2_multimer_v3_pred_0": 256.99639868736267,
    "process_features_model_3_multimer_v3_pred_0": 4.5299530029296875e-06,
    "predict_and_compile_model_3_multimer_v3_pred_0": 477.3514754772186,
    "relax_model_3_multimer_v3_pred_0": 823.656968832016,
    "process_features_model_4_multimer_v3_pred_0": 4.5299530029296875e-06,
    "predict_and_compile_model_4_multimer_v3_pred_0": 462.5346109867096,
    "relax_model_4_multimer_v3_pred_0": 255.95544600486755,
    "process_features_model_5_multimer_v3_pred_0": 4.5299530029296875e-06,
    "predict_and_compile_model_5_multimer_v3_pred_0": 401.1770577430725,
    "relax_model_5_multimer_v3_pred_0": 253.69801568984985
}