{
    "iptm+ptm": {
        "model_1_multimer_v3_pred_0": 0.730982687404038,
        "model_2_multimer_v3_pred_0": 0.7296175082847897,
        "model_3_multimer_v3_pred_0": 0.804665074939608,
        "model_4_multimer_v3_pred_0": 0.7829813373261499,
        "model_5_multimer_v3_pred_0": 0.7168937720490656
    },
    "order": [
        "model_3_multimer_v3_pred_0",
        "model_4_multimer_v3_pred_0",
        "model_1_multimer_v3_pred_0",
        "model_2_multimer_v3_pred_0",
        "model_5_multimer_v3_pred_0"
    ]
}