{
    "features": 191.9319131374359,
    "process_features_model_1_multimer_v3_pred_0": 2.7894973754882812e-05,
    "predict_and_compile_model_1_multimer_v3_pred_0": 1417.7336344718933,
    "relax_model_1_multimer_v3_pred_0": 284.4859480857849,
    "process_features_model_2_multimer_v3_pred_0": 6.9141387939453125e-06,
    "predict_and_compile_model_2_multimer_v3_pred_0": 1168.989182472229,
    "relax_model_2_multimer_v3_pred_0": 698.9780428409576,
    "process_features_model_3_multimer_v3_pred_0": 4.5299530029296875e-06,
    "predict_and_compile_model_3_multimer_v3_pred_0": 1410.548936367035,
    "relax_model_3_multimer_v3_pred_0": 509.49485421180725,
    "process_features_model_4_multimer_v3_pred_0": 4.76837158203125e-06,
    "predict_and_compile_model_4_multimer_v3_pred_0": 1392.15585398674,
    "relax_model_4_multimer_v3_pred_0": 234.78096413612366,
    "process_features_model_5_multimer_v3_pred_0": 5.9604644775390625e-06,
    "predict_and_compile_model_5_multimer_v3_pred_0": 1092.3795564174652,
    "relax_model_5_multimer_v3_pred_0": 173.19313955307007
}