{
    "iptm+ptm": {
        "model_1_multimer_v3_pred_0": 0.6866860589435566,
        "model_2_multimer_v3_pred_0": 0.6853402482987919,
        "model_3_multimer_v3_pred_0": 0.6821325359522525,
        "model_4_multimer_v3_pred_0": 0.6988917550870425,
        "model_5_multimer_v3_pred_0": 0.685524192438435
    },
    "order": [
        "model_4_multimer_v3_pred_0",
        "model_1_multimer_v3_pred_0",
        "model_5_multimer_v3_pred_0",
        "model_2_multimer_v3_pred_0",
        "model_3_multimer_v3_pred_0"
    ]
}