{
    "features": 143.93753933906555,
    "process_features_model_1_multimer_v3_pred_0": 1.52587890625e-05,
    "predict_and_compile_model_1_multimer_v3_pred_0": 979.5315210819244,
    "relax_model_1_multimer_v3_pred_0": 560.4216270446777,
    "process_features_model_2_multimer_v3_pred_0": 5.245208740234375e-06,
    "predict_and_compile_model_2_multimer_v3_pred_0": 1742.7569379806519,
    "relax_model_2_multimer_v3_pred_0": 333.8036296367645,
    "process_features_model_3_multimer_v3_pred_0": 5.4836273193359375e-06,
    "predict_and_compile_model_3_multimer_v3_pred_0": 593.6580677032471,
    "relax_model_3_multimer_v3_pred_0": 638.4005687236786,
    "process_features_model_4_multimer_v3_pred_0": 5.4836273193359375e-06,
    "predict_and_compile_model_4_multimer_v3_pred_0": 1705.557561159134,
    "relax_model_4_multimer_v3_pred_0": 752.5367660522461,
    "process_features_model_5_multimer_v3_pred_0": 7.62939453125e-06,
    "predict_and_compile_model_5_multimer_v3_pred_0": 1736.0750560760498,
    "relax_model_5_multimer_v3_pred_0": 296.59755396842957
}