{
    "iptm+ptm": {
        "model_1_multimer_v3_pred_0": 0.6872408520125275,
        "model_2_multimer_v3_pred_0": 0.7111956695176953,
        "model_3_multimer_v3_pred_0": 0.6952997384410722,
        "model_4_multimer_v3_pred_0": 0.6748224681590943,
        "model_5_multimer_v3_pred_0": 0.668529240520162
    },
    "order": [
        "model_2_multimer_v3_pred_0",
        "model_3_multimer_v3_pred_0",
        "model_1_multimer_v3_pred_0",
        "model_4_multimer_v3_pred_0",
        "model_5_multimer_v3_pred_0"
    ]
}