{
    "features": 174.61452794075012,
    "process_features_model_1_multimer_v3_pred_0": 1.0728836059570312e-05,
    "predict_and_compile_model_1_multimer_v3_pred_0": 502.74569392204285,
    "relax_model_1_multimer_v3_pred_0": 213.1533658504486,
    "process_features_model_2_multimer_v3_pred_0": 5.0067901611328125e-06,
    "predict_and_compile_model_2_multimer_v3_pred_0": 562.6233179569244,
    "relax_model_2_multimer_v3_pred_0": 279.80733346939087,
    "process_features_model_3_multimer_v3_pred_0": 7.152557373046875e-06,
    "predict_and_compile_model_3_multimer_v3_pred_0": 467.20417046546936,
    "relax_model_3_multimer_v3_pred_0": 201.15732669830322,
    "process_features_model_4_multimer_v3_pred_0": 5.4836273193359375e-06,
    "predict_and_compile_model_4_multimer_v3_pred_0": 449.456538438797,
    "relax_model_4_multimer_v3_pred_0": 275.5074713230133,
    "process_features_model_5_multimer_v3_pred_0": 6.198883056640625e-06,
    "predict_and_compile_model_5_multimer_v3_pred_0": 490.7850077152252,
    "relax_model_5_multimer_v3_pred_0": 294.73977851867676
}