{
    "iptm+ptm": {
        "model_1_multimer_v3_pred_0": 0.8413048141156294,
        "model_2_multimer_v3_pred_0": 0.8444384701236494,
        "model_3_multimer_v3_pred_0": 0.8409857943140117,
        "model_4_multimer_v3_pred_0": 0.8505354391220095,
        "model_5_multimer_v3_pred_0": 0.8340104614241919
    },
    "order": [
        "model_4_multimer_v3_pred_0",
        "model_2_multimer_v3_pred_0",
        "model_1_multimer_v3_pred_0",
        "model_3_multimer_v3_pred_0",
        "model_5_multimer_v3_pred_0"
    ]
}