{
    "features": 63.319676876068115,
    "process_features_model_1_multimer_v3_pred_0": 1.0013580322265625e-05,
    "predict_and_compile_model_1_multimer_v3_pred_0": 450.02285742759705,
    "relax_model_1_multimer_v3_pred_0": 245.1822328567505,
    "process_features_model_2_multimer_v3_pred_0": 1.1920928955078125e-05,
    "predict_and_compile_model_2_multimer_v3_pred_0": 510.2326147556305,
    "relax_model_2_multimer_v3_pred_0": 172.6526336669922,
    "process_features_model_3_multimer_v3_pred_0": 1.1444091796875e-05,
    "predict_and_compile_model_3_multimer_v3_pred_0": 460.85931158065796,
    "relax_model_3_multimer_v3_pred_0": 249.61005473136902,
    "process_features_model_4_multimer_v3_pred_0": 9.298324584960938e-06,
    "predict_and_compile_model_4_multimer_v3_pred_0": 452.36141324043274,
    "relax_model_4_multimer_v3_pred_0": 186.31237053871155,
    "process_features_model_5_multimer_v3_pred_0": 1.7642974853515625e-05,
    "predict_and_compile_model_5_multimer_v3_pred_0": 482.3553659915924,
    "relax_model_5_multimer_v3_pred_0": 228.9029984474182
}