{
    "iptm+ptm": {
        "model_1_multimer_v3_pred_0": 0.3460206382510457,
        "model_2_multimer_v3_pred_0": 0.35055536515897373,
        "model_3_multimer_v3_pred_0": 0.34755964161754205,
        "model_4_multimer_v3_pred_0": 0.3734035411365923,
        "model_5_multimer_v3_pred_0": 0.3730732832804654
    },
    "order": [
        "model_4_multimer_v3_pred_0",
        "model_5_multimer_v3_pred_0",
        "model_2_multimer_v3_pred_0",
        "model_3_multimer_v3_pred_0",
        "model_1_multimer_v3_pred_0"
    ]
}