{
    "features": 110.18408703804016,
    "process_features_model_1_multimer_v3_pred_0": 1.7404556274414062e-05,
    "predict_and_compile_model_1_multimer_v3_pred_0": 376.97145915031433,
    "relax_model_1_multimer_v3_pred_0": 179.06630325317383,
    "process_features_model_2_multimer_v3_pred_0": 8.320808410644531e-05,
    "predict_and_compile_model_2_multimer_v3_pred_0": 843.8782148361206,
    "relax_model_2_multimer_v3_pred_0": 283.9361982345581,
    "process_features_model_3_multimer_v3_pred_0": 7.867813110351562e-06,
    "predict_and_compile_model_3_multimer_v3_pred_0": 1001.0316734313965,
    "relax_model_3_multimer_v3_pred_0": 658.3174974918365,
    "process_features_model_4_multimer_v3_pred_0": 8.58306884765625e-06,
    "predict_and_compile_model_4_multimer_v3_pred_0": 518.2201175689697,
    "relax_model_4_multimer_v3_pred_0": 134.19392013549805,
    "process_features_model_5_multimer_v3_pred_0": 2.1696090698242188e-05,
    "predict_and_compile_model_5_multimer_v3_pred_0": 553.2082200050354,
    "relax_model_5_multimer_v3_pred_0": 223.52027583122253
}