{
    "iptm+ptm": {
        "model_1_multimer_v3_pred_0": 0.47805568743977056,
        "model_2_multimer_v3_pred_0": 0.5242618843143507,
        "model_3_multimer_v3_pred_0": 0.5632469052861735,
        "model_4_multimer_v3_pred_0": 0.534011271258322,
        "model_5_multimer_v3_pred_0": 0.6421471935039862
    },
    "order": [
        "model_5_multimer_v3_pred_0",
        "model_3_multimer_v3_pred_0",
        "model_4_multimer_v3_pred_0",
        "model_2_multimer_v3_pred_0",
        "model_1_multimer_v3_pred_0"
    ]
}