{
    "features": 228.0403265953064,
    "process_features_model_1_multimer_v3_pred_0": 1.9073486328125e-05,
    "predict_and_compile_model_1_multimer_v3_pred_0": 446.4039807319641,
    "relax_model_1_multimer_v3_pred_0": 308.0304043292999,
    "process_features_model_2_multimer_v3_pred_0": 5.245208740234375e-06,
    "predict_and_compile_model_2_multimer_v3_pred_0": 819.7675476074219,
    "relax_model_2_multimer_v3_pred_0": 364.185498714447,
    "process_features_model_3_multimer_v3_pred_0": 5.245208740234375e-06,
    "predict_and_compile_model_3_multimer_v3_pred_0": 637.8223214149475,
    "relax_model_3_multimer_v3_pred_0": 216.80149102210999,
    "process_features_model_4_multimer_v3_pred_0": 6.9141387939453125e-06,
    "predict_and_compile_model_4_multimer_v3_pred_0": 1418.8450019359589,
    "relax_model_4_multimer_v3_pred_0": 259.02825593948364,
    "process_features_model_5_multimer_v3_pred_0": 5.245208740234375e-06,
    "predict_and_compile_model_5_multimer_v3_pred_0": 1401.2136878967285,
    "relax_model_5_multimer_v3_pred_0": 182.41206789016724
}