{
    "iptm+ptm": {
        "model_1_multimer_v3_pred_0": 0.9027139232801048,
        "model_2_multimer_v3_pred_0": 0.9118571537192182,
        "model_3_multimer_v3_pred_0": 0.896591122283335,
        "model_4_multimer_v3_pred_0": 0.8924518674668841,
        "model_5_multimer_v3_pred_0": 0.9178377876841536
    },
    "order": [
        "model_5_multimer_v3_pred_0",
        "model_2_multimer_v3_pred_0",
        "model_1_multimer_v3_pred_0",
        "model_3_multimer_v3_pred_0",
        "model_4_multimer_v3_pred_0"
    ]
}