{
    "features": 132.30878353118896,
    "process_features_model_1_multimer_v3_pred_0": 3.4809112548828125e-05,
    "predict_and_compile_model_1_multimer_v3_pred_0": 1219.994030714035,
    "relax_model_1_multimer_v3_pred_0": 211.85215950012207,
    "process_features_model_2_multimer_v3_pred_0": 5.7220458984375e-06,
    "predict_and_compile_model_2_multimer_v3_pred_0": 437.79019570350647,
    "relax_model_2_multimer_v3_pred_0": 524.3860492706299,
    "process_features_model_3_multimer_v3_pred_0": 5.245208740234375e-06,
    "predict_and_compile_model_3_multimer_v3_pred_0": 797.099080324173,
    "relax_model_3_multimer_v3_pred_0": 176.59375762939453,
    "process_features_model_4_multimer_v3_pred_0": 6.198883056640625e-06,
    "predict_and_compile_model_4_multimer_v3_pred_0": 613.2965588569641,
    "relax_model_4_multimer_v3_pred_0": 275.9626245498657,
    "process_features_model_5_multimer_v3_pred_0": 4.76837158203125e-06,
    "predict_and_compile_model_5_multimer_v3_pred_0": 1374.3234827518463,
    "relax_model_5_multimer_v3_pred_0": 256.7487678527832
}