{
    "iptm+ptm": {
        "model_1_multimer_v3_pred_0": 0.820020712691552,
        "model_2_multimer_v3_pred_0": 0.8005624208034775,
        "model_3_multimer_v3_pred_0": 0.7645684359287164,
        "model_4_multimer_v3_pred_0": 0.7684099464019425,
        "model_5_multimer_v3_pred_0": 0.8182268882527051
    },
    "order": [
        "model_1_multimer_v3_pred_0",
        "model_5_multimer_v3_pred_0",
        "model_2_multimer_v3_pred_0",
        "model_4_multimer_v3_pred_0",
        "model_3_multimer_v3_pred_0"
    ]
}