{
    "features": 256.68690967559814,
    "process_features_model_1_multimer_v3_pred_0": 2.2411346435546875e-05,
    "predict_and_compile_model_1_multimer_v3_pred_0": 964.3137006759644,
    "relax_model_1_multimer_v3_pred_0": 407.86791491508484,
    "process_features_model_2_multimer_v3_pred_0": 8.106231689453125e-06,
    "predict_and_compile_model_2_multimer_v3_pred_0": 569.3439326286316,
    "relax_model_2_multimer_v3_pred_0": 260.1340229511261,
    "process_features_model_3_multimer_v3_pred_0": 5.0067901611328125e-06,
    "predict_and_compile_model_3_multimer_v3_pred_0": 780.3699998855591,
    "relax_model_3_multimer_v3_pred_0": 289.9571704864502,
    "process_features_model_4_multimer_v3_pred_0": 5.245208740234375e-06,
    "predict_and_compile_model_4_multimer_v3_pred_0": 608.4743287563324,
    "relax_model_4_multimer_v3_pred_0": 290.82886385917664,
    "process_features_model_5_multimer_v3_pred_0": 6.4373016357421875e-06,
    "predict_and_compile_model_5_multimer_v3_pred_0": 700.091897726059,
    "relax_model_5_multimer_v3_pred_0": 322.47517228126526
}