{
    "iptm+ptm": {
        "model_1_multimer_v3_pred_0": 0.8089326475414125,
        "model_2_multimer_v3_pred_0": 0.8308245924267241,
        "model_3_multimer_v3_pred_0": 0.8593474516244273,
        "model_4_multimer_v3_pred_0": 0.8290981554109518,
        "model_5_multimer_v3_pred_0": 0.8483828637730779
    },
    "order": [
        "model_3_multimer_v3_pred_0",
        "model_5_multimer_v3_pred_0",
        "model_2_multimer_v3_pred_0",
        "model_4_multimer_v3_pred_0",
        "model_1_multimer_v3_pred_0"
    ]
}