{
    "features": 290.2883598804474,
    "process_features_model_1_multimer_v3_pred_0": 1.0013580322265625e-05,
    "predict_and_compile_model_1_multimer_v3_pred_0": 1605.224197626114,
    "relax_model_1_multimer_v3_pred_0": 206.3897349834442,
    "process_features_model_2_multimer_v3_pred_0": 2.3603439331054688e-05,
    "predict_and_compile_model_2_multimer_v3_pred_0": 771.95299077034,
    "relax_model_2_multimer_v3_pred_0": 294.72659635543823,
    "process_features_model_3_multimer_v3_pred_0": 7.3909759521484375e-06,
    "predict_and_compile_model_3_multimer_v3_pred_0": 1100.9411191940308,
    "relax_model_3_multimer_v3_pred_0": 667.9754486083984,
    "process_features_model_4_multimer_v3_pred_0": 5.7220458984375e-06,
    "predict_and_compile_model_4_multimer_v3_pred_0": 603.1674249172211,
    "relax_model_4_multimer_v3_pred_0": 706.3903276920319,
    "process_features_model_5_multimer_v3_pred_0": 7.3909759521484375e-06,
    "predict_and_compile_model_5_multimer_v3_pred_0": 941.0604462623596,
    "relax_model_5_multimer_v3_pred_0": 645.4376015663147
}