{
    "iptm+ptm": {
        "model_1_multimer_v3_pred_0": 0.4263088115134648,
        "model_2_multimer_v3_pred_0": 0.4905454574963154,
        "model_3_multimer_v3_pred_0": 0.4070511530468238,
        "model_4_multimer_v3_pred_0": 0.46312633821810206,
        "model_5_multimer_v3_pred_0": 0.40544364548160916
    },
    "order": [
        "model_2_multimer_v3_pred_0",
        "model_4_multimer_v3_pred_0",
        "model_1_multimer_v3_pred_0",
        "model_3_multimer_v3_pred_0",
        "model_5_multimer_v3_pred_0"
    ]
}