{
    "features": 246.4692018032074,
    "process_features_model_1_multimer_v3_pred_0": 1.1920928955078125e-05,
    "predict_and_compile_model_1_multimer_v3_pred_0": 800.0387737751007,
    "relax_model_1_multimer_v3_pred_0": 350.6559998989105,
    "process_features_model_2_multimer_v3_pred_0": 8.821487426757812e-06,
    "predict_and_compile_model_2_multimer_v3_pred_0": 559.482114315033,
    "relax_model_2_multimer_v3_pred_0": 168.8967137336731,
    "process_features_model_3_multimer_v3_pred_0": 5.0067901611328125e-06,
    "predict_and_compile_model_3_multimer_v3_pred_0": 923.8868343830109,
    "relax_model_3_multimer_v3_pred_0": 530.2781388759613,
    "process_features_model_4_multimer_v3_pred_0": 5.0067901611328125e-06,
    "predict_and_compile_model_4_multimer_v3_pred_0": 865.2099027633667,
    "relax_model_4_multimer_v3_pred_0": 736.5919902324677,
    "process_features_model_5_multimer_v3_pred_0": 5.4836273193359375e-06,
    "predict_and_compile_model_5_multimer_v3_pred_0": 1397.4700045585632,
    "relax_model_5_multimer_v3_pred_0": 625.4028084278107
}