{
    "iptm+ptm": {
        "model_1_multimer_v3_pred_0": 0.6195067423257871,
        "model_2_multimer_v3_pred_0": 0.7127260428288559,
        "model_3_multimer_v3_pred_0": 0.7506182242488127,
        "model_4_multimer_v3_pred_0": 0.6959852138107878,
        "model_5_multimer_v3_pred_0": 0.7465934727300813
    },
    "order": [
        "model_3_multimer_v3_pred_0",
        "model_5_multimer_v3_pred_0",
        "model_2_multimer_v3_pred_0",
        "model_4_multimer_v3_pred_0",
        "model_1_multimer_v3_pred_0"
    ]
}