{
    "features": 181.1250274181366,
    "process_features_model_1_multimer_v3_pred_0": 1.4066696166992188e-05,
    "predict_and_compile_model_1_multimer_v3_pred_0": 1178.062165737152,
    "relax_model_1_multimer_v3_pred_0": 516.4367547035217,
    "process_features_model_2_multimer_v3_pred_0": 5.4836273193359375e-06,
    "predict_and_compile_model_2_multimer_v3_pred_0": 1745.4047486782074,
    "relax_model_2_multimer_v3_pred_0": 664.8580837249756,
    "process_features_model_3_multimer_v3_pred_0": 5.245208740234375e-06,
    "predict_and_compile_model_3_multimer_v3_pred_0": 1665.7623233795166,
    "relax_model_3_multimer_v3_pred_0": 563.0216298103333,
    "process_features_model_4_multimer_v3_pred_0": 4.291534423828125e-06,
    "predict_and_compile_model_4_multimer_v3_pred_0": 1688.6210627555847,
    "relax_model_4_multimer_v3_pred_0": 477.06871819496155,
    "process_features_model_5_multimer_v3_pred_0": 4.0531158447265625e-06,
    "predict_and_compile_model_5_multimer_v3_pred_0": 1238.9749386310577,
    "relax_model_5_multimer_v3_pred_0": 266.77951073646545
}