{
    "iptm+ptm": {
        "model_1_multimer_v3_pred_0": 0.6821883972405016,
        "model_2_multimer_v3_pred_0": 0.7140127392100877,
        "model_3_multimer_v3_pred_0": 0.6760849219084263,
        "model_4_multimer_v3_pred_0": 0.641176714341245,
        "model_5_multimer_v3_pred_0": 0.674673146077162
    },
    "order": [
        "model_2_multimer_v3_pred_0",
        "model_1_multimer_v3_pred_0",
        "model_3_multimer_v3_pred_0",
        "model_5_multimer_v3_pred_0",
        "model_4_multimer_v3_pred_0"
    ]
}