{
    "features": 344.981187582016,
    "process_features_model_1_multimer_v3_pred_0": 1.0251998901367188e-05,
    "predict_and_compile_model_1_multimer_v3_pred_0": 739.7674984931946,
    "process_features_model_2_multimer_v3_pred_0": 2.002716064453125e-05,
    "predict_and_compile_model_2_multimer_v3_pred_0": 1057.5736105442047,
    "process_features_model_3_multimer_v3_pred_0": 1.8596649169921875e-05,
    "predict_and_compile_model_3_multimer_v3_pred_0": 1203.2973866462708,
    "process_features_model_4_multimer_v3_pred_0": 2.2411346435546875e-05,
    "predict_and_compile_model_4_multimer_v3_pred_0": 1702.3446400165558,
    "process_features_model_5_multimer_v3_pred_0": 1.9311904907226562e-05,
    "predict_and_compile_model_5_multimer_v3_pred_0": 1706.286966085434
}