{
    "iptm+ptm": {
        "model_1_multimer_v3_pred_0": 0.4531831317410513,
        "model_2_multimer_v3_pred_0": 0.33307409931946563,
        "model_3_multimer_v3_pred_0": 0.3484325477257025,
        "model_4_multimer_v3_pred_0": 0.33992409008546476,
        "model_5_multimer_v3_pred_0": 0.2939895286607275
    },
    "order": [
        "model_1_multimer_v3_pred_0",
        "model_3_multimer_v3_pred_0",
        "model_4_multimer_v3_pred_0",
        "model_2_multimer_v3_pred_0",
        "model_5_multimer_v3_pred_0"
    ]
}