{
    "features": 68.58331298828125,
    "process_features_model_1_multimer_v3_pred_0": 3.0279159545898438e-05,
    "predict_and_compile_model_1_multimer_v3_pred_0": 461.11761021614075,
    "relax_model_1_multimer_v3_pred_0": 347.6688401699066,
    "process_features_model_2_multimer_v3_pred_0": 6.198883056640625e-06,
    "predict_and_compile_model_2_multimer_v3_pred_0": 410.6642382144928,
    "relax_model_2_multimer_v3_pred_0": 835.1600794792175,
    "process_features_model_3_multimer_v3_pred_0": 4.124641418457031e-05,
    "predict_and_compile_model_3_multimer_v3_pred_0": 546.3422381877899,
    "relax_model_3_multimer_v3_pred_0": 230.2908251285553,
    "process_features_model_4_multimer_v3_pred_0": 5.4836273193359375e-06,
    "predict_and_compile_model_4_multimer_v3_pred_0": 504.5317335128784,
    "relax_model_4_multimer_v3_pred_0": 686.6995539665222,
    "process_features_model_5_multimer_v3_pred_0": 5.0067901611328125e-06,
    "predict_and_compile_model_5_multimer_v3_pred_0": 467.7182788848877,
    "relax_model_5_multimer_v3_pred_0": 224.43585896492004
}