{
    "iptm+ptm": {
        "model_1_multimer_v3_pred_0": 0.5307066595810237,
        "model_2_multimer_v3_pred_0": 0.5525372161506975,
        "model_3_multimer_v3_pred_0": 0.5341511779085306,
        "model_4_multimer_v3_pred_0": 0.5042096773877699,
        "model_5_multimer_v3_pred_0": 0.5077511390313103
    },
    "order": [
        "model_2_multimer_v3_pred_0",
        "model_3_multimer_v3_pred_0",
        "model_1_multimer_v3_pred_0",
        "model_5_multimer_v3_pred_0",
        "model_4_multimer_v3_pred_0"
    ]
}