{
    "features": 294.26331520080566,
    "process_features_model_1_multimer_v3_pred_0": 1.430511474609375e-05,
    "predict_and_compile_model_1_multimer_v3_pred_0": 2166.593213558197,
    "relax_model_1_multimer_v3_pred_0": 1301.1988756656647,
    "process_features_model_2_multimer_v3_pred_0": 1.049041748046875e-05,
    "predict_and_compile_model_2_multimer_v3_pred_0": 2155.587958097458,
    "relax_model_2_multimer_v3_pred_0": 1512.3334941864014,
    "process_features_model_3_multimer_v3_pred_0": 1.7881393432617188e-05,
    "predict_and_compile_model_3_multimer_v3_pred_0": 2186.7946906089783,
    "relax_model_3_multimer_v3_pred_0": 1501.5780413150787,
    "process_features_model_4_multimer_v3_pred_0": 1.2159347534179688e-05,
    "predict_and_compile_model_4_multimer_v3_pred_0": 2125.017729997635,
    "relax_model_4_multimer_v3_pred_0": 1203.919742822647,
    "process_features_model_5_multimer_v3_pred_0": 4.124641418457031e-05,
    "predict_and_compile_model_5_multimer_v3_pred_0": 2126.657220840454,
    "relax_model_5_multimer_v3_pred_0": 882.5172774791718
}