{
    "iptm+ptm": {
        "model_1_multimer_v3_pred_0": 0.8142313421045999,
        "model_2_multimer_v3_pred_0": 0.6249915497611963,
        "model_3_multimer_v3_pred_0": 0.8097528391665972,
        "model_4_multimer_v3_pred_0": 0.822535055909277,
        "model_5_multimer_v3_pred_0": 0.838604760642866
    },
    "order": [
        "model_5_multimer_v3_pred_0",
        "model_4_multimer_v3_pred_0",
        "model_1_multimer_v3_pred_0",
        "model_3_multimer_v3_pred_0",
        "model_2_multimer_v3_pred_0"
    ]
}