{
    "features": 260.38312578201294,
    "process_features_model_1_multimer_v3_pred_0": 1.2159347534179688e-05,
    "predict_and_compile_model_1_multimer_v3_pred_0": 397.0267491340637,
    "relax_model_1_multimer_v3_pred_0": 168.36081171035767,
    "process_features_model_2_multimer_v3_pred_0": 2.765655517578125e-05,
    "predict_and_compile_model_2_multimer_v3_pred_0": 442.34465193748474,
    "relax_model_2_multimer_v3_pred_0": 212.01723313331604,
    "process_features_model_3_multimer_v3_pred_0": 3.2901763916015625e-05,
    "predict_and_compile_model_3_multimer_v3_pred_0": 370.35592555999756,
    "relax_model_3_multimer_v3_pred_0": 182.12809419631958,
    "process_features_model_4_multimer_v3_pred_0": 6.4373016357421875e-06,
    "predict_and_compile_model_4_multimer_v3_pred_0": 409.8493025302887,
    "relax_model_4_multimer_v3_pred_0": 262.19151544570923,
    "process_features_model_5_multimer_v3_pred_0": 7.152557373046875e-06,
    "predict_and_compile_model_5_multimer_v3_pred_0": 347.75588035583496,
    "relax_model_5_multimer_v3_pred_0": 174.8581132888794
}