{
    "iptm+ptm": {
        "model_1_multimer_v3_pred_0": 0.8560670485532609,
        "model_2_multimer_v3_pred_0": 0.8666597283923292,
        "model_3_multimer_v3_pred_0": 0.8582921963421678,
        "model_4_multimer_v3_pred_0": 0.8538557460798114,
        "model_5_multimer_v3_pred_0": 0.8598253764310669
    },
    "order": [
        "model_2_multimer_v3_pred_0",
        "model_5_multimer_v3_pred_0",
        "model_3_multimer_v3_pred_0",
        "model_1_multimer_v3_pred_0",
        "model_4_multimer_v3_pred_0"
    ]
}