{
    "features": 397.247038602829,
    "process_features_model_1_multimer_v3_pred_0": 1.1920928955078125e-05,
    "predict_and_compile_model_1_multimer_v3_pred_0": 613.579259634018,
    "relax_model_1_multimer_v3_pred_0": 258.3044753074646,
    "process_features_model_2_multimer_v3_pred_0": 1.0967254638671875e-05,
    "predict_and_compile_model_2_multimer_v3_pred_0": 538.4010994434357,
    "relax_model_2_multimer_v3_pred_0": 339.5399856567383,
    "process_features_model_3_multimer_v3_pred_0": 9.775161743164062e-06,
    "predict_and_compile_model_3_multimer_v3_pred_0": 718.1918640136719,
    "relax_model_3_multimer_v3_pred_0": 324.47169733047485,
    "process_features_model_4_multimer_v3_pred_0": 1.1682510375976562e-05,
    "predict_and_compile_model_4_multimer_v3_pred_0": 745.5797336101532,
    "relax_model_4_multimer_v3_pred_0": 353.3494634628296,
    "process_features_model_5_multimer_v3_pred_0": 1.049041748046875e-05,
    "predict_and_compile_model_5_multimer_v3_pred_0": 1084.858757019043,
    "relax_model_5_multimer_v3_pred_0": 193.3688247203827
}