{
    "iptm+ptm": {
        "model_1_multimer_v3_pred_0": 0.6867237030573137,
        "model_2_multimer_v3_pred_0": 0.8278152878882682,
        "model_3_multimer_v3_pred_0": 0.8485227491134911,
        "model_4_multimer_v3_pred_0": 0.8183511398206802,
        "model_5_multimer_v3_pred_0": 0.8504865415647106
    },
    "order": [
        "model_5_multimer_v3_pred_0",
        "model_3_multimer_v3_pred_0",
        "model_2_multimer_v3_pred_0",
        "model_4_multimer_v3_pred_0",
        "model_1_multimer_v3_pred_0"
    ]
}