{
    "features": 166.85813188552856,
    "process_features_model_1_multimer_v3_pred_0": 2.4557113647460938e-05,
    "predict_and_compile_model_1_multimer_v3_pred_0": 507.7309546470642,
    "relax_model_1_multimer_v3_pred_0": 365.2852976322174,
    "process_features_model_2_multimer_v3_pred_0": 5.245208740234375e-06,
    "predict_and_compile_model_2_multimer_v3_pred_0": 873.6245172023773,
    "relax_model_2_multimer_v3_pred_0": 289.2738742828369,
    "process_features_model_3_multimer_v3_pred_0": 7.3909759521484375e-06,
    "predict_and_compile_model_3_multimer_v3_pred_0": 1255.4029688835144,
    "relax_model_3_multimer_v3_pred_0": 289.7028818130493,
    "process_features_model_4_multimer_v3_pred_0": 1.0013580322265625e-05,
    "predict_and_compile_model_4_multimer_v3_pred_0": 934.4244928359985,
    "relax_model_4_multimer_v3_pred_0": 236.173730134964,
    "process_features_model_5_multimer_v3_pred_0": 5.9604644775390625e-06,
    "predict_and_compile_model_5_multimer_v3_pred_0": 743.8947060108185,
    "relax_model_5_multimer_v3_pred_0": 216.44108128547668
}