{
    "iptm+ptm": {
        "model_1_multimer_v3_pred_0": 0.6418042418499965,
        "model_2_multimer_v3_pred_0": 0.6548732101346486,
        "model_3_multimer_v3_pred_0": 0.6194305724069242,
        "model_4_multimer_v3_pred_0": 0.44274255289603026,
        "model_5_multimer_v3_pred_0": 0.4415898008067862
    },
    "order": [
        "model_2_multimer_v3_pred_0",
        "model_1_multimer_v3_pred_0",
        "model_3_multimer_v3_pred_0",
        "model_4_multimer_v3_pred_0",
        "model_5_multimer_v3_pred_0"
    ]
}