{
    "features": 5358.687449932098,
    "process_features_model_1_multimer_v3_pred_0": 1.9311904907226562e-05,
    "predict_and_compile_model_1_multimer_v3_pred_0": 1554.1733975410461,
    "relax_model_1_multimer_v3_pred_0": 684.9520745277405,
    "process_features_model_2_multimer_v3_pred_0": 5.245208740234375e-06,
    "predict_and_compile_model_2_multimer_v3_pred_0": 1156.2832670211792,
    "relax_model_2_multimer_v3_pred_0": 415.03462862968445,
    "process_features_model_3_multimer_v3_pred_0": 5.0067901611328125e-06,
    "predict_and_compile_model_3_multimer_v3_pred_0": 887.8193788528442,
    "relax_model_3_multimer_v3_pred_0": 1106.0436220169067,
    "process_features_model_4_multimer_v3_pred_0": 2.2649765014648438e-05,
    "predict_and_compile_model_4_multimer_v3_pred_0": 941.2133600711823,
    "relax_model_4_multimer_v3_pred_0": 745.8877408504486,
    "process_features_model_5_multimer_v3_pred_0": 5.245208740234375e-06,
    "predict_and_compile_model_5_multimer_v3_pred_0": 1542.5432710647583,
    "relax_model_5_multimer_v3_pred_0": 938.6934950351715
}