{
    "iptm+ptm": {
        "model_1_multimer_v3_pred_0": 0.7579847452492054,
        "model_2_multimer_v3_pred_0": 0.7421716393077029,
        "model_3_multimer_v3_pred_0": 0.8062259474322893,
        "model_4_multimer_v3_pred_0": 0.7862668289517635,
        "model_5_multimer_v3_pred_0": 0.7896552248017594
    },
    "order": [
        "model_3_multimer_v3_pred_0",
        "model_5_multimer_v3_pred_0",
        "model_4_multimer_v3_pred_0",
        "model_1_multimer_v3_pred_0",
        "model_2_multimer_v3_pred_0"
    ]
}