{
    "features": 191.62457728385925,
    "process_features_model_1_multimer_v3_pred_0": 1.5497207641601562e-05,
    "predict_and_compile_model_1_multimer_v3_pred_0": 492.8548936843872,
    "relax_model_1_multimer_v3_pred_0": 286.25646138191223,
    "process_features_model_2_multimer_v3_pred_0": 5.4836273193359375e-06,
    "predict_and_compile_model_2_multimer_v3_pred_0": 490.49083828926086,
    "relax_model_2_multimer_v3_pred_0": 227.847838640213,
    "process_features_model_3_multimer_v3_pred_0": 5.4836273193359375e-06,
    "predict_and_compile_model_3_multimer_v3_pred_0": 555.291098356247,
    "relax_model_3_multimer_v3_pred_0": 320.7579872608185,
    "process_features_model_4_multimer_v3_pred_0": 4.76837158203125e-06,
    "predict_and_compile_model_4_multimer_v3_pred_0": 481.6690630912781,
    "relax_model_4_multimer_v3_pred_0": 281.1897015571594,
    "process_features_model_5_multimer_v3_pred_0": 5.9604644775390625e-06,
    "predict_and_compile_model_5_multimer_v3_pred_0": 412.52348709106445,
    "relax_model_5_multimer_v3_pred_0": 341.4001462459564
}