{
    "iptm+ptm": {
        "model_1_multimer_v3_pred_0": 0.8838433858525789,
        "model_2_multimer_v3_pred_0": 0.8684797953752269,
        "model_3_multimer_v3_pred_0": 0.8675098809848519,
        "model_4_multimer_v3_pred_0": 0.8725285578650852,
        "model_5_multimer_v3_pred_0": 0.8574714455643302
    },
    "order": [
        "model_1_multimer_v3_pred_0",
        "model_4_multimer_v3_pred_0",
        "model_2_multimer_v3_pred_0",
        "model_3_multimer_v3_pred_0",
        "model_5_multimer_v3_pred_0"
    ]
}