{
    "features": 223.93586540222168,
    "process_features_model_1_multimer_v3_pred_0": 3.1948089599609375e-05,
    "predict_and_compile_model_1_multimer_v3_pred_0": 1698.4572792053223,
    "relax_model_1_multimer_v3_pred_0": 551.2351543903351,
    "process_features_model_2_multimer_v3_pred_0": 8.58306884765625e-06,
    "predict_and_compile_model_2_multimer_v3_pred_0": 1311.0597279071808,
    "relax_model_2_multimer_v3_pred_0": 707.7292642593384,
    "process_features_model_3_multimer_v3_pred_0": 8.58306884765625e-06,
    "predict_and_compile_model_3_multimer_v3_pred_0": 1696.6647689342499,
    "relax_model_3_multimer_v3_pred_0": 941.6553559303284,
    "process_features_model_4_multimer_v3_pred_0": 1.0728836059570312e-05,
    "predict_and_compile_model_4_multimer_v3_pred_0": 1691.9348862171173,
    "relax_model_4_multimer_v3_pred_0": 519.97136926651,
    "process_features_model_5_multimer_v3_pred_0": 9.059906005859375e-06,
    "predict_and_compile_model_5_multimer_v3_pred_0": 1663.8331878185272,
    "relax_model_5_multimer_v3_pred_0": 295.50861978530884
}