{
    "iptm+ptm": {
        "model_1_multimer_v3_pred_0": 0.8845061148040341,
        "model_2_multimer_v3_pred_0": 0.8947720327356347,
        "model_3_multimer_v3_pred_0": 0.8719804928617013,
        "model_4_multimer_v3_pred_0": 0.8834720224605721,
        "model_5_multimer_v3_pred_0": 0.8835313056680705
    },
    "order": [
        "model_2_multimer_v3_pred_0",
        "model_1_multimer_v3_pred_0",
        "model_5_multimer_v3_pred_0",
        "model_4_multimer_v3_pred_0",
        "model_3_multimer_v3_pred_0"
    ]
}