{
    "features": 198.42333245277405,
    "process_features_model_1_multimer_v3_pred_0": 3.552436828613281e-05,
    "predict_and_compile_model_1_multimer_v3_pred_0": 1032.22745013237,
    "relax_model_1_multimer_v3_pred_0": 423.6421957015991,
    "process_features_model_2_multimer_v3_pred_0": 1.33514404296875e-05,
    "predict_and_compile_model_2_multimer_v3_pred_0": 1300.4970967769623,
    "relax_model_2_multimer_v3_pred_0": 672.6943426132202,
    "process_features_model_3_multimer_v3_pred_0": 3.1948089599609375e-05,
    "predict_and_compile_model_3_multimer_v3_pred_0": 553.6103355884552,
    "relax_model_3_multimer_v3_pred_0": 502.58560705184937,
    "process_features_model_4_multimer_v3_pred_0": 6.198883056640625e-06,
    "predict_and_compile_model_4_multimer_v3_pred_0": 650.6328840255737,
    "relax_model_4_multimer_v3_pred_0": 453.0000011920929,
    "process_features_model_5_multimer_v3_pred_0": 6.4373016357421875e-06,
    "predict_and_compile_model_5_multimer_v3_pred_0": 1466.3220553398132,
    "relax_model_5_multimer_v3_pred_0": 645.4240860939026
}