{
    "iptm+ptm": {
        "model_1_multimer_v3_pred_0": 0.7725530951873935,
        "model_2_multimer_v3_pred_0": 0.7587916460100721,
        "model_3_multimer_v3_pred_0": 0.7419457116494664,
        "model_4_multimer_v3_pred_0": 0.7353774758444551,
        "model_5_multimer_v3_pred_0": 0.7486096187471082
    },
    "order": [
        "model_1_multimer_v3_pred_0",
        "model_2_multimer_v3_pred_0",
        "model_5_multimer_v3_pred_0",
        "model_3_multimer_v3_pred_0",
        "model_4_multimer_v3_pred_0"
    ]
}