{
    "features": 267.6857125759125,
    "process_features_model_1_multimer_v3_pred_0": 9.775161743164062e-06,
    "predict_and_compile_model_1_multimer_v3_pred_0": 1085.0931904315948,
    "process_features_model_2_multimer_v3_pred_0": 9.608268737792969e-05,
    "predict_and_compile_model_2_multimer_v3_pred_0": 679.8308622837067,
    "process_features_model_3_multimer_v3_pred_0": 1.0013580322265625e-05,
    "predict_and_compile_model_3_multimer_v3_pred_0": 748.0420694351196,
    "process_features_model_4_multimer_v3_pred_0": 1.811981201171875e-05,
    "predict_and_compile_model_4_multimer_v3_pred_0": 1518.0585162639618,
    "process_features_model_5_multimer_v3_pred_0": 2.2172927856445312e-05,
    "predict_and_compile_model_5_multimer_v3_pred_0": 1501.7134926319122
}