{
    "iptm+ptm": {
        "model_1_multimer_v3_pred_0": 0.7289953308733464,
        "model_2_multimer_v3_pred_0": 0.7081398233939549,
        "model_3_multimer_v3_pred_0": 0.6995912147320981,
        "model_4_multimer_v3_pred_0": 0.8028693755556726,
        "model_5_multimer_v3_pred_0": 0.7219690512206872
    },
    "order": [
        "model_4_multimer_v3_pred_0",
        "model_1_multimer_v3_pred_0",
        "model_5_multimer_v3_pred_0",
        "model_2_multimer_v3_pred_0",
        "model_3_multimer_v3_pred_0"
    ]
}