{
    "features": 170.2007896900177,
    "process_features_model_1_multimer_v3_pred_0": 4.029273986816406e-05,
    "predict_and_compile_model_1_multimer_v3_pred_0": 568.6576399803162,
    "relax_model_1_multimer_v3_pred_0": 201.55232119560242,
    "process_features_model_2_multimer_v3_pred_0": 8.58306884765625e-06,
    "predict_and_compile_model_2_multimer_v3_pred_0": 687.8345823287964,
    "relax_model_2_multimer_v3_pred_0": 264.05577087402344,
    "process_features_model_3_multimer_v3_pred_0": 1.0251998901367188e-05,
    "predict_and_compile_model_3_multimer_v3_pred_0": 764.112847328186,
    "relax_model_3_multimer_v3_pred_0": 332.5400469303131,
    "process_features_model_4_multimer_v3_pred_0": 8.344650268554688e-06,
    "predict_and_compile_model_4_multimer_v3_pred_0": 684.1364796161652,
    "relax_model_4_multimer_v3_pred_0": 290.5002679824829,
    "process_features_model_5_multimer_v3_pred_0": 9.775161743164062e-06,
    "predict_and_compile_model_5_multimer_v3_pred_0": 1407.2478477954865,
    "relax_model_5_multimer_v3_pred_0": 409.5758578777313
}