{
    "iptm+ptm": {
        "model_1_multimer_v3_pred_0": 0.6128933777451469,
        "model_2_multimer_v3_pred_0": 0.8469067328861485,
        "model_3_multimer_v3_pred_0": 0.8339378751471809,
        "model_4_multimer_v3_pred_0": 0.5258740944609916,
        "model_5_multimer_v3_pred_0": 0.6470729839594443
    },
    "order": [
        "model_2_multimer_v3_pred_0",
        "model_3_multimer_v3_pred_0",
        "model_5_multimer_v3_pred_0",
        "model_1_multimer_v3_pred_0",
        "model_4_multimer_v3_pred_0"
    ]
}