{
    "features": 184.3910698890686,
    "process_features_model_1_multimer_v3_pred_0": 3.4809112548828125e-05,
    "predict_and_compile_model_1_multimer_v3_pred_0": 355.60582733154297,
    "relax_model_1_multimer_v3_pred_0": 537.1825273036957,
    "process_features_model_2_multimer_v3_pred_0": 5.245208740234375e-06,
    "predict_and_compile_model_2_multimer_v3_pred_0": 394.55493664741516,
    "relax_model_2_multimer_v3_pred_0": 148.5697464942932,
    "process_features_model_3_multimer_v3_pred_0": 4.76837158203125e-06,
    "predict_and_compile_model_3_multimer_v3_pred_0": 392.27952766418457,
    "relax_model_3_multimer_v3_pred_0": 240.57106590270996,
    "process_features_model_4_multimer_v3_pred_0": 7.3909759521484375e-06,
    "predict_and_compile_model_4_multimer_v3_pred_0": 408.6143047809601,
    "relax_model_4_multimer_v3_pred_0": 177.9896879196167,
    "process_features_model_5_multimer_v3_pred_0": 1.2636184692382812e-05,
    "predict_and_compile_model_5_multimer_v3_pred_0": 356.2665808200836,
    "relax_model_5_multimer_v3_pred_0": 177.765305519104
}