{
    "iptm+ptm": {
        "model_1_multimer_v3_pred_0": 0.6832781827654513,
        "model_2_multimer_v3_pred_0": 0.6849146038214249,
        "model_3_multimer_v3_pred_0": 0.6974019367077724,
        "model_4_multimer_v3_pred_0": 0.8065436763258823,
        "model_5_multimer_v3_pred_0": 0.7020900797936427
    },
    "order": [
        "model_4_multimer_v3_pred_0",
        "model_5_multimer_v3_pred_0",
        "model_3_multimer_v3_pred_0",
        "model_2_multimer_v3_pred_0",
        "model_1_multimer_v3_pred_0"
    ]
}