{
    "features": 115.28776526451111,
    "process_features_model_1_multimer_v3_pred_0": 2.47955322265625e-05,
    "predict_and_compile_model_1_multimer_v3_pred_0": 143.91294312477112,
    "relax_model_1_multimer_v3_pred_0": 188.44858813285828,
    "process_features_model_2_multimer_v3_pred_0": 1.049041748046875e-05,
    "predict_and_compile_model_2_multimer_v3_pred_0": 129.8972306251526,
    "relax_model_2_multimer_v3_pred_0": 850.5317590236664,
    "process_features_model_3_multimer_v3_pred_0": 9.298324584960938e-06,
    "predict_and_compile_model_3_multimer_v3_pred_0": 133.83532452583313,
    "relax_model_3_multimer_v3_pred_0": 397.3658170700073,
    "process_features_model_4_multimer_v3_pred_0": 1.1920928955078125e-05,
    "predict_and_compile_model_4_multimer_v3_pred_0": 143.7976951599121,
    "relax_model_4_multimer_v3_pred_0": 306.41659355163574,
    "process_features_model_5_multimer_v3_pred_0": 1.0013580322265625e-05,
    "predict_and_compile_model_5_multimer_v3_pred_0": 217.15237998962402,
    "relax_model_5_multimer_v3_pred_0": 289.9968333244324
}