{
    "iptm+ptm": {
        "model_1_multimer_v3_pred_0": 0.7416557005381079,
        "model_2_multimer_v3_pred_0": 0.7203545475630084,
        "model_3_multimer_v3_pred_0": 0.7296397829630632,
        "model_4_multimer_v3_pred_0": 0.7212092661424607,
        "model_5_multimer_v3_pred_0": 0.7142773514592521
    },
    "order": [
        "model_1_multimer_v3_pred_0",
        "model_3_multimer_v3_pred_0",
        "model_4_multimer_v3_pred_0",
        "model_2_multimer_v3_pred_0",
        "model_5_multimer_v3_pred_0"
    ]
}