{
    "features": 214.9006006717682,
    "process_features_model_1_multimer_v3_pred_0": 9.298324584960938e-06,
    "predict_and_compile_model_1_multimer_v3_pred_0": 1608.2099843025208,
    "relax_model_1_multimer_v3_pred_0": 292.20384788513184,
    "process_features_model_2_multimer_v3_pred_0": 5.0067901611328125e-06,
    "predict_and_compile_model_2_multimer_v3_pred_0": 1622.7193338871002,
    "relax_model_2_multimer_v3_pred_0": 458.25894951820374,
    "process_features_model_3_multimer_v3_pred_0": 4.291534423828125e-06,
    "predict_and_compile_model_3_multimer_v3_pred_0": 714.3235504627228,
    "relax_model_3_multimer_v3_pred_0": 798.7147355079651,
    "process_features_model_4_multimer_v3_pred_0": 4.5299530029296875e-06,
    "predict_and_compile_model_4_multimer_v3_pred_0": 1592.9263806343079,
    "relax_model_4_multimer_v3_pred_0": 751.923859834671,
    "process_features_model_5_multimer_v3_pred_0": 4.76837158203125e-06,
    "predict_and_compile_model_5_multimer_v3_pred_0": 632.600414276123,
    "relax_model_5_multimer_v3_pred_0": 651.2987802028656
}