{
    "iptm+ptm": {
        "model_1_multimer_v3_pred_0": 0.7441622795932404,
        "model_2_multimer_v3_pred_0": 0.7692166922878155,
        "model_3_multimer_v3_pred_0": 0.7265271434869526,
        "model_4_multimer_v3_pred_0": 0.7201744198036384,
        "model_5_multimer_v3_pred_0": 0.718650063457274
    },
    "order": [
        "model_2_multimer_v3_pred_0",
        "model_1_multimer_v3_pred_0",
        "model_3_multimer_v3_pred_0",
        "model_4_multimer_v3_pred_0",
        "model_5_multimer_v3_pred_0"
    ]
}