{
    "features": 226.39276218414307,
    "process_features_model_1_multimer_v3_pred_0": 9.298324584960938e-06,
    "predict_and_compile_model_1_multimer_v3_pred_0": 944.3785593509674,
    "process_features_model_2_multimer_v3_pred_0": 2.9802322387695312e-05,
    "predict_and_compile_model_2_multimer_v3_pred_0": 1008.9816029071808,
    "process_features_model_3_multimer_v3_pred_0": 2.86102294921875e-05,
    "predict_and_compile_model_3_multimer_v3_pred_0": 680.2500176429749,
    "process_features_model_4_multimer_v3_pred_0": 9.059906005859375e-06,
    "predict_and_compile_model_4_multimer_v3_pred_0": 723.7785234451294,
    "process_features_model_5_multimer_v3_pred_0": 3.075599670410156e-05,
    "predict_and_compile_model_5_multimer_v3_pred_0": 991.1616537570953
}