{
    "iptm+ptm": {
        "model_1_multimer_v3_pred_0": 0.7723275187258297,
        "model_2_multimer_v3_pred_0": 0.7478433617011981,
        "model_3_multimer_v3_pred_0": 0.7373606808932803,
        "model_4_multimer_v3_pred_0": 0.7195036328689626,
        "model_5_multimer_v3_pred_0": 0.7431478518430187
    },
    "order": [
        "model_1_multimer_v3_pred_0",
        "model_2_multimer_v3_pred_0",
        "model_5_multimer_v3_pred_0",
        "model_3_multimer_v3_pred_0",
        "model_4_multimer_v3_pred_0"
    ]
}