{
    "features": 289.7692782878876,
    "process_features_model_1_multimer_v3_pred_0": 1.239776611328125e-05,
    "predict_and_compile_model_1_multimer_v3_pred_0": 1512.5212762355804,
    "process_features_model_2_multimer_v3_pred_0": 1.9073486328125e-05,
    "predict_and_compile_model_2_multimer_v3_pred_0": 665.635461807251,
    "process_features_model_3_multimer_v3_pred_0": 9.298324584960938e-06,
    "predict_and_compile_model_3_multimer_v3_pred_0": 1451.1416642665863,
    "process_features_model_4_multimer_v3_pred_0": 8.58306884765625e-06,
    "predict_and_compile_model_4_multimer_v3_pred_0": 725.5257275104523,
    "process_features_model_5_multimer_v3_pred_0": 1.1920928955078125e-05,
    "predict_and_compile_model_5_multimer_v3_pred_0": 668.0260088443756
}