{
    "iptm+ptm": {
        "model_1_multimer_v3_pred_0": 0.6114161801018487,
        "model_2_multimer_v3_pred_0": 0.5667927037665215,
        "model_3_multimer_v3_pred_0": 0.6560100969749671,
        "model_4_multimer_v3_pred_0": 0.5680713377791908,
        "model_5_multimer_v3_pred_0": 0.7720819501490728
    },
    "order": [
        "model_5_multimer_v3_pred_0",
        "model_3_multimer_v3_pred_0",
        "model_1_multimer_v3_pred_0",
        "model_4_multimer_v3_pred_0",
        "model_2_multimer_v3_pred_0"
    ]
}