{
    "features": 149.3207573890686,
    "process_features_model_1_multimer_v3_pred_0": 9.059906005859375e-06,
    "predict_and_compile_model_1_multimer_v3_pred_0": 354.9389102458954,
    "relax_model_1_multimer_v3_pred_0": 573.9600291252136,
    "process_features_model_2_multimer_v3_pred_0": 5.4836273193359375e-06,
    "predict_and_compile_model_2_multimer_v3_pred_0": 406.23863554000854,
    "relax_model_2_multimer_v3_pred_0": 380.99144983291626,
    "process_features_model_3_multimer_v3_pred_0": 6.198883056640625e-06,
    "predict_and_compile_model_3_multimer_v3_pred_0": 458.58230996131897,
    "relax_model_3_multimer_v3_pred_0": 256.1158516407013,
    "process_features_model_4_multimer_v3_pred_0": 7.867813110351562e-06,
    "predict_and_compile_model_4_multimer_v3_pred_0": 378.6405327320099,
    "relax_model_4_multimer_v3_pred_0": 216.49969911575317,
    "process_features_model_5_multimer_v3_pred_0": 5.4836273193359375e-06,
    "predict_and_compile_model_5_multimer_v3_pred_0": 384.78449845314026,
    "relax_model_5_multimer_v3_pred_0": 257.9720630645752
}