{
    "iptm+ptm": {
        "model_1_multimer_v3_pred_0": 0.6725095187710554,
        "model_2_multimer_v3_pred_0": 0.6848672813619876,
        "model_3_multimer_v3_pred_0": 0.6694578806212464,
        "model_4_multimer_v3_pred_0": 0.659975942446285,
        "model_5_multimer_v3_pred_0": 0.6823813858684297
    },
    "order": [
        "model_2_multimer_v3_pred_0",
        "model_5_multimer_v3_pred_0",
        "model_1_multimer_v3_pred_0",
        "model_3_multimer_v3_pred_0",
        "model_4_multimer_v3_pred_0"
    ]
}