{
    "features": 269.863404750824,
    "process_features_model_1_multimer_v3_pred_0": 1.2159347534179688e-05,
    "predict_and_compile_model_1_multimer_v3_pred_0": 1540.4332647323608,
    "relax_model_1_multimer_v3_pred_0": 569.4222025871277,
    "process_features_model_2_multimer_v3_pred_0": 6.198883056640625e-06,
    "predict_and_compile_model_2_multimer_v3_pred_0": 690.6857435703278,
    "relax_model_2_multimer_v3_pred_0": 483.46067452430725,
    "process_features_model_3_multimer_v3_pred_0": 8.821487426757812e-06,
    "predict_and_compile_model_3_multimer_v3_pred_0": 1129.0581395626068,
    "relax_model_3_multimer_v3_pred_0": 628.04305768013,
    "process_features_model_4_multimer_v3_pred_0": 5.7220458984375e-06,
    "predict_and_compile_model_4_multimer_v3_pred_0": 915.3920261859894,
    "relax_model_4_multimer_v3_pred_0": 520.6594090461731,
    "process_features_model_5_multimer_v3_pred_0": 4.76837158203125e-06,
    "predict_and_compile_model_5_multimer_v3_pred_0": 1577.9334535598755,
    "relax_model_5_multimer_v3_pred_0": 326.702570438385
}