{
    "iptm+ptm": {
        "model_1_multimer_v3_pred_0": 0.7855631563540277,
        "model_2_multimer_v3_pred_0": 0.8496664970409746,
        "model_3_multimer_v3_pred_0": 0.7009434424690067,
        "model_4_multimer_v3_pred_0": 0.8171782619323752,
        "model_5_multimer_v3_pred_0": 0.7066959151622789
    },
    "order": [
        "model_2_multimer_v3_pred_0",
        "model_4_multimer_v3_pred_0",
        "model_1_multimer_v3_pred_0",
        "model_5_multimer_v3_pred_0",
        "model_3_multimer_v3_pred_0"
    ]
}