{
    "features": 266.8224115371704,
    "process_features_model_1_multimer_v3_pred_0": 9.298324584960938e-06,
    "predict_and_compile_model_1_multimer_v3_pred_0": 1494.379745721817,
    "relax_model_1_multimer_v3_pred_0": 1054.7586741447449,
    "process_features_model_2_multimer_v3_pred_0": 1.9550323486328125e-05,
    "predict_and_compile_model_2_multimer_v3_pred_0": 1309.333684682846,
    "relax_model_2_multimer_v3_pred_0": 1024.2324757575989,
    "process_features_model_3_multimer_v3_pred_0": 9.5367431640625e-06,
    "predict_and_compile_model_3_multimer_v3_pred_0": 1500.7904233932495,
    "relax_model_3_multimer_v3_pred_0": 899.2690439224243,
    "process_features_model_4_multimer_v3_pred_0": 1.239776611328125e-05,
    "predict_and_compile_model_4_multimer_v3_pred_0": 1481.0398972034454,
    "relax_model_4_multimer_v3_pred_0": 771.1580188274384,
    "process_features_model_5_multimer_v3_pred_0": 1.049041748046875e-05,
    "predict_and_compile_model_5_multimer_v3_pred_0": 1484.8191130161285,
    "relax_model_5_multimer_v3_pred_0": 550.5569167137146
}