{
    "iptm+ptm": {
        "model_1_multimer_v3_pred_0": 0.7685974439493781,
        "model_2_multimer_v3_pred_0": 0.7724311245322997,
        "model_3_multimer_v3_pred_0": 0.7690457209126551,
        "model_4_multimer_v3_pred_0": 0.7912556609263673,
        "model_5_multimer_v3_pred_0": 0.7965085225492068
    },
    "order": [
        "model_5_multimer_v3_pred_0",
        "model_4_multimer_v3_pred_0",
        "model_2_multimer_v3_pred_0",
        "model_3_multimer_v3_pred_0",
        "model_1_multimer_v3_pred_0"
    ]
}