{
    "features": 213.44469547271729,
    "process_features_model_1_multimer_v3_pred_0": 9.775161743164062e-06,
    "predict_and_compile_model_1_multimer_v3_pred_0": 496.8957064151764,
    "relax_model_1_multimer_v3_pred_0": 242.45574235916138,
    "process_features_model_2_multimer_v3_pred_0": 6.4373016357421875e-06,
    "predict_and_compile_model_2_multimer_v3_pred_0": 498.1825339794159,
    "relax_model_2_multimer_v3_pred_0": 347.39834809303284,
    "process_features_model_3_multimer_v3_pred_0": 6.67572021484375e-06,
    "predict_and_compile_model_3_multimer_v3_pred_0": 513.2505822181702,
    "relax_model_3_multimer_v3_pred_0": 389.5860056877136,
    "process_features_model_4_multimer_v3_pred_0": 6.198883056640625e-06,
    "predict_and_compile_model_4_multimer_v3_pred_0": 572.9982299804688,
    "relax_model_4_multimer_v3_pred_0": 250.36706638336182,
    "process_features_model_5_multimer_v3_pred_0": 7.867813110351562e-06,
    "predict_and_compile_model_5_multimer_v3_pred_0": 488.17468786239624,
    "relax_model_5_multimer_v3_pred_0": 363.6098430156708
}