{
    "iptm+ptm": {
        "model_1_multimer_v3_pred_0": 0.8285282703292081,
        "model_2_multimer_v3_pred_0": 0.8366360233919296,
        "model_3_multimer_v3_pred_0": 0.845015398141866,
        "model_4_multimer_v3_pred_0": 0.8443921038620179,
        "model_5_multimer_v3_pred_0": 0.8346976194435534
    },
    "order": [
        "model_3_multimer_v3_pred_0",
        "model_4_multimer_v3_pred_0",
        "model_2_multimer_v3_pred_0",
        "model_5_multimer_v3_pred_0",
        "model_1_multimer_v3_pred_0"
    ]
}