{
    "features": 361.3136250972748,
    "process_features_model_1_multimer_v3_pred_0": 1.049041748046875e-05,
    "predict_and_compile_model_1_multimer_v3_pred_0": 2323.6974079608917,
    "process_features_model_2_multimer_v3_pred_0": 2.47955322265625e-05,
    "predict_and_compile_model_2_multimer_v3_pred_0": 2311.4923284053802,
    "process_features_model_3_multimer_v3_pred_0": 2.6941299438476562e-05,
    "predict_and_compile_model_3_multimer_v3_pred_0": 2692.9692051410675,
    "process_features_model_4_multimer_v3_pred_0": 2.765655517578125e-05,
    "predict_and_compile_model_4_multimer_v3_pred_0": 3867.7106444835663,
    "process_features_model_5_multimer_v3_pred_0": 1.52587890625e-05,
    "predict_and_compile_model_5_multimer_v3_pred_0": 1724.2294816970825
}