{
    "iptm+ptm": {
        "model_1_multimer_v3_pred_0": 0.7490580679198267,
        "model_2_multimer_v3_pred_0": 0.7851176508027469,
        "model_3_multimer_v3_pred_0": 0.7957568201286589,
        "model_4_multimer_v3_pred_0": 0.8049778864165749,
        "model_5_multimer_v3_pred_0": 0.7850343556423469
    },
    "order": [
        "model_4_multimer_v3_pred_0",
        "model_3_multimer_v3_pred_0",
        "model_2_multimer_v3_pred_0",
        "model_5_multimer_v3_pred_0",
        "model_1_multimer_v3_pred_0"
    ]
}