{
    "features": 89.15352606773376,
    "process_features_model_1_multimer_v3_pred_0": 1.52587890625e-05,
    "predict_and_compile_model_1_multimer_v3_pred_0": 107.14102053642273,
    "relax_model_1_multimer_v3_pred_0": 1053.228280544281,
    "process_features_model_2_multimer_v3_pred_0": 1.6450881958007812e-05,
    "predict_and_compile_model_2_multimer_v3_pred_0": 107.12164115905762,
    "relax_model_2_multimer_v3_pred_0": 346.117840051651,
    "process_features_model_3_multimer_v3_pred_0": 1.0013580322265625e-05,
    "predict_and_compile_model_3_multimer_v3_pred_0": 109.24849557876587,
    "relax_model_3_multimer_v3_pred_0": 487.54580640792847,
    "process_features_model_4_multimer_v3_pred_0": 1.0728836059570312e-05,
    "predict_and_compile_model_4_multimer_v3_pred_0": 116.19620871543884,
    "relax_model_4_multimer_v3_pred_0": 171.44052410125732,
    "process_features_model_5_multimer_v3_pred_0": 1.6450881958007812e-05,
    "predict_and_compile_model_5_multimer_v3_pred_0": 106.66875576972961,
    "relax_model_5_multimer_v3_pred_0": 436.0138704776764
}