{
    "iptm+ptm": {
        "model_1_multimer_v3_pred_0": 0.5094020516669318,
        "model_2_multimer_v3_pred_0": 0.5525539673450022,
        "model_3_multimer_v3_pred_0": 0.4589679448113,
        "model_4_multimer_v3_pred_0": 0.5391838033884171,
        "model_5_multimer_v3_pred_0": 0.49890284468154344
    },
    "order": [
        "model_2_multimer_v3_pred_0",
        "model_4_multimer_v3_pred_0",
        "model_1_multimer_v3_pred_0",
        "model_5_multimer_v3_pred_0",
        "model_3_multimer_v3_pred_0"
    ]
}