{
    "features": 3225.017862558365,
    "process_features_model_1_multimer_v3_pred_0": 9.298324584960938e-06,
    "predict_and_compile_model_1_multimer_v3_pred_0": 658.8993961811066,
    "relax_model_1_multimer_v3_pred_0": 242.45087552070618,
    "process_features_model_2_multimer_v3_pred_0": 2.4318695068359375e-05,
    "predict_and_compile_model_2_multimer_v3_pred_0": 713.7810153961182,
    "relax_model_2_multimer_v3_pred_0": 225.52968430519104,
    "process_features_model_3_multimer_v3_pred_0": 2.2649765014648438e-05,
    "predict_and_compile_model_3_multimer_v3_pred_0": 893.6000247001648,
    "relax_model_3_multimer_v3_pred_0": 415.674800157547,
    "process_features_model_4_multimer_v3_pred_0": 2.2411346435546875e-05,
    "predict_and_compile_model_4_multimer_v3_pred_0": 1326.2963361740112,
    "relax_model_4_multimer_v3_pred_0": 442.95615673065186,
    "process_features_model_5_multimer_v3_pred_0": 7.867813110351562e-06,
    "predict_and_compile_model_5_multimer_v3_pred_0": 1309.7478449344635,
    "relax_model_5_multimer_v3_pred_0": 207.8192479610443
}