{
    "iptm+ptm": {
        "model_1_multimer_v3_pred_0": 0.5173029971292492,
        "model_2_multimer_v3_pred_0": 0.512506574078929,
        "model_3_multimer_v3_pred_0": 0.5182717313640712,
        "model_4_multimer_v3_pred_0": 0.4795817408462556,
        "model_5_multimer_v3_pred_0": 0.51535764318829
    },
    "order": [
        "model_3_multimer_v3_pred_0",
        "model_1_multimer_v3_pred_0",
        "model_5_multimer_v3_pred_0",
        "model_2_multimer_v3_pred_0",
        "model_4_multimer_v3_pred_0"
    ]
}