{
    "features": 330.3740510940552,
    "process_features_model_1_multimer_v3_pred_0": 1.7642974853515625e-05,
    "predict_and_compile_model_1_multimer_v3_pred_0": 598.7795803546906,
    "relax_model_1_multimer_v3_pred_0": 328.04084277153015,
    "process_features_model_2_multimer_v3_pred_0": 5.245208740234375e-06,
    "predict_and_compile_model_2_multimer_v3_pred_0": 881.8085904121399,
    "relax_model_2_multimer_v3_pred_0": 321.87016201019287,
    "process_features_model_3_multimer_v3_pred_0": 9.5367431640625e-06,
    "predict_and_compile_model_3_multimer_v3_pred_0": 961.592090845108,
    "relax_model_3_multimer_v3_pred_0": 309.2340178489685,
    "process_features_model_4_multimer_v3_pred_0": 1.239776611328125e-05,
    "predict_and_compile_model_4_multimer_v3_pred_0": 767.4876844882965,
    "relax_model_4_multimer_v3_pred_0": 900.8423573970795,
    "process_features_model_5_multimer_v3_pred_0": 4.76837158203125e-06,
    "predict_and_compile_model_5_multimer_v3_pred_0": 994.8057730197906,
    "relax_model_5_multimer_v3_pred_0": 272.53049325942993
}