{
    "iptm+ptm": {
        "model_1_multimer_v3_pred_0": 0.7453367339088546,
        "model_2_multimer_v3_pred_0": 0.7635378785595197,
        "model_3_multimer_v3_pred_0": 0.7655184503117878,
        "model_4_multimer_v3_pred_0": 0.8114338647800682,
        "model_5_multimer_v3_pred_0": 0.7889302883439204
    },
    "order": [
        "model_4_multimer_v3_pred_0",
        "model_5_multimer_v3_pred_0",
        "model_3_multimer_v3_pred_0",
        "model_2_multimer_v3_pred_0",
        "model_1_multimer_v3_pred_0"
    ]
}