{
    "features": 267.2414720058441,
    "process_features_model_1_multimer_v3_pred_0": 1.0013580322265625e-05,
    "predict_and_compile_model_1_multimer_v3_pred_0": 593.4365735054016,
    "relax_model_1_multimer_v3_pred_0": 160.18944239616394,
    "process_features_model_2_multimer_v3_pred_0": 6.4373016357421875e-06,
    "predict_and_compile_model_2_multimer_v3_pred_0": 502.3087637424469,
    "relax_model_2_multimer_v3_pred_0": 284.84954738616943,
    "process_features_model_3_multimer_v3_pred_0": 6.67572021484375e-06,
    "predict_and_compile_model_3_multimer_v3_pred_0": 462.3407971858978,
    "relax_model_3_multimer_v3_pred_0": 163.83488130569458,
    "process_features_model_4_multimer_v3_pred_0": 2.765655517578125e-05,
    "predict_and_compile_model_4_multimer_v3_pred_0": 416.14679622650146,
    "relax_model_4_multimer_v3_pred_0": 257.62599992752075,
    "process_features_model_5_multimer_v3_pred_0": 3.4809112548828125e-05,
    "predict_and_compile_model_5_multimer_v3_pred_0": 603.1840448379517,
    "relax_model_5_multimer_v3_pred_0": 262.1229712963104
}