{
    "iptm+ptm": {
        "model_1_multimer_v3_pred_0": 0.3543337516861753,
        "model_2_multimer_v3_pred_0": 0.47855043319418467,
        "model_3_multimer_v3_pred_0": 0.3467063662186834,
        "model_4_multimer_v3_pred_0": 0.3830889628716801,
        "model_5_multimer_v3_pred_0": 0.41537614809668166
    },
    "order": [
        "model_2_multimer_v3_pred_0",
        "model_5_multimer_v3_pred_0",
        "model_4_multimer_v3_pred_0",
        "model_1_multimer_v3_pred_0",
        "model_3_multimer_v3_pred_0"
    ]
}