{
    "features": 54.802985191345215,
    "process_features_model_1_multimer_v3_pred_0": 1.0251998901367188e-05,
    "predict_and_compile_model_1_multimer_v3_pred_0": 2395.878794193268,
    "relax_model_1_multimer_v3_pred_0": 873.8169457912445,
    "process_features_model_2_multimer_v3_pred_0": 8.106231689453125e-06,
    "predict_and_compile_model_2_multimer_v3_pred_0": 2389.4798765182495,
    "relax_model_2_multimer_v3_pred_0": 2249.9058158397675,
    "process_features_model_3_multimer_v3_pred_0": 5.245208740234375e-06,
    "predict_and_compile_model_3_multimer_v3_pred_0": 2403.592853307724,
    "relax_model_3_multimer_v3_pred_0": 1648.2024490833282,
    "process_features_model_4_multimer_v3_pred_0": 5.4836273193359375e-06,
    "predict_and_compile_model_4_multimer_v3_pred_0": 2353.6237258911133,
    "relax_model_4_multimer_v3_pred_0": 1670.9029395580292,
    "process_features_model_5_multimer_v3_pred_0": 7.152557373046875e-06,
    "predict_and_compile_model_5_multimer_v3_pred_0": 2353.2963197231293,
    "relax_model_5_multimer_v3_pred_0": 1356.8970019817352
}