{
    "iptm+ptm": {
        "model_1_multimer_v3_pred_0": 0.8350641150265469,
        "model_2_multimer_v3_pred_0": 0.7478039598679362,
        "model_3_multimer_v3_pred_0": 0.757486566356989,
        "model_4_multimer_v3_pred_0": 0.7755572221340081,
        "model_5_multimer_v3_pred_0": 0.7888861810524274
    },
    "order": [
        "model_1_multimer_v3_pred_0",
        "model_5_multimer_v3_pred_0",
        "model_4_multimer_v3_pred_0",
        "model_3_multimer_v3_pred_0",
        "model_2_multimer_v3_pred_0"
    ]
}