{
    "features": 180.3412799835205,
    "process_features_model_1_multimer_v3_pred_0": 1.1920928955078125e-05,
    "predict_and_compile_model_1_multimer_v3_pred_0": 703.5274848937988,
    "relax_model_1_multimer_v3_pred_0": 252.4493818283081,
    "process_features_model_2_multimer_v3_pred_0": 5.9604644775390625e-06,
    "predict_and_compile_model_2_multimer_v3_pred_0": 1115.9134531021118,
    "relax_model_2_multimer_v3_pred_0": 415.3052177429199,
    "process_features_model_3_multimer_v3_pred_0": 5.4836273193359375e-06,
    "predict_and_compile_model_3_multimer_v3_pred_0": 500.1803421974182,
    "relax_model_3_multimer_v3_pred_0": 449.4089472293854,
    "process_features_model_4_multimer_v3_pred_0": 9.298324584960938e-06,
    "predict_and_compile_model_4_multimer_v3_pred_0": 825.8041965961456,
    "relax_model_4_multimer_v3_pred_0": 401.9959988594055,
    "process_features_model_5_multimer_v3_pred_0": 9.5367431640625e-06,
    "predict_and_compile_model_5_multimer_v3_pred_0": 558.8220071792603,
    "relax_model_5_multimer_v3_pred_0": 282.53940176963806
}