{
    "iptm+ptm": {
        "model_1_multimer_v3_pred_0": 0.8410724367822048,
        "model_2_multimer_v3_pred_0": 0.7782131706259505,
        "model_3_multimer_v3_pred_0": 0.7464810322325901,
        "model_4_multimer_v3_pred_0": 0.7921846639056902,
        "model_5_multimer_v3_pred_0": 0.7752881407844134
    },
    "order": [
        "model_1_multimer_v3_pred_0",
        "model_4_multimer_v3_pred_0",
        "model_2_multimer_v3_pred_0",
        "model_5_multimer_v3_pred_0",
        "model_3_multimer_v3_pred_0"
    ]
}