{
    "features": 194.4468536376953,
    "process_features_model_1_multimer_v3_pred_0": 8.821487426757812e-06,
    "predict_and_compile_model_1_multimer_v3_pred_0": 600.4327266216278,
    "relax_model_1_multimer_v3_pred_0": 259.9811499118805,
    "process_features_model_2_multimer_v3_pred_0": 6.9141387939453125e-06,
    "predict_and_compile_model_2_multimer_v3_pred_0": 691.8707759380341,
    "relax_model_2_multimer_v3_pred_0": 262.3940255641937,
    "process_features_model_3_multimer_v3_pred_0": 1.1920928955078125e-05,
    "predict_and_compile_model_3_multimer_v3_pred_0": 915.4239826202393,
    "relax_model_3_multimer_v3_pred_0": 380.59655809402466,
    "process_features_model_4_multimer_v3_pred_0": 0.00010180473327636719,
    "predict_and_compile_model_4_multimer_v3_pred_0": 851.2229528427124,
    "relax_model_4_multimer_v3_pred_0": 497.75282526016235,
    "process_features_model_5_multimer_v3_pred_0": 5.7220458984375e-06,
    "predict_and_compile_model_5_multimer_v3_pred_0": 1534.8401045799255,
    "relax_model_5_multimer_v3_pred_0": 530.8990862369537
}