{
    "iptm+ptm": {
        "model_1_multimer_v3_pred_0": 0.5795411901584088,
        "model_2_multimer_v3_pred_0": 0.6099558514172571,
        "model_3_multimer_v3_pred_0": 0.5980599652874206,
        "model_4_multimer_v3_pred_0": 0.6072915173368505,
        "model_5_multimer_v3_pred_0": 0.6056968624793957
    },
    "order": [
        "model_2_multimer_v3_pred_0",
        "model_4_multimer_v3_pred_0",
        "model_5_multimer_v3_pred_0",
        "model_3_multimer_v3_pred_0",
        "model_1_multimer_v3_pred_0"
    ]
}