{
    "features": 226.35492515563965,
    "process_features_model_1_multimer_v3_pred_0": 2.8133392333984375e-05,
    "predict_and_compile_model_1_multimer_v3_pred_0": 493.200763463974,
    "relax_model_1_multimer_v3_pred_0": 548.2328481674194,
    "process_features_model_2_multimer_v3_pred_0": 4.5299530029296875e-06,
    "predict_and_compile_model_2_multimer_v3_pred_0": 417.23485136032104,
    "relax_model_2_multimer_v3_pred_0": 252.6446716785431,
    "process_features_model_3_multimer_v3_pred_0": 4.0531158447265625e-06,
    "predict_and_compile_model_3_multimer_v3_pred_0": 502.8555428981781,
    "relax_model_3_multimer_v3_pred_0": 240.54271364212036,
    "process_features_model_4_multimer_v3_pred_0": 2.4080276489257812e-05,
    "predict_and_compile_model_4_multimer_v3_pred_0": 1347.0879402160645,
    "relax_model_4_multimer_v3_pred_0": 296.4218964576721,
    "process_features_model_5_multimer_v3_pred_0": 4.291534423828125e-06,
    "predict_and_compile_model_5_multimer_v3_pred_0": 1355.3035283088684,
    "relax_model_5_multimer_v3_pred_0": 560.3056015968323
}