{
    "iptm+ptm": {
        "model_1_multimer_v3_pred_0": 0.7033656968166764,
        "model_2_multimer_v3_pred_0": 0.691078446815146,
        "model_3_multimer_v3_pred_0": 0.7062438420831743,
        "model_4_multimer_v3_pred_0": 0.7194184128507842,
        "model_5_multimer_v3_pred_0": 0.6941738256748811
    },
    "order": [
        "model_4_multimer_v3_pred_0",
        "model_3_multimer_v3_pred_0",
        "model_1_multimer_v3_pred_0",
        "model_5_multimer_v3_pred_0",
        "model_2_multimer_v3_pred_0"
    ]
}