{
    "features": 192.32550287246704,
    "process_features_model_1_multimer_v3_pred_0": 3.361701965332031e-05,
    "predict_and_compile_model_1_multimer_v3_pred_0": 568.5219411849976,
    "relax_model_1_multimer_v3_pred_0": 277.7813415527344,
    "process_features_model_2_multimer_v3_pred_0": 1.8596649169921875e-05,
    "predict_and_compile_model_2_multimer_v3_pred_0": 575.8158719539642,
    "relax_model_2_multimer_v3_pred_0": 318.3246042728424,
    "process_features_model_3_multimer_v3_pred_0": 5.245208740234375e-06,
    "predict_and_compile_model_3_multimer_v3_pred_0": 497.33459973335266,
    "relax_model_3_multimer_v3_pred_0": 431.7996606826782,
    "process_features_model_4_multimer_v3_pred_0": 7.3909759521484375e-06,
    "predict_and_compile_model_4_multimer_v3_pred_0": 700.9011929035187,
    "relax_model_4_multimer_v3_pred_0": 311.8334205150604,
    "process_features_model_5_multimer_v3_pred_0": 6.9141387939453125e-06,
    "predict_and_compile_model_5_multimer_v3_pred_0": 592.4143359661102,
    "relax_model_5_multimer_v3_pred_0": 378.50079321861267
}