{
    "iptm+ptm": {
        "model_1_multimer_v3_pred_0": 0.7389581893123975,
        "model_2_multimer_v3_pred_0": 0.7163530743125928,
        "model_3_multimer_v3_pred_0": 0.7101695508088848,
        "model_4_multimer_v3_pred_0": 0.6833575993419478,
        "model_5_multimer_v3_pred_0": 0.7258300712798456
    },
    "order": [
        "model_1_multimer_v3_pred_0",
        "model_5_multimer_v3_pred_0",
        "model_2_multimer_v3_pred_0",
        "model_3_multimer_v3_pred_0",
        "model_4_multimer_v3_pred_0"
    ]
}