{
    "features": 226.14329171180725,
    "process_features_model_1_multimer_v3_pred_0": 1.2636184692382812e-05,
    "predict_and_compile_model_1_multimer_v3_pred_0": 1375.4810411930084,
    "relax_model_1_multimer_v3_pred_0": 221.24770069122314,
    "process_features_model_2_multimer_v3_pred_0": 5.0067901611328125e-06,
    "predict_and_compile_model_2_multimer_v3_pred_0": 1446.903240442276,
    "relax_model_2_multimer_v3_pred_0": 181.68205308914185,
    "process_features_model_3_multimer_v3_pred_0": 5.0067901611328125e-06,
    "predict_and_compile_model_3_multimer_v3_pred_0": 1441.1917645931244,
    "relax_model_3_multimer_v3_pred_0": 536.665322303772,
    "process_features_model_4_multimer_v3_pred_0": 6.198883056640625e-06,
    "predict_and_compile_model_4_multimer_v3_pred_0": 896.5581693649292,
    "relax_model_4_multimer_v3_pred_0": 353.4690670967102,
    "process_features_model_5_multimer_v3_pred_0": 4.76837158203125e-06,
    "predict_and_compile_model_5_multimer_v3_pred_0": 1413.5822484493256,
    "relax_model_5_multimer_v3_pred_0": 476.5503327846527
}