{
    "iptm+ptm": {
        "model_1_multimer_v3_pred_0": 0.6625076921428905,
        "model_2_multimer_v3_pred_0": 0.5828609051116382,
        "model_3_multimer_v3_pred_0": 0.6132964033762348,
        "model_4_multimer_v3_pred_0": 0.6267233175672519,
        "model_5_multimer_v3_pred_0": 0.6361092655561279
    },
    "order": [
        "model_1_multimer_v3_pred_0",
        "model_5_multimer_v3_pred_0",
        "model_4_multimer_v3_pred_0",
        "model_3_multimer_v3_pred_0",
        "model_2_multimer_v3_pred_0"
    ]
}