{
    "features": 206.96286129951477,
    "process_features_model_1_multimer_v3_pred_0": 1.621246337890625e-05,
    "predict_and_compile_model_1_multimer_v3_pred_0": 1925.59507894516,
    "relax_model_1_multimer_v3_pred_0": 309.50803112983704,
    "process_features_model_2_multimer_v3_pred_0": 5.4836273193359375e-06,
    "predict_and_compile_model_2_multimer_v3_pred_0": 1077.990324497223,
    "relax_model_2_multimer_v3_pred_0": 657.7421753406525,
    "process_features_model_3_multimer_v3_pred_0": 9.298324584960938e-06,
    "predict_and_compile_model_3_multimer_v3_pred_0": 1413.855171918869,
    "relax_model_3_multimer_v3_pred_0": 442.3405385017395,
    "process_features_model_4_multimer_v3_pred_0": 5.0067901611328125e-06,
    "predict_and_compile_model_4_multimer_v3_pred_0": 1858.4548478126526,
    "relax_model_4_multimer_v3_pred_0": 1129.540800333023,
    "process_features_model_5_multimer_v3_pred_0": 5.7220458984375e-06,
    "predict_and_compile_model_5_multimer_v3_pred_0": 1846.9037404060364,
    "relax_model_5_multimer_v3_pred_0": 360.3959791660309
}