{
    "iptm+ptm": {
        "model_1_multimer_v3_pred_0": 0.3706873166824829,
        "model_2_multimer_v3_pred_0": 0.273337810924247,
        "model_3_multimer_v3_pred_0": 0.3875315684458728,
        "model_4_multimer_v3_pred_0": 0.38060449660387785,
        "model_5_multimer_v3_pred_0": 0.364160729961837
    },
    "order": [
        "model_3_multimer_v3_pred_0",
        "model_4_multimer_v3_pred_0",
        "model_1_multimer_v3_pred_0",
        "model_5_multimer_v3_pred_0",
        "model_2_multimer_v3_pred_0"
    ]
}