{
    "features": 165.40822196006775,
    "process_features_model_1_multimer_v3_pred_0": 2.86102294921875e-05,
    "predict_and_compile_model_1_multimer_v3_pred_0": 989.8163220882416,
    "relax_model_1_multimer_v3_pred_0": 489.91283893585205,
    "process_features_model_2_multimer_v3_pred_0": 5.245208740234375e-06,
    "predict_and_compile_model_2_multimer_v3_pred_0": 538.5395979881287,
    "relax_model_2_multimer_v3_pred_0": 228.734801530838,
    "process_features_model_3_multimer_v3_pred_0": 6.198883056640625e-06,
    "predict_and_compile_model_3_multimer_v3_pred_0": 1344.1268875598907,
    "relax_model_3_multimer_v3_pred_0": 492.499715089798,
    "process_features_model_4_multimer_v3_pred_0": 5.9604644775390625e-06,
    "predict_and_compile_model_4_multimer_v3_pred_0": 1329.7448813915253,
    "relax_model_4_multimer_v3_pred_0": 1190.7965450286865,
    "process_features_model_5_multimer_v3_pred_0": 6.4373016357421875e-06,
    "predict_and_compile_model_5_multimer_v3_pred_0": 1324.1428797245026,
    "relax_model_5_multimer_v3_pred_0": 861.4069035053253
}