{
    "iptm+ptm": {
        "model_1_multimer_v3_pred_0": 0.8342838784637807,
        "model_2_multimer_v3_pred_0": 0.8434498666352226,
        "model_3_multimer_v3_pred_0": 0.8325472191601794,
        "model_4_multimer_v3_pred_0": 0.841055177263432,
        "model_5_multimer_v3_pred_0": 0.8398778318936826
    },
    "order": [
        "model_2_multimer_v3_pred_0",
        "model_4_multimer_v3_pred_0",
        "model_5_multimer_v3_pred_0",
        "model_1_multimer_v3_pred_0",
        "model_3_multimer_v3_pred_0"
    ]
}