{
    "features": 207.96201419830322,
    "process_features_model_1_multimer_v3_pred_0": 2.9802322387695312e-05,
    "predict_and_compile_model_1_multimer_v3_pred_0": 489.9432044029236,
    "relax_model_1_multimer_v3_pred_0": 273.86976528167725,
    "process_features_model_2_multimer_v3_pred_0": 5.4836273193359375e-06,
    "predict_and_compile_model_2_multimer_v3_pred_0": 547.3448123931885,
    "relax_model_2_multimer_v3_pred_0": 465.69750785827637,
    "process_features_model_3_multimer_v3_pred_0": 8.344650268554688e-06,
    "predict_and_compile_model_3_multimer_v3_pred_0": 484.34600830078125,
    "relax_model_3_multimer_v3_pred_0": 305.73320031166077,
    "process_features_model_4_multimer_v3_pred_0": 1.33514404296875e-05,
    "predict_and_compile_model_4_multimer_v3_pred_0": 565.550518989563,
    "relax_model_4_multimer_v3_pred_0": 289.32523941993713,
    "process_features_model_5_multimer_v3_pred_0": 4.76837158203125e-06,
    "predict_and_compile_model_5_multimer_v3_pred_0": 550.0621867179871,
    "relax_model_5_multimer_v3_pred_0": 305.41865706443787
}