{
    "iptm+ptm": {
        "model_1_multimer_v3_pred_0": 0.6761858758811432,
        "model_2_multimer_v3_pred_0": 0.6161873595033571,
        "model_3_multimer_v3_pred_0": 0.8505591329842653,
        "model_4_multimer_v3_pred_0": 0.6434887141031345,
        "model_5_multimer_v3_pred_0": 0.8393556095478033
    },
    "order": [
        "model_3_multimer_v3_pred_0",
        "model_5_multimer_v3_pred_0",
        "model_1_multimer_v3_pred_0",
        "model_4_multimer_v3_pred_0",
        "model_2_multimer_v3_pred_0"
    ]
}