{
    "features": 256.0824131965637,
    "process_features_model_1_multimer_v3_pred_0": 1.0251998901367188e-05,
    "predict_and_compile_model_1_multimer_v3_pred_0": 805.0725131034851,
    "relax_model_1_multimer_v3_pred_0": 593.5610563755035,
    "process_features_model_2_multimer_v3_pred_0": 5.0067901611328125e-06,
    "predict_and_compile_model_2_multimer_v3_pred_0": 1428.5268166065216,
    "relax_model_2_multimer_v3_pred_0": 621.5061445236206,
    "process_features_model_3_multimer_v3_pred_0": 5.4836273193359375e-06,
    "predict_and_compile_model_3_multimer_v3_pred_0": 937.9651310443878,
    "relax_model_3_multimer_v3_pred_0": 224.50094628334045,
    "process_features_model_4_multimer_v3_pred_0": 4.5299530029296875e-06,
    "predict_and_compile_model_4_multimer_v3_pred_0": 1385.4024512767792,
    "relax_model_4_multimer_v3_pred_0": 486.2153649330139,
    "process_features_model_5_multimer_v3_pred_0": 5.9604644775390625e-06,
    "predict_and_compile_model_5_multimer_v3_pred_0": 1105.342084646225,
    "relax_model_5_multimer_v3_pred_0": 268.246949672699
}