{
    "iptm+ptm": {
        "model_1_multimer_v3_pred_0": 0.6468185232101684,
        "model_2_multimer_v3_pred_0": 0.6543376627830233,
        "model_3_multimer_v3_pred_0": 0.6528312050318859,
        "model_4_multimer_v3_pred_0": 0.6598000096080257,
        "model_5_multimer_v3_pred_0": 0.6536398469778871
    },
    "order": [
        "model_4_multimer_v3_pred_0",
        "model_2_multimer_v3_pred_0",
        "model_5_multimer_v3_pred_0",
        "model_3_multimer_v3_pred_0",
        "model_1_multimer_v3_pred_0"
    ]
}