{
    "features": 768.5793790817261,
    "process_features_model_1_multimer_v3_pred_0": 1.0728836059570312e-05,
    "predict_and_compile_model_1_multimer_v3_pred_0": 7905.00471663475,
    "relax_model_1_multimer_v3_pred_0": 5911.970472097397,
    "process_features_model_2_multimer_v3_pred_0": 5.0067901611328125e-06,
    "predict_and_compile_model_2_multimer_v3_pred_0": 7884.490936517715,
    "relax_model_2_multimer_v3_pred_0": 6980.346018314362,
    "process_features_model_3_multimer_v3_pred_0": 5.0067901611328125e-06,
    "predict_and_compile_model_3_multimer_v3_pred_0": 7877.528007984161,
    "relax_model_3_multimer_v3_pred_0": 5512.866641044617,
    "process_features_model_4_multimer_v3_pred_0": 5.9604644775390625e-06,
    "predict_and_compile_model_4_multimer_v3_pred_0": 7718.639596939087,
    "relax_model_4_multimer_v3_pred_0": 4155.407835960388,
    "process_features_model_5_multimer_v3_pred_0": 6.9141387939453125e-06,
    "predict_and_compile_model_5_multimer_v3_pred_0": 7722.520510435104,
    "relax_model_5_multimer_v3_pred_0": 5600.3853764534
}