{
    "iptm+ptm": {
        "model_1_multimer_v3_pred_0": 0.5304697366751505,
        "model_2_multimer_v3_pred_0": 0.6285736095777318,
        "model_3_multimer_v3_pred_0": 0.4836871393293315,
        "model_4_multimer_v3_pred_0": 0.5759684922475554,
        "model_5_multimer_v3_pred_0": 0.5505034236377597
    },
    "order": [
        "model_2_multimer_v3_pred_0",
        "model_4_multimer_v3_pred_0",
        "model_5_multimer_v3_pred_0",
        "model_1_multimer_v3_pred_0",
        "model_3_multimer_v3_pred_0"
    ]
}