{
    "features": 3194.0329978466034,
    "process_features_model_1_multimer_v3_pred_0": 9.298324584960938e-06,
    "predict_and_compile_model_1_multimer_v3_pred_0": 1357.9679696559906,
    "relax_model_1_multimer_v3_pred_0": 220.09700632095337,
    "process_features_model_2_multimer_v3_pred_0": 2.5033950805664062e-05,
    "predict_and_compile_model_2_multimer_v3_pred_0": 552.6808860301971,
    "relax_model_2_multimer_v3_pred_0": 222.35595607757568,
    "process_features_model_3_multimer_v3_pred_0": 2.2172927856445312e-05,
    "predict_and_compile_model_3_multimer_v3_pred_0": 674.5319163799286,
    "relax_model_3_multimer_v3_pred_0": 605.8470947742462,
    "process_features_model_4_multimer_v3_pred_0": 2.4557113647460938e-05,
    "predict_and_compile_model_4_multimer_v3_pred_0": 1116.7217049598694,
    "relax_model_4_multimer_v3_pred_0": 241.21104669570923,
    "process_features_model_5_multimer_v3_pred_0": 2.288818359375e-05,
    "predict_and_compile_model_5_multimer_v3_pred_0": 1349.4659428596497,
    "relax_model_5_multimer_v3_pred_0": 261.600462436676
}