{
    "iptm+ptm": {
        "model_1_multimer_v3_pred_0": 0.7715727735647101,
        "model_2_multimer_v3_pred_0": 0.760384673536169,
        "model_3_multimer_v3_pred_0": 0.6494252048000371,
        "model_4_multimer_v3_pred_0": 0.6664405854687138,
        "model_5_multimer_v3_pred_0": 0.7519513356312573
    },
    "order": [
        "model_1_multimer_v3_pred_0",
        "model_2_multimer_v3_pred_0",
        "model_5_multimer_v3_pred_0",
        "model_4_multimer_v3_pred_0",
        "model_3_multimer_v3_pred_0"
    ]
}