{
    "features": 134.53239488601685,
    "process_features_model_1_multimer_v3_pred_0": 3.0279159545898438e-05,
    "predict_and_compile_model_1_multimer_v3_pred_0": 453.79048562049866,
    "relax_model_1_multimer_v3_pred_0": 150.02855491638184,
    "process_features_model_2_multimer_v3_pred_0": 5.7220458984375e-06,
    "predict_and_compile_model_2_multimer_v3_pred_0": 591.2675943374634,
    "relax_model_2_multimer_v3_pred_0": 158.48234248161316,
    "process_features_model_3_multimer_v3_pred_0": 5.9604644775390625e-06,
    "predict_and_compile_model_3_multimer_v3_pred_0": 478.4822335243225,
    "relax_model_3_multimer_v3_pred_0": 294.6642761230469,
    "process_features_model_4_multimer_v3_pred_0": 5.7220458984375e-06,
    "predict_and_compile_model_4_multimer_v3_pred_0": 419.07433319091797,
    "relax_model_4_multimer_v3_pred_0": 143.65841388702393,
    "process_features_model_5_multimer_v3_pred_0": 5.0067901611328125e-06,
    "predict_and_compile_model_5_multimer_v3_pred_0": 608.2250604629517,
    "relax_model_5_multimer_v3_pred_0": 166.002831697464
}