{
    "iptm+ptm": {
        "model_1_multimer_v3_pred_0": 0.43331180346904835,
        "model_2_multimer_v3_pred_0": 0.4265964060210423,
        "model_3_multimer_v3_pred_0": 0.39834363453914357,
        "model_4_multimer_v3_pred_0": 0.3816298052173746,
        "model_5_multimer_v3_pred_0": 0.40523816341974134
    },
    "order": [
        "model_1_multimer_v3_pred_0",
        "model_2_multimer_v3_pred_0",
        "model_5_multimer_v3_pred_0",
        "model_3_multimer_v3_pred_0",
        "model_4_multimer_v3_pred_0"
    ]
}