{
    "features": 255.65938901901245,
    "process_features_model_1_multimer_v3_pred_0": 1.0013580322265625e-05,
    "predict_and_compile_model_1_multimer_v3_pred_0": 616.3153924942017,
    "relax_model_1_multimer_v3_pred_0": 495.8077607154846,
    "process_features_model_2_multimer_v3_pred_0": 5.0067901611328125e-06,
    "predict_and_compile_model_2_multimer_v3_pred_0": 512.9044718742371,
    "relax_model_2_multimer_v3_pred_0": 201.01822066307068,
    "process_features_model_3_multimer_v3_pred_0": 5.0067901611328125e-06,
    "predict_and_compile_model_3_multimer_v3_pred_0": 1349.4596095085144,
    "relax_model_3_multimer_v3_pred_0": 200.36069130897522,
    "process_features_model_4_multimer_v3_pred_0": 5.0067901611328125e-06,
    "predict_and_compile_model_4_multimer_v3_pred_0": 1387.361438035965,
    "relax_model_4_multimer_v3_pred_0": 891.7083008289337,
    "process_features_model_5_multimer_v3_pred_0": 5.4836273193359375e-06,
    "predict_and_compile_model_5_multimer_v3_pred_0": 1375.603627204895,
    "relax_model_5_multimer_v3_pred_0": 951.7459652423859
}