{
    "iptm+ptm": {
        "model_1_multimer_v3_pred_0": 0.7042409975279993,
        "model_2_multimer_v3_pred_0": 0.6599773432818472,
        "model_3_multimer_v3_pred_0": 0.7883519681829709,
        "model_4_multimer_v3_pred_0": 0.7149715515005852,
        "model_5_multimer_v3_pred_0": 0.7670421951654744
    },
    "order": [
        "model_3_multimer_v3_pred_0",
        "model_5_multimer_v3_pred_0",
        "model_4_multimer_v3_pred_0",
        "model_1_multimer_v3_pred_0",
        "model_2_multimer_v3_pred_0"
    ]
}