{
    "features": 202.96162676811218,
    "process_features_model_1_multimer_v3_pred_0": 9.298324584960938e-06,
    "predict_and_compile_model_1_multimer_v3_pred_0": 1569.8288493156433,
    "relax_model_1_multimer_v3_pred_0": 496.3807680606842,
    "process_features_model_2_multimer_v3_pred_0": 4.76837158203125e-06,
    "predict_and_compile_model_2_multimer_v3_pred_0": 1570.1308379173279,
    "relax_model_2_multimer_v3_pred_0": 202.0439748764038,
    "process_features_model_3_multimer_v3_pred_0": 4.76837158203125e-06,
    "predict_and_compile_model_3_multimer_v3_pred_0": 1585.9640254974365,
    "relax_model_3_multimer_v3_pred_0": 377.6592695713043,
    "process_features_model_4_multimer_v3_pred_0": 5.9604644775390625e-06,
    "predict_and_compile_model_4_multimer_v3_pred_0": 1560.8061423301697,
    "relax_model_4_multimer_v3_pred_0": 432.72297739982605,
    "process_features_model_5_multimer_v3_pred_0": 5.245208740234375e-06,
    "predict_and_compile_model_5_multimer_v3_pred_0": 818.9022445678711,
    "relax_model_5_multimer_v3_pred_0": 889.4930782318115
}