{
    "iptm+ptm": {
        "model_1_multimer_v3_pred_0": 0.8996931791938748,
        "model_2_multimer_v3_pred_0": 0.9146566575131795,
        "model_3_multimer_v3_pred_0": 0.9065415855478751,
        "model_4_multimer_v3_pred_0": 0.8985758020561172,
        "model_5_multimer_v3_pred_0": 0.799230891613258
    },
    "order": [
        "model_2_multimer_v3_pred_0",
        "model_3_multimer_v3_pred_0",
        "model_1_multimer_v3_pred_0",
        "model_4_multimer_v3_pred_0",
        "model_5_multimer_v3_pred_0"
    ]
}