{
    "features": 163.45625805854797,
    "process_features_model_1_multimer_v3_pred_0": 3.5762786865234375e-05,
    "predict_and_compile_model_1_multimer_v3_pred_0": 1384.6622664928436,
    "relax_model_1_multimer_v3_pred_0": 250.86360239982605,
    "process_features_model_2_multimer_v3_pred_0": 1.811981201171875e-05,
    "predict_and_compile_model_2_multimer_v3_pred_0": 1388.109038591385,
    "relax_model_2_multimer_v3_pred_0": 337.2259774208069,
    "process_features_model_3_multimer_v3_pred_0": 3.0517578125e-05,
    "predict_and_compile_model_3_multimer_v3_pred_0": 795.7588891983032,
    "relax_model_3_multimer_v3_pred_0": 288.55438137054443,
    "process_features_model_4_multimer_v3_pred_0": 9.059906005859375e-06,
    "predict_and_compile_model_4_multimer_v3_pred_0": 494.24146366119385,
    "relax_model_4_multimer_v3_pred_0": 217.69788122177124,
    "process_features_model_5_multimer_v3_pred_0": 9.775161743164062e-06,
    "predict_and_compile_model_5_multimer_v3_pred_0": 656.7966685295105,
    "relax_model_5_multimer_v3_pred_0": 141.1814465522766
}