{
    "iptm+ptm": {
        "model_1_multimer_v3_pred_0": 0.8387314296009678,
        "model_2_multimer_v3_pred_0": 0.8298990361943164,
        "model_3_multimer_v3_pred_0": 0.7998856267700301,
        "model_4_multimer_v3_pred_0": 0.8180734979868511,
        "model_5_multimer_v3_pred_0": 0.7879902341445619
    },
    "order": [
        "model_1_multimer_v3_pred_0",
        "model_2_multimer_v3_pred_0",
        "model_4_multimer_v3_pred_0",
        "model_3_multimer_v3_pred_0",
        "model_5_multimer_v3_pred_0"
    ]
}