{
    "features": 223.2652497291565,
    "process_features_model_1_multimer_v3_pred_0": 2.0503997802734375e-05,
    "predict_and_compile_model_1_multimer_v3_pred_0": 1734.3117234706879,
    "relax_model_1_multimer_v3_pred_0": 588.980771780014,
    "process_features_model_2_multimer_v3_pred_0": 5.0067901611328125e-06,
    "predict_and_compile_model_2_multimer_v3_pred_0": 1730.3417716026306,
    "relax_model_2_multimer_v3_pred_0": 1221.359585762024,
    "process_features_model_3_multimer_v3_pred_0": 5.4836273193359375e-06,
    "predict_and_compile_model_3_multimer_v3_pred_0": 1744.3247256278992,
    "relax_model_3_multimer_v3_pred_0": 770.6057643890381,
    "process_features_model_4_multimer_v3_pred_0": 4.76837158203125e-06,
    "predict_and_compile_model_4_multimer_v3_pred_0": 1715.7803721427917,
    "relax_model_4_multimer_v3_pred_0": 491.6120693683624,
    "process_features_model_5_multimer_v3_pred_0": 4.76837158203125e-06,
    "predict_and_compile_model_5_multimer_v3_pred_0": 1709.3156108856201,
    "relax_model_5_multimer_v3_pred_0": 263.342964887619
}