{
    "iptm+ptm": {
        "model_1_multimer_v3_pred_0": 0.30556779672466333,
        "model_2_multimer_v3_pred_0": 0.5362622731366177,
        "model_3_multimer_v3_pred_0": 0.3974664716598181,
        "model_4_multimer_v3_pred_0": 0.3810553538693745,
        "model_5_multimer_v3_pred_0": 0.4004755602405604
    },
    "order": [
        "model_2_multimer_v3_pred_0",
        "model_5_multimer_v3_pred_0",
        "model_3_multimer_v3_pred_0",
        "model_4_multimer_v3_pred_0",
        "model_1_multimer_v3_pred_0"
    ]
}