{
    "features": 332.87874817848206,
    "process_features_model_1_multimer_v3_pred_0": 1.049041748046875e-05,
    "predict_and_compile_model_1_multimer_v3_pred_0": 705.7650871276855,
    "relax_model_1_multimer_v3_pred_0": 289.1848073005676,
    "process_features_model_2_multimer_v3_pred_0": 1.5735626220703125e-05,
    "predict_and_compile_model_2_multimer_v3_pred_0": 1578.7604415416718,
    "relax_model_2_multimer_v3_pred_0": 405.22462153434753,
    "process_features_model_3_multimer_v3_pred_0": 5.7220458984375e-06,
    "predict_and_compile_model_3_multimer_v3_pred_0": 902.9464905261993,
    "relax_model_3_multimer_v3_pred_0": 300.9644446372986,
    "process_features_model_4_multimer_v3_pred_0": 5.245208740234375e-06,
    "predict_and_compile_model_4_multimer_v3_pred_0": 611.2775223255157,
    "relax_model_4_multimer_v3_pred_0": 272.72808027267456,
    "process_features_model_5_multimer_v3_pred_0": 1.7404556274414062e-05,
    "predict_and_compile_model_5_multimer_v3_pred_0": 1562.4009714126587,
    "relax_model_5_multimer_v3_pred_0": 330.4118461608887
}