{
    "iptm+ptm": {
        "model_1_multimer_v3_pred_0": 0.8745843567563374,
        "model_2_multimer_v3_pred_0": 0.8700721184979612,
        "model_3_multimer_v3_pred_0": 0.8721164654175494,
        "model_4_multimer_v3_pred_0": 0.8785193349634489,
        "model_5_multimer_v3_pred_0": 0.8835813606770919
    },
    "order": [
        "model_5_multimer_v3_pred_0",
        "model_4_multimer_v3_pred_0",
        "model_1_multimer_v3_pred_0",
        "model_3_multimer_v3_pred_0",
        "model_2_multimer_v3_pred_0"
    ]
}