{
    "features": 180.78929615020752,
    "process_features_model_1_multimer_v3_pred_0": 1.0251998901367188e-05,
    "predict_and_compile_model_1_multimer_v3_pred_0": 517.3762216567993,
    "relax_model_1_multimer_v3_pred_0": 220.4162459373474,
    "process_features_model_2_multimer_v3_pred_0": 5.4836273193359375e-06,
    "predict_and_compile_model_2_multimer_v3_pred_0": 579.7513661384583,
    "relax_model_2_multimer_v3_pred_0": 176.99751687049866,
    "process_features_model_3_multimer_v3_pred_0": 4.76837158203125e-06,
    "predict_and_compile_model_3_multimer_v3_pred_0": 830.5643138885498,
    "relax_model_3_multimer_v3_pred_0": 185.88722586631775,
    "process_features_model_4_multimer_v3_pred_0": 5.9604644775390625e-06,
    "predict_and_compile_model_4_multimer_v3_pred_0": 692.1999008655548,
    "relax_model_4_multimer_v3_pred_0": 305.6923680305481,
    "process_features_model_5_multimer_v3_pred_0": 5.4836273193359375e-06,
    "predict_and_compile_model_5_multimer_v3_pred_0": 752.7339022159576,
    "relax_model_5_multimer_v3_pred_0": 219.39756321907043
}