{
    "iptm+ptm": {
        "model_1_multimer_v3_pred_0": 0.8089380661980866,
        "model_2_multimer_v3_pred_0": 0.7973558585151178,
        "model_3_multimer_v3_pred_0": 0.8145282048246182,
        "model_4_multimer_v3_pred_0": 0.805298544492333,
        "model_5_multimer_v3_pred_0": 0.8260408516875067
    },
    "order": [
        "model_5_multimer_v3_pred_0",
        "model_3_multimer_v3_pred_0",
        "model_1_multimer_v3_pred_0",
        "model_4_multimer_v3_pred_0",
        "model_2_multimer_v3_pred_0"
    ]
}