{
    "features": 157.08845114707947,
    "process_features_model_1_multimer_v3_pred_0": 1.5020370483398438e-05,
    "predict_and_compile_model_1_multimer_v3_pred_0": 651.2478721141815,
    "relax_model_1_multimer_v3_pred_0": 302.53029799461365,
    "process_features_model_2_multimer_v3_pred_0": 1.239776611328125e-05,
    "predict_and_compile_model_2_multimer_v3_pred_0": 491.02433466911316,
    "relax_model_2_multimer_v3_pred_0": 482.7197756767273,
    "process_features_model_3_multimer_v3_pred_0": 9.298324584960938e-06,
    "predict_and_compile_model_3_multimer_v3_pred_0": 1650.7520051002502,
    "relax_model_3_multimer_v3_pred_0": 452.6574504375458,
    "process_features_model_4_multimer_v3_pred_0": 1.2159347534179688e-05,
    "predict_and_compile_model_4_multimer_v3_pred_0": 633.392778635025,
    "relax_model_4_multimer_v3_pred_0": 307.3704023361206,
    "process_features_model_5_multimer_v3_pred_0": 1.71661376953125e-05,
    "predict_and_compile_model_5_multimer_v3_pred_0": 1410.1889433860779,
    "relax_model_5_multimer_v3_pred_0": 325.6083047389984
}