{
    "iptm+ptm": {
        "model_1_multimer_v3_pred_0": 0.7688500110937629,
        "model_2_multimer_v3_pred_0": 0.7861817258162465,
        "model_3_multimer_v3_pred_0": 0.8152796784676831,
        "model_4_multimer_v3_pred_0": 0.8139978955023499,
        "model_5_multimer_v3_pred_0": 0.811892995826722
    },
    "order": [
        "model_3_multimer_v3_pred_0",
        "model_4_multimer_v3_pred_0",
        "model_5_multimer_v3_pred_0",
        "model_2_multimer_v3_pred_0",
        "model_1_multimer_v3_pred_0"
    ]
}