{
    "features": 214.65206480026245,
    "process_features_model_1_multimer_v3_pred_0": 1.3828277587890625e-05,
    "predict_and_compile_model_1_multimer_v3_pred_0": 735.6595029830933,
    "relax_model_1_multimer_v3_pred_0": 274.2013657093048,
    "process_features_model_2_multimer_v3_pred_0": 1.2636184692382812e-05,
    "predict_and_compile_model_2_multimer_v3_pred_0": 414.0534334182739,
    "relax_model_2_multimer_v3_pred_0": 253.1196780204773,
    "process_features_model_3_multimer_v3_pred_0": 9.5367431640625e-06,
    "predict_and_compile_model_3_multimer_v3_pred_0": 478.62647700309753,
    "relax_model_3_multimer_v3_pred_0": 230.54490399360657,
    "process_features_model_4_multimer_v3_pred_0": 1.0728836059570312e-05,
    "predict_and_compile_model_4_multimer_v3_pred_0": 788.2961509227753,
    "relax_model_4_multimer_v3_pred_0": 210.3103346824646,
    "process_features_model_5_multimer_v3_pred_0": 1.239776611328125e-05,
    "predict_and_compile_model_5_multimer_v3_pred_0": 397.63484477996826,
    "relax_model_5_multimer_v3_pred_0": 296.2365560531616
}