{
    "iptm+ptm": {
        "model_1_multimer_v3_pred_0": 0.4595526589080943,
        "model_2_multimer_v3_pred_0": 0.4217917891554388,
        "model_3_multimer_v3_pred_0": 0.4555696528845128,
        "model_4_multimer_v3_pred_0": 0.46862477123786794,
        "model_5_multimer_v3_pred_0": 0.4797162684225517
    },
    "order": [
        "model_5_multimer_v3_pred_0",
        "model_4_multimer_v3_pred_0",
        "model_1_multimer_v3_pred_0",
        "model_3_multimer_v3_pred_0",
        "model_2_multimer_v3_pred_0"
    ]
}