{
    "features": 98.00514149665833,
    "process_features_model_1_multimer_v3_pred_0": 1.2636184692382812e-05,
    "predict_and_compile_model_1_multimer_v3_pred_0": 450.0429105758667,
    "relax_model_1_multimer_v3_pred_0": 145.36820363998413,
    "process_features_model_2_multimer_v3_pred_0": 4.76837158203125e-06,
    "predict_and_compile_model_2_multimer_v3_pred_0": 815.6586508750916,
    "relax_model_2_multimer_v3_pred_0": 382.5104818344116,
    "process_features_model_3_multimer_v3_pred_0": 5.245208740234375e-06,
    "predict_and_compile_model_3_multimer_v3_pred_0": 553.6254835128784,
    "relax_model_3_multimer_v3_pred_0": 199.37306594848633,
    "process_features_model_4_multimer_v3_pred_0": 4.5299530029296875e-06,
    "predict_and_compile_model_4_multimer_v3_pred_0": 497.9075708389282,
    "relax_model_4_multimer_v3_pred_0": 142.93650460243225,
    "process_features_model_5_multimer_v3_pred_0": 4.76837158203125e-06,
    "predict_and_compile_model_5_multimer_v3_pred_0": 541.6597006320953,
    "relax_model_5_multimer_v3_pred_0": 208.1749074459076
}