{
    "iptm+ptm": {
        "model_1_multimer_v3_pred_0": 0.5297596071027432,
        "model_2_multimer_v3_pred_0": 0.5638696132805177,
        "model_3_multimer_v3_pred_0": 0.524492679310484,
        "model_4_multimer_v3_pred_0": 0.5246410453984074,
        "model_5_multimer_v3_pred_0": 0.544249977615109
    },
    "order": [
        "model_2_multimer_v3_pred_0",
        "model_5_multimer_v3_pred_0",
        "model_1_multimer_v3_pred_0",
        "model_4_multimer_v3_pred_0",
        "model_3_multimer_v3_pred_0"
    ]
}