{
    "features": 135.06837582588196,
    "process_features_model_1_multimer_v3_pred_0": 5.626678466796875e-05,
    "predict_and_compile_model_1_multimer_v3_pred_0": 433.55815267562866,
    "relax_model_1_multimer_v3_pred_0": 289.21782422065735,
    "process_features_model_2_multimer_v3_pred_0": 7.62939453125e-06,
    "predict_and_compile_model_2_multimer_v3_pred_0": 514.5347199440002,
    "relax_model_2_multimer_v3_pred_0": 177.62304186820984,
    "process_features_model_3_multimer_v3_pred_0": 8.58306884765625e-06,
    "predict_and_compile_model_3_multimer_v3_pred_0": 547.2768199443817,
    "relax_model_3_multimer_v3_pred_0": 272.4134302139282,
    "process_features_model_4_multimer_v3_pred_0": 7.3909759521484375e-06,
    "predict_and_compile_model_4_multimer_v3_pred_0": 610.7935221195221,
    "relax_model_4_multimer_v3_pred_0": 224.42716646194458,
    "process_features_model_5_multimer_v3_pred_0": 6.4373016357421875e-06,
    "predict_and_compile_model_5_multimer_v3_pred_0": 643.9716060161591,
    "relax_model_5_multimer_v3_pred_0": 182.70644092559814
}