{
    "iptm+ptm": {
        "model_1_multimer_v3_pred_0": 0.48093774035760745,
        "model_2_multimer_v3_pred_0": 0.4737424532001628,
        "model_3_multimer_v3_pred_0": 0.45829786481061213,
        "model_4_multimer_v3_pred_0": 0.43138275174622154,
        "model_5_multimer_v3_pred_0": 0.5254345537243993
    },
    "order": [
        "model_5_multimer_v3_pred_0",
        "model_1_multimer_v3_pred_0",
        "model_2_multimer_v3_pred_0",
        "model_3_multimer_v3_pred_0",
        "model_4_multimer_v3_pred_0"
    ]
}