{
    "features": 261.8210349082947,
    "process_features_model_1_multimer_v3_pred_0": 1.4066696166992188e-05,
    "predict_and_compile_model_1_multimer_v3_pred_0": 1268.1664361953735,
    "relax_model_1_multimer_v3_pred_0": 206.25111055374146,
    "process_features_model_2_multimer_v3_pred_0": 4.76837158203125e-06,
    "predict_and_compile_model_2_multimer_v3_pred_0": 1721.7554938793182,
    "relax_model_2_multimer_v3_pred_0": 377.04068517684937,
    "process_features_model_3_multimer_v3_pred_0": 6.4373016357421875e-06,
    "predict_and_compile_model_3_multimer_v3_pred_0": 1496.9841513633728,
    "relax_model_3_multimer_v3_pred_0": 316.4597713947296,
    "process_features_model_4_multimer_v3_pred_0": 5.4836273193359375e-06,
    "predict_and_compile_model_4_multimer_v3_pred_0": 1693.589528799057,
    "relax_model_4_multimer_v3_pred_0": 283.7078056335449,
    "process_features_model_5_multimer_v3_pred_0": 5.7220458984375e-06,
    "predict_and_compile_model_5_multimer_v3_pred_0": 1695.904247045517,
    "relax_model_5_multimer_v3_pred_0": 291.1835789680481
}