{
    "iptm+ptm": {
        "model_1_multimer_v3_pred_0": 0.8915822399418735,
        "model_2_multimer_v3_pred_0": 0.899449521545741,
        "model_3_multimer_v3_pred_0": 0.8914351561773386,
        "model_4_multimer_v3_pred_0": 0.893310142433015,
        "model_5_multimer_v3_pred_0": 0.8929836859758492
    },
    "order": [
        "model_2_multimer_v3_pred_0",
        "model_4_multimer_v3_pred_0",
        "model_5_multimer_v3_pred_0",
        "model_1_multimer_v3_pred_0",
        "model_3_multimer_v3_pred_0"
    ]
}