{
    "features": 226.6133918762207,
    "process_features_model_1_multimer_v3_pred_0": 1.33514404296875e-05,
    "predict_and_compile_model_1_multimer_v3_pred_0": 506.5178153514862,
    "relax_model_1_multimer_v3_pred_0": 337.49121046066284,
    "process_features_model_2_multimer_v3_pred_0": 2.7179718017578125e-05,
    "predict_and_compile_model_2_multimer_v3_pred_0": 503.69765400886536,
    "relax_model_2_multimer_v3_pred_0": 306.20026183128357,
    "process_features_model_3_multimer_v3_pred_0": 1.1920928955078125e-05,
    "predict_and_compile_model_3_multimer_v3_pred_0": 646.7320210933685,
    "relax_model_3_multimer_v3_pred_0": 344.0306990146637,
    "process_features_model_4_multimer_v3_pred_0": 1.2874603271484375e-05,
    "predict_and_compile_model_4_multimer_v3_pred_0": 551.0288474559784,
    "relax_model_4_multimer_v3_pred_0": 280.49248027801514,
    "process_features_model_5_multimer_v3_pred_0": 1.5974044799804688e-05,
    "predict_and_compile_model_5_multimer_v3_pred_0": 505.758686542511,
    "relax_model_5_multimer_v3_pred_0": 381.89923214912415
}