{
    "iptm+ptm": {
        "model_1_multimer_v3_pred_0": 0.6694468731000194,
        "model_2_multimer_v3_pred_0": 0.6589189466366412,
        "model_3_multimer_v3_pred_0": 0.6590431085085605,
        "model_4_multimer_v3_pred_0": 0.6609754893717306,
        "model_5_multimer_v3_pred_0": 0.6591478679079023
    },
    "order": [
        "model_1_multimer_v3_pred_0",
        "model_4_multimer_v3_pred_0",
        "model_5_multimer_v3_pred_0",
        "model_3_multimer_v3_pred_0",
        "model_2_multimer_v3_pred_0"
    ]
}