{
    "features": 652.0807194709778,
    "process_features_model_1_multimer_v3_pred_0": 2.574920654296875e-05,
    "predict_and_compile_model_1_multimer_v3_pred_0": 7507.003427743912,
    "relax_model_1_multimer_v3_pred_0": 4501.263137578964,
    "process_features_model_2_multimer_v3_pred_0": 5.0067901611328125e-06,
    "predict_and_compile_model_2_multimer_v3_pred_0": 7466.28529548645,
    "relax_model_2_multimer_v3_pred_0": 4267.871772527695,
    "process_features_model_3_multimer_v3_pred_0": 4.291534423828125e-06,
    "predict_and_compile_model_3_multimer_v3_pred_0": 7494.50009727478,
    "relax_model_3_multimer_v3_pred_0": 4249.350314378738,
    "process_features_model_4_multimer_v3_pred_0": 5.0067901611328125e-06,
    "predict_and_compile_model_4_multimer_v3_pred_0": 7295.588821411133,
    "relax_model_4_multimer_v3_pred_0": 4036.047707557678,
    "process_features_model_5_multimer_v3_pred_0": 5.0067901611328125e-06,
    "predict_and_compile_model_5_multimer_v3_pred_0": 7286.6037940979,
    "relax_model_5_multimer_v3_pred_0": 6442.701421022415
}