{
    "iptm+ptm": {
        "model_1_multimer_v3_pred_0": 0.6480119006522365,
        "model_2_multimer_v3_pred_0": 0.6717872660855493,
        "model_3_multimer_v3_pred_0": 0.7149280008351183,
        "model_4_multimer_v3_pred_0": 0.6774947622891345,
        "model_5_multimer_v3_pred_0": 0.6707480982441132
    },
    "order": [
        "model_3_multimer_v3_pred_0",
        "model_4_multimer_v3_pred_0",
        "model_2_multimer_v3_pred_0",
        "model_5_multimer_v3_pred_0",
        "model_1_multimer_v3_pred_0"
    ]
}