{
    "features": 89.15673303604126,
    "process_features_model_1_multimer_v3_pred_0": 1.430511474609375e-05,
    "predict_and_compile_model_1_multimer_v3_pred_0": 191.9857370853424,
    "relax_model_1_multimer_v3_pred_0": 674.4188244342804,
    "process_features_model_2_multimer_v3_pred_0": 8.344650268554688e-06,
    "predict_and_compile_model_2_multimer_v3_pred_0": 146.51948142051697,
    "relax_model_2_multimer_v3_pred_0": 967.118230342865,
    "process_features_model_3_multimer_v3_pred_0": 6.9141387939453125e-06,
    "predict_and_compile_model_3_multimer_v3_pred_0": 171.72426080703735,
    "relax_model_3_multimer_v3_pred_0": 394.3339400291443,
    "process_features_model_4_multimer_v3_pred_0": 1.2874603271484375e-05,
    "predict_and_compile_model_4_multimer_v3_pred_0": 170.34076714515686,
    "relax_model_4_multimer_v3_pred_0": 1024.1382250785828,
    "process_features_model_5_multimer_v3_pred_0": 1.2874603271484375e-05,
    "predict_and_compile_model_5_multimer_v3_pred_0": 226.8745560646057,
    "relax_model_5_multimer_v3_pred_0": 708.6602017879486
}