{
    "iptm+ptm": {
        "model_1_multimer_v3_pred_0": 0.8118376992964456,
        "model_2_multimer_v3_pred_0": 0.8308811411277774,
        "model_3_multimer_v3_pred_0": 0.8008021132590762,
        "model_4_multimer_v3_pred_0": 0.8080846323250646,
        "model_5_multimer_v3_pred_0": 0.8129435866150807
    },
    "order": [
        "model_2_multimer_v3_pred_0",
        "model_5_multimer_v3_pred_0",
        "model_1_multimer_v3_pred_0",
        "model_4_multimer_v3_pred_0",
        "model_3_multimer_v3_pred_0"
    ]
}