{
    "features": 118.88657784461975,
    "process_features_model_1_multimer_v3_pred_0": 3.3855438232421875e-05,
    "predict_and_compile_model_1_multimer_v3_pred_0": 308.31534218788147,
    "relax_model_1_multimer_v3_pred_0": 167.72919130325317,
    "process_features_model_2_multimer_v3_pred_0": 1.2159347534179688e-05,
    "predict_and_compile_model_2_multimer_v3_pred_0": 360.2656126022339,
    "relax_model_2_multimer_v3_pred_0": 136.81525659561157,
    "process_features_model_3_multimer_v3_pred_0": 1.1682510375976562e-05,
    "predict_and_compile_model_3_multimer_v3_pred_0": 414.1600601673126,
    "relax_model_3_multimer_v3_pred_0": 320.65956020355225,
    "process_features_model_4_multimer_v3_pred_0": 8.821487426757812e-06,
    "predict_and_compile_model_4_multimer_v3_pred_0": 353.20144629478455,
    "relax_model_4_multimer_v3_pred_0": 235.90456795692444,
    "process_features_model_5_multimer_v3_pred_0": 3.0040740966796875e-05,
    "predict_and_compile_model_5_multimer_v3_pred_0": 295.51214122772217,
    "relax_model_5_multimer_v3_pred_0": 205.95162105560303
}