{
    "iptm+ptm": {
        "model_1_multimer_v3_pred_0": 0.4409538565745844,
        "model_2_multimer_v3_pred_0": 0.4431323499319221,
        "model_3_multimer_v3_pred_0": 0.42776648628808983,
        "model_4_multimer_v3_pred_0": 0.468305129769373,
        "model_5_multimer_v3_pred_0": 0.46064937597730565
    },
    "order": [
        "model_4_multimer_v3_pred_0",
        "model_5_multimer_v3_pred_0",
        "model_2_multimer_v3_pred_0",
        "model_1_multimer_v3_pred_0",
        "model_3_multimer_v3_pred_0"
    ]
}