{
    "features": 670.0825810432434,
    "process_features_model_1_multimer_v3_pred_0": 9.775161743164062e-06,
    "predict_and_compile_model_1_multimer_v3_pred_0": 509.6682527065277,
    "relax_model_1_multimer_v3_pred_0": 277.38857769966125,
    "process_features_model_2_multimer_v3_pred_0": 4.6253204345703125e-05,
    "predict_and_compile_model_2_multimer_v3_pred_0": 503.93566703796387,
    "relax_model_2_multimer_v3_pred_0": 292.27126598358154,
    "process_features_model_3_multimer_v3_pred_0": 8.821487426757812e-06,
    "predict_and_compile_model_3_multimer_v3_pred_0": 513.8317015171051,
    "relax_model_3_multimer_v3_pred_0": 247.40369367599487,
    "process_features_model_4_multimer_v3_pred_0": 1.8596649169921875e-05,
    "predict_and_compile_model_4_multimer_v3_pred_0": 815.0336313247681,
    "relax_model_4_multimer_v3_pred_0": 283.8470435142517,
    "process_features_model_5_multimer_v3_pred_0": 2.9087066650390625e-05,
    "predict_and_compile_model_5_multimer_v3_pred_0": 523.9686477184296,
    "relax_model_5_multimer_v3_pred_0": 267.69068789482117
}