{
    "iptm+ptm": {
        "model_1_multimer_v3_pred_0": 0.7280041158263029,
        "model_2_multimer_v3_pred_0": 0.7490686391007889,
        "model_3_multimer_v3_pred_0": 0.7330687982678731,
        "model_4_multimer_v3_pred_0": 0.760751867597311,
        "model_5_multimer_v3_pred_0": 0.745162488153918
    },
    "order": [
        "model_4_multimer_v3_pred_0",
        "model_2_multimer_v3_pred_0",
        "model_5_multimer_v3_pred_0",
        "model_3_multimer_v3_pred_0",
        "model_1_multimer_v3_pred_0"
    ]
}