{
    "features": 195.69779562950134,
    "process_features_model_1_multimer_v3_pred_0": 1.2636184692382812e-05,
    "predict_and_compile_model_1_multimer_v3_pred_0": 505.52197766304016,
    "relax_model_1_multimer_v3_pred_0": 558.3972644805908,
    "process_features_model_2_multimer_v3_pred_0": 3.0994415283203125e-05,
    "predict_and_compile_model_2_multimer_v3_pred_0": 784.5841739177704,
    "relax_model_2_multimer_v3_pred_0": 250.3250069618225,
    "process_features_model_3_multimer_v3_pred_0": 9.059906005859375e-06,
    "predict_and_compile_model_3_multimer_v3_pred_0": 511.79840564727783,
    "relax_model_3_multimer_v3_pred_0": 391.03013253211975,
    "process_features_model_4_multimer_v3_pred_0": 1.5974044799804688e-05,
    "predict_and_compile_model_4_multimer_v3_pred_0": 711.7577753067017,
    "relax_model_4_multimer_v3_pred_0": 290.7224028110504,
    "process_features_model_5_multimer_v3_pred_0": 1.049041748046875e-05,
    "predict_and_compile_model_5_multimer_v3_pred_0": 568.7123878002167,
    "relax_model_5_multimer_v3_pred_0": 237.35810685157776
}