{
    "iptm+ptm": {
        "model_1_multimer_v3_pred_0": 0.8471536243110267,
        "model_2_multimer_v3_pred_0": 0.8470315362148063,
        "model_3_multimer_v3_pred_0": 0.769669154548121,
        "model_4_multimer_v3_pred_0": 0.8024206985520451,
        "model_5_multimer_v3_pred_0": 0.8093649928456872
    },
    "order": [
        "model_1_multimer_v3_pred_0",
        "model_2_multimer_v3_pred_0",
        "model_5_multimer_v3_pred_0",
        "model_4_multimer_v3_pred_0",
        "model_3_multimer_v3_pred_0"
    ]
}