{
    "features": 101.36069440841675,
    "process_features_model_1_multimer_v3_pred_0": 2.5510787963867188e-05,
    "predict_and_compile_model_1_multimer_v3_pred_0": 336.84555745124817,
    "relax_model_1_multimer_v3_pred_0": 174.42424488067627,
    "process_features_model_2_multimer_v3_pred_0": 5.9604644775390625e-06,
    "predict_and_compile_model_2_multimer_v3_pred_0": 372.2437527179718,
    "relax_model_2_multimer_v3_pred_0": 267.88184881210327,
    "process_features_model_3_multimer_v3_pred_0": 7.152557373046875e-06,
    "predict_and_compile_model_3_multimer_v3_pred_0": 319.45386934280396,
    "relax_model_3_multimer_v3_pred_0": 230.75268244743347,
    "process_features_model_4_multimer_v3_pred_0": 6.4373016357421875e-06,
    "predict_and_compile_model_4_multimer_v3_pred_0": 353.3567876815796,
    "relax_model_4_multimer_v3_pred_0": 294.04819083213806,
    "process_features_model_5_multimer_v3_pred_0": 6.198883056640625e-06,
    "predict_and_compile_model_5_multimer_v3_pred_0": 331.0192160606384,
    "relax_model_5_multimer_v3_pred_0": 268.27650809288025
}