{
    "iptm+ptm": {
        "model_1_multimer_v3_pred_0": 0.3695901457378042,
        "model_2_multimer_v3_pred_0": 0.3885921791815496,
        "model_3_multimer_v3_pred_0": 0.4206734272344468,
        "model_4_multimer_v3_pred_0": 0.3710227791650861,
        "model_5_multimer_v3_pred_0": 0.4258403214626747
    },
    "order": [
        "model_5_multimer_v3_pred_0",
        "model_3_multimer_v3_pred_0",
        "model_2_multimer_v3_pred_0",
        "model_4_multimer_v3_pred_0",
        "model_1_multimer_v3_pred_0"
    ]
}