{
    "features": 264.9771018028259,
    "process_features_model_1_multimer_v3_pred_0": 1.0967254638671875e-05,
    "predict_and_compile_model_1_multimer_v3_pred_0": 1458.752873659134,
    "relax_model_1_multimer_v3_pred_0": 393.3907256126404,
    "process_features_model_2_multimer_v3_pred_0": 5.7220458984375e-06,
    "predict_and_compile_model_2_multimer_v3_pred_0": 1138.8529815673828,
    "relax_model_2_multimer_v3_pred_0": 520.1193857192993,
    "process_features_model_3_multimer_v3_pred_0": 3.218650817871094e-05,
    "predict_and_compile_model_3_multimer_v3_pred_0": 756.8634490966797,
    "relax_model_3_multimer_v3_pred_0": 406.00343680381775,
    "process_features_model_4_multimer_v3_pred_0": 5.9604644775390625e-06,
    "predict_and_compile_model_4_multimer_v3_pred_0": 753.0398190021515,
    "relax_model_4_multimer_v3_pred_0": 575.0301265716553,
    "process_features_model_5_multimer_v3_pred_0": 5.245208740234375e-06,
    "predict_and_compile_model_5_multimer_v3_pred_0": 1426.9379999637604,
    "relax_model_5_multimer_v3_pred_0": 754.961092710495
}