{
    "iptm+ptm": {
        "model_1_multimer_v3_pred_0": 0.8078404090686788,
        "model_2_multimer_v3_pred_0": 0.8152884572496976,
        "model_3_multimer_v3_pred_0": 0.8307027932677407,
        "model_4_multimer_v3_pred_0": 0.8060701168565465,
        "model_5_multimer_v3_pred_0": 0.8312286350758317
    },
    "order": [
        "model_5_multimer_v3_pred_0",
        "model_3_multimer_v3_pred_0",
        "model_2_multimer_v3_pred_0",
        "model_1_multimer_v3_pred_0",
        "model_4_multimer_v3_pred_0"
    ]
}