{
    "features": 182.68662095069885,
    "process_features_model_1_multimer_v3_pred_0": 1.1920928955078125e-05,
    "predict_and_compile_model_1_multimer_v3_pred_0": 486.1150059700012,
    "relax_model_1_multimer_v3_pred_0": 278.9583795070648,
    "process_features_model_2_multimer_v3_pred_0": 1.1920928955078125e-05,
    "predict_and_compile_model_2_multimer_v3_pred_0": 441.32982301712036,
    "relax_model_2_multimer_v3_pred_0": 966.2651178836823,
    "process_features_model_3_multimer_v3_pred_0": 1.049041748046875e-05,
    "predict_and_compile_model_3_multimer_v3_pred_0": 426.7395353317261,
    "relax_model_3_multimer_v3_pred_0": 334.6997272968292,
    "process_features_model_4_multimer_v3_pred_0": 9.775161743164062e-06,
    "predict_and_compile_model_4_multimer_v3_pred_0": 422.84508895874023,
    "relax_model_4_multimer_v3_pred_0": 257.5818111896515,
    "process_features_model_5_multimer_v3_pred_0": 7.414817810058594e-05,
    "predict_and_compile_model_5_multimer_v3_pred_0": 446.72605180740356,
    "relax_model_5_multimer_v3_pred_0": 289.84881258010864
}