{
    "iptm+ptm": {
        "model_1_multimer_v3_pred_0": 0.7258611571784994,
        "model_2_multimer_v3_pred_0": 0.7265101785229631,
        "model_3_multimer_v3_pred_0": 0.7206150494140623,
        "model_4_multimer_v3_pred_0": 0.7017985886606224,
        "model_5_multimer_v3_pred_0": 0.720365739709476
    },
    "order": [
        "model_2_multimer_v3_pred_0",
        "model_1_multimer_v3_pred_0",
        "model_3_multimer_v3_pred_0",
        "model_5_multimer_v3_pred_0",
        "model_4_multimer_v3_pred_0"
    ]
}