{
    "features": 231.26128435134888,
    "process_features_model_1_multimer_v3_pred_0": 1.0013580322265625e-05,
    "predict_and_compile_model_1_multimer_v3_pred_0": 491.80437898635864,
    "relax_model_1_multimer_v3_pred_0": 218.4158775806427,
    "process_features_model_2_multimer_v3_pred_0": 5.4836273193359375e-06,
    "predict_and_compile_model_2_multimer_v3_pred_0": 559.867990732193,
    "relax_model_2_multimer_v3_pred_0": 190.0579891204834,
    "process_features_model_3_multimer_v3_pred_0": 5.245208740234375e-06,
    "predict_and_compile_model_3_multimer_v3_pred_0": 795.4995687007904,
    "relax_model_3_multimer_v3_pred_0": 253.01113533973694,
    "process_features_model_4_multimer_v3_pred_0": 4.76837158203125e-06,
    "predict_and_compile_model_4_multimer_v3_pred_0": 592.6314823627472,
    "relax_model_4_multimer_v3_pred_0": 174.59872555732727,
    "process_features_model_5_multimer_v3_pred_0": 5.7220458984375e-06,
    "predict_and_compile_model_5_multimer_v3_pred_0": 1377.5858471393585,
    "relax_model_5_multimer_v3_pred_0": 203.74744772911072
}