{
    "iptm+ptm": {
        "model_1_multimer_v3_pred_0": 0.7908418317106831,
        "model_2_multimer_v3_pred_0": 0.8122255053259907,
        "model_3_multimer_v3_pred_0": 0.7798507893057548,
        "model_4_multimer_v3_pred_0": 0.7482496240445309,
        "model_5_multimer_v3_pred_0": 0.7553440082744628
    },
    "order": [
        "model_2_multimer_v3_pred_0",
        "model_1_multimer_v3_pred_0",
        "model_3_multimer_v3_pred_0",
        "model_5_multimer_v3_pred_0",
        "model_4_multimer_v3_pred_0"
    ]
}