{
    "features": 281.9036478996277,
    "process_features_model_1_multimer_v3_pred_0": 1.33514404296875e-05,
    "predict_and_compile_model_1_multimer_v3_pred_0": 616.2256462574005,
    "relax_model_1_multimer_v3_pred_0": 168.16276240348816,
    "process_features_model_2_multimer_v3_pred_0": 5.4836273193359375e-06,
    "predict_and_compile_model_2_multimer_v3_pred_0": 482.5441312789917,
    "relax_model_2_multimer_v3_pred_0": 214.85039615631104,
    "process_features_model_3_multimer_v3_pred_0": 5.0067901611328125e-06,
    "predict_and_compile_model_3_multimer_v3_pred_0": 783.7295939922333,
    "relax_model_3_multimer_v3_pred_0": 268.1442668437958,
    "process_features_model_4_multimer_v3_pred_0": 5.0067901611328125e-06,
    "predict_and_compile_model_4_multimer_v3_pred_0": 484.1533417701721,
    "relax_model_4_multimer_v3_pred_0": 205.16802644729614,
    "process_features_model_5_multimer_v3_pred_0": 5.4836273193359375e-06,
    "predict_and_compile_model_5_multimer_v3_pred_0": 829.462678194046,
    "relax_model_5_multimer_v3_pred_0": 211.61445260047913
}