{
    "iptm+ptm": {
        "model_1_multimer_v3_pred_0": 0.6233506172508205,
        "model_2_multimer_v3_pred_0": 0.7658896484965403,
        "model_3_multimer_v3_pred_0": 0.6537098178392521,
        "model_4_multimer_v3_pred_0": 0.6502505779380788,
        "model_5_multimer_v3_pred_0": 0.7190472503356853
    },
    "order": [
        "model_2_multimer_v3_pred_0",
        "model_5_multimer_v3_pred_0",
        "model_3_multimer_v3_pred_0",
        "model_4_multimer_v3_pred_0",
        "model_1_multimer_v3_pred_0"
    ]
}