{
    "features": 292.5623540878296,
    "process_features_model_1_multimer_v3_pred_0": 1.1205673217773438e-05,
    "predict_and_compile_model_1_multimer_v3_pred_0": 682.0740139484406,
    "relax_model_1_multimer_v3_pred_0": 246.28977417945862,
    "process_features_model_2_multimer_v3_pred_0": 1.621246337890625e-05,
    "predict_and_compile_model_2_multimer_v3_pred_0": 557.0343332290649,
    "relax_model_2_multimer_v3_pred_0": 212.00807857513428,
    "process_features_model_3_multimer_v3_pred_0": 5.4836273193359375e-06,
    "predict_and_compile_model_3_multimer_v3_pred_0": 621.3239948749542,
    "relax_model_3_multimer_v3_pred_0": 208.53330445289612,
    "process_features_model_4_multimer_v3_pred_0": 9.298324584960938e-06,
    "predict_and_compile_model_4_multimer_v3_pred_0": 732.2431120872498,
    "relax_model_4_multimer_v3_pred_0": 275.1856722831726,
    "process_features_model_5_multimer_v3_pred_0": 5.0067901611328125e-06,
    "predict_and_compile_model_5_multimer_v3_pred_0": 680.0851476192474,
    "relax_model_5_multimer_v3_pred_0": 222.61541295051575
}