{
    "iptm+ptm": {
        "model_1_multimer_v3_pred_0": 0.6907683251279596,
        "model_2_multimer_v3_pred_0": 0.7463480952898821,
        "model_3_multimer_v3_pred_0": 0.7403821986005296,
        "model_4_multimer_v3_pred_0": 0.7510263158703137,
        "model_5_multimer_v3_pred_0": 0.7312562121870798
    },
    "order": [
        "model_4_multimer_v3_pred_0",
        "model_2_multimer_v3_pred_0",
        "model_3_multimer_v3_pred_0",
        "model_5_multimer_v3_pred_0",
        "model_1_multimer_v3_pred_0"
    ]
}