{
    "features": 192.3004126548767,
    "process_features_model_1_multimer_v3_pred_0": 1.5974044799804688e-05,
    "predict_and_compile_model_1_multimer_v3_pred_0": 500.62050127983093,
    "relax_model_1_multimer_v3_pred_0": 329.1881670951843,
    "process_features_model_2_multimer_v3_pred_0": 5.245208740234375e-06,
    "predict_and_compile_model_2_multimer_v3_pred_0": 735.1129696369171,
    "relax_model_2_multimer_v3_pred_0": 311.0453724861145,
    "process_features_model_3_multimer_v3_pred_0": 5.7220458984375e-06,
    "predict_and_compile_model_3_multimer_v3_pred_0": 732.6089735031128,
    "relax_model_3_multimer_v3_pred_0": 248.3162784576416,
    "process_features_model_4_multimer_v3_pred_0": 6.699562072753906e-05,
    "predict_and_compile_model_4_multimer_v3_pred_0": 633.2317047119141,
    "relax_model_4_multimer_v3_pred_0": 310.8866083621979,
    "process_features_model_5_multimer_v3_pred_0": 5.245208740234375e-06,
    "predict_and_compile_model_5_multimer_v3_pred_0": 508.779390335083,
    "relax_model_5_multimer_v3_pred_0": 386.2387297153473
}