{
    "iptm+ptm": {
        "model_1_multimer_v3_pred_0": 0.5562337704332548,
        "model_2_multimer_v3_pred_0": 0.5510041648757475,
        "model_3_multimer_v3_pred_0": 0.7245531362133899,
        "model_4_multimer_v3_pred_0": 0.5752800431597905,
        "model_5_multimer_v3_pred_0": 0.5836683839468214
    },
    "order": [
        "model_3_multimer_v3_pred_0",
        "model_5_multimer_v3_pred_0",
        "model_4_multimer_v3_pred_0",
        "model_1_multimer_v3_pred_0",
        "model_2_multimer_v3_pred_0"
    ]
}