{
    "features": 78.80742526054382,
    "process_features_model_1_multimer_v3_pred_0": 3.838539123535156e-05,
    "predict_and_compile_model_1_multimer_v3_pred_0": 342.9258768558502,
    "process_features_model_2_multimer_v3_pred_0": 1.2159347534179688e-05,
    "predict_and_compile_model_2_multimer_v3_pred_0": 334.5737843513489,
    "process_features_model_3_multimer_v3_pred_0": 8.58306884765625e-06,
    "predict_and_compile_model_3_multimer_v3_pred_0": 404.2449758052826,
    "process_features_model_4_multimer_v3_pred_0": 3.170967102050781e-05,
    "predict_and_compile_model_4_multimer_v3_pred_0": 463.2061302661896,
    "process_features_model_5_multimer_v3_pred_0": 9.059906005859375e-06,
    "predict_and_compile_model_5_multimer_v3_pred_0": 360.0133993625641
}