{
    "iptm+ptm": {
        "model_1_multimer_v3_pred_0": 0.5487037210944822,
        "model_2_multimer_v3_pred_0": 0.5041822948733496,
        "model_3_multimer_v3_pred_0": 0.4575788585574715,
        "model_4_multimer_v3_pred_0": 0.49180875229496235,
        "model_5_multimer_v3_pred_0": 0.4579351417323908
    },
    "order": [
        "model_1_multimer_v3_pred_0",
        "model_2_multimer_v3_pred_0",
        "model_4_multimer_v3_pred_0",
        "model_5_multimer_v3_pred_0",
        "model_3_multimer_v3_pred_0"
    ]
}