{
    "features": 98.31734275817871,
    "process_features_model_1_multimer_v3_pred_0": 1.0251998901367188e-05,
    "predict_and_compile_model_1_multimer_v3_pred_0": 500.6983289718628,
    "relax_model_1_multimer_v3_pred_0": 126.05776762962341,
    "process_features_model_2_multimer_v3_pred_0": 6.9141387939453125e-06,
    "predict_and_compile_model_2_multimer_v3_pred_0": 436.4470238685608,
    "relax_model_2_multimer_v3_pred_0": 163.353333234787,
    "process_features_model_3_multimer_v3_pred_0": 3.361701965332031e-05,
    "predict_and_compile_model_3_multimer_v3_pred_0": 453.54090666770935,
    "relax_model_3_multimer_v3_pred_0": 226.9499855041504,
    "process_features_model_4_multimer_v3_pred_0": 7.152557373046875e-06,
    "predict_and_compile_model_4_multimer_v3_pred_0": 456.67709708213806,
    "relax_model_4_multimer_v3_pred_0": 241.69330310821533,
    "process_features_model_5_multimer_v3_pred_0": 5.9604644775390625e-06,
    "predict_and_compile_model_5_multimer_v3_pred_0": 793.3112723827362,
    "relax_model_5_multimer_v3_pred_0": 389.6821563243866
}