{
    "iptm+ptm": {
        "model_1_multimer_v3_pred_0": 0.8835120068119079,
        "model_2_multimer_v3_pred_0": 0.886119716192153,
        "model_3_multimer_v3_pred_0": 0.8743557993703339,
        "model_4_multimer_v3_pred_0": 0.874846112572927,
        "model_5_multimer_v3_pred_0": 0.8779137328331632
    },
    "order": [
        "model_2_multimer_v3_pred_0",
        "model_1_multimer_v3_pred_0",
        "model_5_multimer_v3_pred_0",
        "model_4_multimer_v3_pred_0",
        "model_3_multimer_v3_pred_0"
    ]
}