{
    "features": 200.1118562221527,
    "process_features_model_1_multimer_v3_pred_0": 1.4066696166992188e-05,
    "predict_and_compile_model_1_multimer_v3_pred_0": 594.4160723686218,
    "relax_model_1_multimer_v3_pred_0": 265.3150842189789,
    "process_features_model_2_multimer_v3_pred_0": 3.790855407714844e-05,
    "predict_and_compile_model_2_multimer_v3_pred_0": 473.25340127944946,
    "relax_model_2_multimer_v3_pred_0": 277.48085951805115,
    "process_features_model_3_multimer_v3_pred_0": 9.059906005859375e-06,
    "predict_and_compile_model_3_multimer_v3_pred_0": 406.7855885028839,
    "relax_model_3_multimer_v3_pred_0": 304.51955485343933,
    "process_features_model_4_multimer_v3_pred_0": 1.2159347534179688e-05,
    "predict_and_compile_model_4_multimer_v3_pred_0": 505.7160358428955,
    "relax_model_4_multimer_v3_pred_0": 235.14677739143372,
    "process_features_model_5_multimer_v3_pred_0": 8.821487426757812e-06,
    "predict_and_compile_model_5_multimer_v3_pred_0": 489.3591687679291,
    "relax_model_5_multimer_v3_pred_0": 237.77840757369995
}