{
    "iptm+ptm": {
        "model_1_multimer_v3_pred_0": 0.5355142232698167,
        "model_2_multimer_v3_pred_0": 0.5167638221227099,
        "model_3_multimer_v3_pred_0": 0.510918565688492,
        "model_4_multimer_v3_pred_0": 0.5954616404910483,
        "model_5_multimer_v3_pred_0": 0.6278378728663042
    },
    "order": [
        "model_5_multimer_v3_pred_0",
        "model_4_multimer_v3_pred_0",
        "model_1_multimer_v3_pred_0",
        "model_2_multimer_v3_pred_0",
        "model_3_multimer_v3_pred_0"
    ]
}