{
    "features": 227.41715931892395,
    "process_features_model_1_multimer_v3_pred_0": 2.2649765014648438e-05,
    "predict_and_compile_model_1_multimer_v3_pred_0": 1152.2161259651184,
    "relax_model_1_multimer_v3_pred_0": 174.12557172775269,
    "process_features_model_2_multimer_v3_pred_0": 4.76837158203125e-06,
    "predict_and_compile_model_2_multimer_v3_pred_0": 566.9733369350433,
    "relax_model_2_multimer_v3_pred_0": 244.85538625717163,
    "process_features_model_3_multimer_v3_pred_0": 2.0742416381835938e-05,
    "predict_and_compile_model_3_multimer_v3_pred_0": 1016.7707543373108,
    "relax_model_3_multimer_v3_pred_0": 565.6562759876251,
    "process_features_model_4_multimer_v3_pred_0": 5.245208740234375e-06,
    "predict_and_compile_model_4_multimer_v3_pred_0": 1436.2600922584534,
    "relax_model_4_multimer_v3_pred_0": 226.7274615764618,
    "process_features_model_5_multimer_v3_pred_0": 8.344650268554688e-06,
    "predict_and_compile_model_5_multimer_v3_pred_0": 1421.5587985515594,
    "relax_model_5_multimer_v3_pred_0": 277.3875172138214
}