{
    "iptm+ptm": {
        "model_1_multimer_v3_pred_0": 0.5268591382609817,
        "model_2_multimer_v3_pred_0": 0.5904054320697705,
        "model_3_multimer_v3_pred_0": 0.5223885590783401,
        "model_4_multimer_v3_pred_0": 0.5386920473950624,
        "model_5_multimer_v3_pred_0": 0.511630838892503
    },
    "order": [
        "model_2_multimer_v3_pred_0",
        "model_4_multimer_v3_pred_0",
        "model_1_multimer_v3_pred_0",
        "model_3_multimer_v3_pred_0",
        "model_5_multimer_v3_pred_0"
    ]
}