{
    "features": 101.9156699180603,
    "process_features_model_1_multimer_v3_pred_0": 2.8371810913085938e-05,
    "predict_and_compile_model_1_multimer_v3_pred_0": 637.855382680893,
    "relax_model_1_multimer_v3_pred_0": 191.98862266540527,
    "process_features_model_2_multimer_v3_pred_0": 5.7220458984375e-06,
    "predict_and_compile_model_2_multimer_v3_pred_0": 1185.8345034122467,
    "relax_model_2_multimer_v3_pred_0": 180.0212528705597,
    "process_features_model_3_multimer_v3_pred_0": 6.198883056640625e-06,
    "predict_and_compile_model_3_multimer_v3_pred_0": 807.9730637073517,
    "relax_model_3_multimer_v3_pred_0": 738.5161869525909,
    "process_features_model_4_multimer_v3_pred_0": 6.4373016357421875e-06,
    "predict_and_compile_model_4_multimer_v3_pred_0": 1166.2753534317017,
    "relax_model_4_multimer_v3_pred_0": 349.7978239059448,
    "process_features_model_5_multimer_v3_pred_0": 6.67572021484375e-06,
    "predict_and_compile_model_5_multimer_v3_pred_0": 1168.127141237259,
    "relax_model_5_multimer_v3_pred_0": 993.6509137153625
}