{
    "iptm+ptm": {
        "model_1_multimer_v3_pred_0": 0.5458138732344283,
        "model_2_multimer_v3_pred_0": 0.5688486280003509,
        "model_3_multimer_v3_pred_0": 0.40480768814476764,
        "model_4_multimer_v3_pred_0": 0.44973063756351206,
        "model_5_multimer_v3_pred_0": 0.4491453782545845
    },
    "order": [
        "model_2_multimer_v3_pred_0",
        "model_1_multimer_v3_pred_0",
        "model_4_multimer_v3_pred_0",
        "model_5_multimer_v3_pred_0",
        "model_3_multimer_v3_pred_0"
    ]
}