{
    "features": 143.29605913162231,
    "process_features_model_1_multimer_v3_pred_0": 1.0251998901367188e-05,
    "predict_and_compile_model_1_multimer_v3_pred_0": 726.3816246986389,
    "relax_model_1_multimer_v3_pred_0": 271.8775062561035,
    "process_features_model_2_multimer_v3_pred_0": 1.3828277587890625e-05,
    "predict_and_compile_model_2_multimer_v3_pred_0": 447.02389693260193,
    "relax_model_2_multimer_v3_pred_0": 221.8086187839508,
    "process_features_model_3_multimer_v3_pred_0": 9.059906005859375e-06,
    "predict_and_compile_model_3_multimer_v3_pred_0": 667.5306177139282,
    "relax_model_3_multimer_v3_pred_0": 207.9531693458557,
    "process_features_model_4_multimer_v3_pred_0": 9.059906005859375e-06,
    "predict_and_compile_model_4_multimer_v3_pred_0": 430.7701880931854,
    "relax_model_4_multimer_v3_pred_0": 284.36284852027893,
    "process_features_model_5_multimer_v3_pred_0": 8.821487426757812e-06,
    "predict_and_compile_model_5_multimer_v3_pred_0": 1023.0012729167938,
    "relax_model_5_multimer_v3_pred_0": 253.03265571594238
}