{
    "iptm+ptm": {
        "model_1_multimer_v3_pred_0": 0.2769167225727799,
        "model_2_multimer_v3_pred_0": 0.25477509742512316,
        "model_3_multimer_v3_pred_0": 0.26367949546298036,
        "model_4_multimer_v3_pred_0": 0.25156754629169,
        "model_5_multimer_v3_pred_0": 0.28681742859224435
    },
    "order": [
        "model_5_multimer_v3_pred_0",
        "model_1_multimer_v3_pred_0",
        "model_3_multimer_v3_pred_0",
        "model_2_multimer_v3_pred_0",
        "model_4_multimer_v3_pred_0"
    ]
}