{
    "features": 195.16287851333618,
    "process_features_model_1_multimer_v3_pred_0": 1.0013580322265625e-05,
    "predict_and_compile_model_1_multimer_v3_pred_0": 3028.9470162391663,
    "relax_model_1_multimer_v3_pred_0": 653.089873790741,
    "process_features_model_2_multimer_v3_pred_0": 4.291534423828125e-06,
    "predict_and_compile_model_2_multimer_v3_pred_0": 3021.6818788051605,
    "relax_model_2_multimer_v3_pred_0": 432.579785823822,
    "process_features_model_3_multimer_v3_pred_0": 5.245208740234375e-06,
    "predict_and_compile_model_3_multimer_v3_pred_0": 932.4144308567047,
    "relax_model_3_multimer_v3_pred_0": 1568.3484950065613,
    "process_features_model_4_multimer_v3_pred_0": 4.76837158203125e-06,
    "predict_and_compile_model_4_multimer_v3_pred_0": 2960.2287390232086,
    "relax_model_4_multimer_v3_pred_0": 610.9609110355377,
    "process_features_model_5_multimer_v3_pred_0": 8.344650268554688e-06,
    "predict_and_compile_model_5_multimer_v3_pred_0": 2954.510175704956,
    "relax_model_5_multimer_v3_pred_0": 662.062962770462
}