{
    "iptm+ptm": {
        "model_1_multimer_v3_pred_0": 0.7720063905159515,
        "model_2_multimer_v3_pred_0": 0.7532352624089447,
        "model_3_multimer_v3_pred_0": 0.775023075964229,
        "model_4_multimer_v3_pred_0": 0.7526495145344538,
        "model_5_multimer_v3_pred_0": 0.7702974801133806
    },
    "order": [
        "model_3_multimer_v3_pred_0",
        "model_1_multimer_v3_pred_0",
        "model_5_multimer_v3_pred_0",
        "model_2_multimer_v3_pred_0",
        "model_4_multimer_v3_pred_0"
    ]
}