{
    "features": 207.80906200408936,
    "process_features_model_1_multimer_v3_pred_0": 3.981590270996094e-05,
    "predict_and_compile_model_1_multimer_v3_pred_0": 598.7974848747253,
    "relax_model_1_multimer_v3_pred_0": 692.77037358284,
    "process_features_model_2_multimer_v3_pred_0": 1.4066696166992188e-05,
    "predict_and_compile_model_2_multimer_v3_pred_0": 882.6584703922272,
    "relax_model_2_multimer_v3_pred_0": 916.814555644989,
    "process_features_model_3_multimer_v3_pred_0": 1.049041748046875e-05,
    "predict_and_compile_model_3_multimer_v3_pred_0": 597.585987329483,
    "relax_model_3_multimer_v3_pred_0": 719.3559944629669,
    "process_features_model_4_multimer_v3_pred_0": 1.430511474609375e-05,
    "predict_and_compile_model_4_multimer_v3_pred_0": 517.4174523353577,
    "relax_model_4_multimer_v3_pred_0": 1882.8812401294708,
    "process_features_model_5_multimer_v3_pred_0": 1.1205673217773438e-05,
    "predict_and_compile_model_5_multimer_v3_pred_0": 626.4001557826996,
    "relax_model_5_multimer_v3_pred_0": 750.6142511367798
}