{
    "iptm+ptm": {
        "model_1_multimer_v3_pred_0": 0.8568541162857993,
        "model_2_multimer_v3_pred_0": 0.8701197701445077,
        "model_3_multimer_v3_pred_0": 0.8525451067183278,
        "model_4_multimer_v3_pred_0": 0.8465398077331342,
        "model_5_multimer_v3_pred_0": 0.8990907815271625
    },
    "order": [
        "model_5_multimer_v3_pred_0",
        "model_2_multimer_v3_pred_0",
        "model_1_multimer_v3_pred_0",
        "model_3_multimer_v3_pred_0",
        "model_4_multimer_v3_pred_0"
    ]
}