{
    "features": 198.14757871627808,
    "process_features_model_1_multimer_v3_pred_0": 9.775161743164062e-06,
    "predict_and_compile_model_1_multimer_v3_pred_0": 407.3392300605774,
    "relax_model_1_multimer_v3_pred_0": 119.21239280700684,
    "process_features_model_2_multimer_v3_pred_0": 9.775161743164062e-06,
    "predict_and_compile_model_2_multimer_v3_pred_0": 359.84794187545776,
    "relax_model_2_multimer_v3_pred_0": 229.71265625953674,
    "process_features_model_3_multimer_v3_pred_0": 6.9141387939453125e-06,
    "predict_and_compile_model_3_multimer_v3_pred_0": 364.5354504585266,
    "relax_model_3_multimer_v3_pred_0": 216.86687922477722,
    "process_features_model_4_multimer_v3_pred_0": 5.0067901611328125e-06,
    "predict_and_compile_model_4_multimer_v3_pred_0": 402.9659254550934,
    "relax_model_4_multimer_v3_pred_0": 184.40433359146118,
    "process_features_model_5_multimer_v3_pred_0": 6.4373016357421875e-06,
    "predict_and_compile_model_5_multimer_v3_pred_0": 345.76398944854736,
    "relax_model_5_multimer_v3_pred_0": 159.4445378780365
}