{
    "iptm+ptm": {
        "model_1_multimer_v3_pred_0": 0.8188391130656951,
        "model_2_multimer_v3_pred_0": 0.8093805340220801,
        "model_3_multimer_v3_pred_0": 0.8071874736703128,
        "model_4_multimer_v3_pred_0": 0.8304230530605916,
        "model_5_multimer_v3_pred_0": 0.8236303078180862
    },
    "order": [
        "model_4_multimer_v3_pred_0",
        "model_5_multimer_v3_pred_0",
        "model_1_multimer_v3_pred_0",
        "model_2_multimer_v3_pred_0",
        "model_3_multimer_v3_pred_0"
    ]
}