{
    "features": 102.88822507858276,
    "process_features_model_1_multimer_v3_pred_0": 1.1444091796875e-05,
    "predict_and_compile_model_1_multimer_v3_pred_0": 104.93790435791016,
    "relax_model_1_multimer_v3_pred_0": 295.65059447288513,
    "process_features_model_2_multimer_v3_pred_0": 5.7220458984375e-06,
    "predict_and_compile_model_2_multimer_v3_pred_0": 104.4734218120575,
    "relax_model_2_multimer_v3_pred_0": 465.92579436302185,
    "process_features_model_3_multimer_v3_pred_0": 5.0067901611328125e-06,
    "predict_and_compile_model_3_multimer_v3_pred_0": 98.23261332511902,
    "relax_model_3_multimer_v3_pred_0": 311.19790410995483,
    "process_features_model_4_multimer_v3_pred_0": 5.245208740234375e-06,
    "predict_and_compile_model_4_multimer_v3_pred_0": 100.54786396026611,
    "relax_model_4_multimer_v3_pred_0": 166.8876404762268,
    "process_features_model_5_multimer_v3_pred_0": 8.58306884765625e-06,
    "predict_and_compile_model_5_multimer_v3_pred_0": 95.16338729858398,
    "relax_model_5_multimer_v3_pred_0": 297.7077851295471
}