{
    "iptm+ptm": {
        "model_1_multimer_v3_pred_0": 0.831571455050275,
        "model_2_multimer_v3_pred_0": 0.7838681066775273,
        "model_3_multimer_v3_pred_0": 0.8534105400902648,
        "model_4_multimer_v3_pred_0": 0.820928041895482,
        "model_5_multimer_v3_pred_0": 0.6168390529925637
    },
    "order": [
        "model_3_multimer_v3_pred_0",
        "model_1_multimer_v3_pred_0",
        "model_4_multimer_v3_pred_0",
        "model_2_multimer_v3_pred_0",
        "model_5_multimer_v3_pred_0"
    ]
}