{
    "features": 293.4835247993469,
    "process_features_model_1_multimer_v3_pred_0": 2.5033950805664062e-05,
    "predict_and_compile_model_1_multimer_v3_pred_0": 1971.2408814430237,
    "relax_model_1_multimer_v3_pred_0": 516.6686825752258,
    "process_features_model_2_multimer_v3_pred_0": 2.4557113647460938e-05,
    "predict_and_compile_model_2_multimer_v3_pred_0": 1970.1907861232758,
    "relax_model_2_multimer_v3_pred_0": 938.8253085613251,
    "process_features_model_3_multimer_v3_pred_0": 5.7220458984375e-06,
    "predict_and_compile_model_3_multimer_v3_pred_0": 1972.6243319511414,
    "relax_model_3_multimer_v3_pred_0": 1283.2652645111084,
    "process_features_model_4_multimer_v3_pred_0": 5.9604644775390625e-06,
    "predict_and_compile_model_4_multimer_v3_pred_0": 1923.132628440857,
    "relax_model_4_multimer_v3_pred_0": 676.0939955711365,
    "process_features_model_5_multimer_v3_pred_0": 1.0728836059570312e-05,
    "predict_and_compile_model_5_multimer_v3_pred_0": 1889.6121625900269,
    "relax_model_5_multimer_v3_pred_0": 864.2500505447388
}