{
    "iptm+ptm": {
        "model_1_multimer_v3_pred_0": 0.8587641244092898,
        "model_2_multimer_v3_pred_0": 0.8708009056111715,
        "model_3_multimer_v3_pred_0": 0.880524268377341,
        "model_4_multimer_v3_pred_0": 0.8639003898756268,
        "model_5_multimer_v3_pred_0": 0.8654146894583354
    },
    "order": [
        "model_3_multimer_v3_pred_0",
        "model_2_multimer_v3_pred_0",
        "model_5_multimer_v3_pred_0",
        "model_4_multimer_v3_pred_0",
        "model_1_multimer_v3_pred_0"
    ]
}