{
    "features": 98.6889796257019,
    "process_features_model_1_multimer_v3_pred_0": 3.218650817871094e-05,
    "predict_and_compile_model_1_multimer_v3_pred_0": 461.91557240486145,
    "relax_model_1_multimer_v3_pred_0": 154.24265503883362,
    "process_features_model_2_multimer_v3_pred_0": 5.7220458984375e-06,
    "predict_and_compile_model_2_multimer_v3_pred_0": 529.8655154705048,
    "relax_model_2_multimer_v3_pred_0": 427.5082561969757,
    "process_features_model_3_multimer_v3_pred_0": 5.245208740234375e-06,
    "predict_and_compile_model_3_multimer_v3_pred_0": 972.658694267273,
    "relax_model_3_multimer_v3_pred_0": 225.93115949630737,
    "process_features_model_4_multimer_v3_pred_0": 5.0067901611328125e-06,
    "predict_and_compile_model_4_multimer_v3_pred_0": 1394.2553308010101,
    "relax_model_4_multimer_v3_pred_0": 455.32893800735474,
    "process_features_model_5_multimer_v3_pred_0": 6.9141387939453125e-06,
    "predict_and_compile_model_5_multimer_v3_pred_0": 790.8200840950012,
    "relax_model_5_multimer_v3_pred_0": 312.67536067962646
}