{
    "iptm+ptm": {
        "model_1_multimer_v3_pred_0": 0.8368710913960264,
        "model_2_multimer_v3_pred_0": 0.8372570117881607,
        "model_3_multimer_v3_pred_0": 0.8217303079560621,
        "model_4_multimer_v3_pred_0": 0.8302904618882672,
        "model_5_multimer_v3_pred_0": 0.8205092227839226
    },
    "order": [
        "model_2_multimer_v3_pred_0",
        "model_1_multimer_v3_pred_0",
        "model_4_multimer_v3_pred_0",
        "model_3_multimer_v3_pred_0",
        "model_5_multimer_v3_pred_0"
    ]
}