{
    "features": 214.2346706390381,
    "process_features_model_1_multimer_v3_pred_0": 3.5762786865234375e-05,
    "predict_and_compile_model_1_multimer_v3_pred_0": 1656.0073008537292,
    "relax_model_1_multimer_v3_pred_0": 299.7660846710205,
    "process_features_model_2_multimer_v3_pred_0": 2.3365020751953125e-05,
    "predict_and_compile_model_2_multimer_v3_pred_0": 1654.4734361171722,
    "relax_model_2_multimer_v3_pred_0": 826.3389141559601,
    "process_features_model_3_multimer_v3_pred_0": 1.3589859008789062e-05,
    "predict_and_compile_model_3_multimer_v3_pred_0": 750.1398491859436,
    "relax_model_3_multimer_v3_pred_0": 1092.8979392051697,
    "process_features_model_4_multimer_v3_pred_0": 1.3828277587890625e-05,
    "predict_and_compile_model_4_multimer_v3_pred_0": 1654.3409707546234,
    "relax_model_4_multimer_v3_pred_0": 851.659688949585,
    "process_features_model_5_multimer_v3_pred_0": 8.20159912109375e-05,
    "predict_and_compile_model_5_multimer_v3_pred_0": 1636.2988395690918,
    "relax_model_5_multimer_v3_pred_0": 800.8533082008362
}