{
    "iptm+ptm": {
        "model_1_multimer_v3_pred_0": 0.6842543901639804,
        "model_2_multimer_v3_pred_0": 0.7161675993323235,
        "model_3_multimer_v3_pred_0": 0.7096411166958978,
        "model_4_multimer_v3_pred_0": 0.7141092450634219,
        "model_5_multimer_v3_pred_0": 0.6887079446282797
    },
    "order": [
        "model_2_multimer_v3_pred_0",
        "model_4_multimer_v3_pred_0",
        "model_3_multimer_v3_pred_0",
        "model_5_multimer_v3_pred_0",
        "model_1_multimer_v3_pred_0"
    ]
}