{
    "features": 223.1829264163971,
    "process_features_model_1_multimer_v3_pred_0": 1.8596649169921875e-05,
    "predict_and_compile_model_1_multimer_v3_pred_0": 1985.2401633262634,
    "relax_model_1_multimer_v3_pred_0": 1315.4334280490875,
    "process_features_model_2_multimer_v3_pred_0": 1.5497207641601562e-05,
    "predict_and_compile_model_2_multimer_v3_pred_0": 1984.6327047348022,
    "relax_model_2_multimer_v3_pred_0": 1967.563574552536,
    "process_features_model_3_multimer_v3_pred_0": 1.0013580322265625e-05,
    "predict_and_compile_model_3_multimer_v3_pred_0": 1988.9231424331665,
    "relax_model_3_multimer_v3_pred_0": 1275.524602651596,
    "process_features_model_4_multimer_v3_pred_0": 1.0967254638671875e-05,
    "predict_and_compile_model_4_multimer_v3_pred_0": 1967.1402122974396,
    "relax_model_4_multimer_v3_pred_0": 1204.298657655716,
    "process_features_model_5_multimer_v3_pred_0": 1.239776611328125e-05,
    "predict_and_compile_model_5_multimer_v3_pred_0": 1970.6707417964935,
    "relax_model_5_multimer_v3_pred_0": 963.5167577266693
}