{
    "iptm+ptm": {
        "model_1_multimer_v3_pred_0": 0.7087535708565257,
        "model_2_multimer_v3_pred_0": 0.6900578270024252,
        "model_3_multimer_v3_pred_0": 0.6668244936810092,
        "model_4_multimer_v3_pred_0": 0.6788796965882437,
        "model_5_multimer_v3_pred_0": 0.6914806929197783
    },
    "order": [
        "model_1_multimer_v3_pred_0",
        "model_5_multimer_v3_pred_0",
        "model_2_multimer_v3_pred_0",
        "model_4_multimer_v3_pred_0",
        "model_3_multimer_v3_pred_0"
    ]
}