{
    "features": 186.23683977127075,
    "process_features_model_1_multimer_v3_pred_0": 2.5272369384765625e-05,
    "predict_and_compile_model_1_multimer_v3_pred_0": 537.1557621955872,
    "relax_model_1_multimer_v3_pred_0": 353.308128118515,
    "process_features_model_2_multimer_v3_pred_0": 5.030632019042969e-05,
    "predict_and_compile_model_2_multimer_v3_pred_0": 612.9863016605377,
    "relax_model_2_multimer_v3_pred_0": 782.0916273593903,
    "process_features_model_3_multimer_v3_pred_0": 9.5367431640625e-06,
    "predict_and_compile_model_3_multimer_v3_pred_0": 1029.2251970767975,
    "relax_model_3_multimer_v3_pred_0": 1897.820772409439,
    "process_features_model_4_multimer_v3_pred_0": 5.4836273193359375e-06,
    "predict_and_compile_model_4_multimer_v3_pred_0": 607.0601060390472,
    "relax_model_4_multimer_v3_pred_0": 414.5176613330841,
    "process_features_model_5_multimer_v3_pred_0": 6.198883056640625e-06,
    "predict_and_compile_model_5_multimer_v3_pred_0": 1090.369609594345,
    "relax_model_5_multimer_v3_pred_0": 578.7883665561676
}