{
    "iptm+ptm": {
        "model_1_multimer_v3_pred_0": 0.5712331057871226,
        "model_2_multimer_v3_pred_0": 0.5549908950261515,
        "model_3_multimer_v3_pred_0": 0.7321902517866603,
        "model_4_multimer_v3_pred_0": 0.5837541328950975,
        "model_5_multimer_v3_pred_0": 0.5989478274207067
    },
    "order": [
        "model_3_multimer_v3_pred_0",
        "model_5_multimer_v3_pred_0",
        "model_4_multimer_v3_pred_0",
        "model_1_multimer_v3_pred_0",
        "model_2_multimer_v3_pred_0"
    ]
}