{
    "features": 91.73603367805481,
    "process_features_model_1_multimer_v3_pred_0": 4.00543212890625e-05,
    "predict_and_compile_model_1_multimer_v3_pred_0": 343.7830448150635,
    "process_features_model_2_multimer_v3_pred_0": 2.4318695068359375e-05,
    "predict_and_compile_model_2_multimer_v3_pred_0": 345.1817047595978,
    "process_features_model_3_multimer_v3_pred_0": 2.956390380859375e-05,
    "predict_and_compile_model_3_multimer_v3_pred_0": 444.0955319404602,
    "process_features_model_4_multimer_v3_pred_0": 7.867813110351562e-06,
    "predict_and_compile_model_4_multimer_v3_pred_0": 469.0984125137329,
    "process_features_model_5_multimer_v3_pred_0": 4.744529724121094e-05,
    "predict_and_compile_model_5_multimer_v3_pred_0": 459.1058268547058
}