{
    "iptm+ptm": {
        "model_1_multimer_v3_pred_0": 0.8693187174696267,
        "model_2_multimer_v3_pred_0": 0.882314968072662,
        "model_3_multimer_v3_pred_0": 0.8768566561240259,
        "model_4_multimer_v3_pred_0": 0.864595143951852,
        "model_5_multimer_v3_pred_0": 0.882202079344456
    },
    "order": [
        "model_2_multimer_v3_pred_0",
        "model_5_multimer_v3_pred_0",
        "model_3_multimer_v3_pred_0",
        "model_1_multimer_v3_pred_0",
        "model_4_multimer_v3_pred_0"
    ]
}