{
    "features": 165.32660579681396,
    "process_features_model_1_multimer_v3_pred_0": 1.0013580322265625e-05,
    "predict_and_compile_model_1_multimer_v3_pred_0": 696.854031085968,
    "relax_model_1_multimer_v3_pred_0": 239.6427927017212,
    "process_features_model_2_multimer_v3_pred_0": 5.4836273193359375e-06,
    "predict_and_compile_model_2_multimer_v3_pred_0": 822.7612280845642,
    "relax_model_2_multimer_v3_pred_0": 229.01330995559692,
    "process_features_model_3_multimer_v3_pred_0": 6.67572021484375e-06,
    "predict_and_compile_model_3_multimer_v3_pred_0": 455.69299030303955,
    "relax_model_3_multimer_v3_pred_0": 222.9675316810608,
    "process_features_model_4_multimer_v3_pred_0": 7.152557373046875e-06,
    "predict_and_compile_model_4_multimer_v3_pred_0": 583.0480802059174,
    "relax_model_4_multimer_v3_pred_0": 371.3463840484619,
    "process_features_model_5_multimer_v3_pred_0": 6.4373016357421875e-06,
    "predict_and_compile_model_5_multimer_v3_pred_0": 446.2713408470154,
    "relax_model_5_multimer_v3_pred_0": 317.0334198474884
}