{
    "iptm+ptm": {
        "model_1_multimer_v3_pred_0": 0.7352166984816095,
        "model_2_multimer_v3_pred_0": 0.6084399347981332,
        "model_3_multimer_v3_pred_0": 0.750639020499144,
        "model_4_multimer_v3_pred_0": 0.7218539690473597,
        "model_5_multimer_v3_pred_0": 0.6572398966368848
    },
    "order": [
        "model_3_multimer_v3_pred_0",
        "model_1_multimer_v3_pred_0",
        "model_4_multimer_v3_pred_0",
        "model_5_multimer_v3_pred_0",
        "model_2_multimer_v3_pred_0"
    ]
}