{
    "features": 165.8979480266571,
    "process_features_model_1_multimer_v3_pred_0": 1.0013580322265625e-05,
    "predict_and_compile_model_1_multimer_v3_pred_0": 748.860586643219,
    "relax_model_1_multimer_v3_pred_0": 417.36507964134216,
    "process_features_model_2_multimer_v3_pred_0": 5.7220458984375e-06,
    "predict_and_compile_model_2_multimer_v3_pred_0": 972.1660711765289,
    "relax_model_2_multimer_v3_pred_0": 356.0475776195526,
    "process_features_model_3_multimer_v3_pred_0": 5.4836273193359375e-06,
    "predict_and_compile_model_3_multimer_v3_pred_0": 684.5933685302734,
    "relax_model_3_multimer_v3_pred_0": 367.4456989765167,
    "process_features_model_4_multimer_v3_pred_0": 6.9141387939453125e-06,
    "predict_and_compile_model_4_multimer_v3_pred_0": 673.3149762153625,
    "relax_model_4_multimer_v3_pred_0": 302.81511521339417,
    "process_features_model_5_multimer_v3_pred_0": 7.62939453125e-06,
    "predict_and_compile_model_5_multimer_v3_pred_0": 1373.3413207530975,
    "relax_model_5_multimer_v3_pred_0": 215.24345064163208
}