{
    "iptm+ptm": {
        "model_1_multimer_v3_pred_0": 0.23160374222368996,
        "model_2_multimer_v3_pred_0": 0.22984179772631896,
        "model_3_multimer_v3_pred_0": 0.26859922274467973,
        "model_4_multimer_v3_pred_0": 0.2862874424302257,
        "model_5_multimer_v3_pred_0": 0.27568381449732304
    },
    "order": [
        "model_4_multimer_v3_pred_0",
        "model_5_multimer_v3_pred_0",
        "model_3_multimer_v3_pred_0",
        "model_1_multimer_v3_pred_0",
        "model_2_multimer_v3_pred_0"
    ]
}