{
    "features": 196.86945414543152,
    "process_features_model_1_multimer_v3_pred_0": 2.3603439331054688e-05,
    "predict_and_compile_model_1_multimer_v3_pred_0": 653.222249507904,
    "relax_model_1_multimer_v3_pred_0": 888.5987386703491,
    "process_features_model_2_multimer_v3_pred_0": 7.867813110351562e-06,
    "predict_and_compile_model_2_multimer_v3_pred_0": 688.2177648544312,
    "relax_model_2_multimer_v3_pred_0": 831.9302725791931,
    "process_features_model_3_multimer_v3_pred_0": 8.106231689453125e-06,
    "predict_and_compile_model_3_multimer_v3_pred_0": 1040.9893960952759,
    "relax_model_3_multimer_v3_pred_0": 1445.136578321457,
    "process_features_model_4_multimer_v3_pred_0": 7.152557373046875e-06,
    "predict_and_compile_model_4_multimer_v3_pred_0": 722.1223731040955,
    "relax_model_4_multimer_v3_pred_0": 469.0943031311035,
    "process_features_model_5_multimer_v3_pred_0": 5.0067901611328125e-06,
    "predict_and_compile_model_5_multimer_v3_pred_0": 1821.9206006526947,
    "relax_model_5_multimer_v3_pred_0": 1647.0694947242737
}