{
    "iptm+ptm": {
        "model_1_multimer_v3_pred_0": 0.8045208561521825,
        "model_2_multimer_v3_pred_0": 0.8543222188549751,
        "model_3_multimer_v3_pred_0": 0.8621160919665949,
        "model_4_multimer_v3_pred_0": 0.8158005271025477,
        "model_5_multimer_v3_pred_0": 0.8589554451730724
    },
    "order": [
        "model_3_multimer_v3_pred_0",
        "model_5_multimer_v3_pred_0",
        "model_2_multimer_v3_pred_0",
        "model_4_multimer_v3_pred_0",
        "model_1_multimer_v3_pred_0"
    ]
}