{
    "features": 159.68258237838745,
    "process_features_model_1_multimer_v3_pred_0": 1.33514404296875e-05,
    "predict_and_compile_model_1_multimer_v3_pred_0": 648.4073987007141,
    "relax_model_1_multimer_v3_pred_0": 189.46103143692017,
    "process_features_model_2_multimer_v3_pred_0": 1.3589859008789062e-05,
    "predict_and_compile_model_2_multimer_v3_pred_0": 640.132176399231,
    "relax_model_2_multimer_v3_pred_0": 359.03229904174805,
    "process_features_model_3_multimer_v3_pred_0": 6.4373016357421875e-06,
    "predict_and_compile_model_3_multimer_v3_pred_0": 461.23705434799194,
    "relax_model_3_multimer_v3_pred_0": 386.4004144668579,
    "process_features_model_4_multimer_v3_pred_0": 5.9604644775390625e-06,
    "predict_and_compile_model_4_multimer_v3_pred_0": 1433.919793844223,
    "relax_model_4_multimer_v3_pred_0": 240.7610149383545,
    "process_features_model_5_multimer_v3_pred_0": 8.106231689453125e-06,
    "predict_and_compile_model_5_multimer_v3_pred_0": 1322.186197757721,
    "relax_model_5_multimer_v3_pred_0": 682.092992067337
}