{
    "iptm+ptm": {
        "model_1_multimer_v3_pred_0": 0.8217908322212919,
        "model_2_multimer_v3_pred_0": 0.8385172151094407,
        "model_3_multimer_v3_pred_0": 0.848897301611553,
        "model_4_multimer_v3_pred_0": 0.839178005231178,
        "model_5_multimer_v3_pred_0": 0.8491445281445674
    },
    "order": [
        "model_5_multimer_v3_pred_0",
        "model_3_multimer_v3_pred_0",
        "model_4_multimer_v3_pred_0",
        "model_2_multimer_v3_pred_0",
        "model_1_multimer_v3_pred_0"
    ]
}