{
    "features": 177.0820107460022,
    "process_features_model_1_multimer_v3_pred_0": 1.1205673217773438e-05,
    "predict_and_compile_model_1_multimer_v3_pred_0": 683.7130396366119,
    "relax_model_1_multimer_v3_pred_0": 505.71531772613525,
    "process_features_model_2_multimer_v3_pred_0": 5.7220458984375e-06,
    "predict_and_compile_model_2_multimer_v3_pred_0": 412.01429533958435,
    "relax_model_2_multimer_v3_pred_0": 355.1778521537781,
    "process_features_model_3_multimer_v3_pred_0": 6.67572021484375e-06,
    "predict_and_compile_model_3_multimer_v3_pred_0": 432.56891345977783,
    "relax_model_3_multimer_v3_pred_0": 383.87910294532776,
    "process_features_model_4_multimer_v3_pred_0": 6.4373016357421875e-06,
    "predict_and_compile_model_4_multimer_v3_pred_0": 407.0383093357086,
    "relax_model_4_multimer_v3_pred_0": 519.4112973213196,
    "process_features_model_5_multimer_v3_pred_0": 7.152557373046875e-06,
    "predict_and_compile_model_5_multimer_v3_pred_0": 507.21760725975037,
    "relax_model_5_multimer_v3_pred_0": 316.7375428676605
}