{
    "iptm+ptm": {
        "model_1_multimer_v3_pred_0": 0.8497030201299068,
        "model_2_multimer_v3_pred_0": 0.8543782593022504,
        "model_3_multimer_v3_pred_0": 0.8430018620239401,
        "model_4_multimer_v3_pred_0": 0.8606539654063966,
        "model_5_multimer_v3_pred_0": 0.8590517275778637
    },
    "order": [
        "model_4_multimer_v3_pred_0",
        "model_5_multimer_v3_pred_0",
        "model_2_multimer_v3_pred_0",
        "model_1_multimer_v3_pred_0",
        "model_3_multimer_v3_pred_0"
    ]
}