{
    "features": 178.64942622184753,
    "process_features_model_1_multimer_v3_pred_0": 1.049041748046875e-05,
    "predict_and_compile_model_1_multimer_v3_pred_0": 808.9442808628082,
    "relax_model_1_multimer_v3_pred_0": 244.24810457229614,
    "process_features_model_2_multimer_v3_pred_0": 3.838539123535156e-05,
    "predict_and_compile_model_2_multimer_v3_pred_0": 585.1604635715485,
    "relax_model_2_multimer_v3_pred_0": 220.2264392375946,
    "process_features_model_3_multimer_v3_pred_0": 6.4373016357421875e-06,
    "predict_and_compile_model_3_multimer_v3_pred_0": 592.331063747406,
    "relax_model_3_multimer_v3_pred_0": 326.7494819164276,
    "process_features_model_4_multimer_v3_pred_0": 5.7220458984375e-06,
    "predict_and_compile_model_4_multimer_v3_pred_0": 1019.9877619743347,
    "relax_model_4_multimer_v3_pred_0": 319.0349931716919,
    "process_features_model_5_multimer_v3_pred_0": 5.9604644775390625e-06,
    "predict_and_compile_model_5_multimer_v3_pred_0": 1013.4788229465485,
    "relax_model_5_multimer_v3_pred_0": 242.7628219127655
}