{
    "iptm+ptm": {
        "model_1_multimer_v3_pred_0": 0.9052193379080261,
        "model_2_multimer_v3_pred_0": 0.9035098523900238,
        "model_3_multimer_v3_pred_0": 0.9025955782306123,
        "model_4_multimer_v3_pred_0": 0.9067612554895444,
        "model_5_multimer_v3_pred_0": 0.906793003391358
    },
    "order": [
        "model_5_multimer_v3_pred_0",
        "model_4_multimer_v3_pred_0",
        "model_1_multimer_v3_pred_0",
        "model_2_multimer_v3_pred_0",
        "model_3_multimer_v3_pred_0"
    ]
}