{
    "features": 118.00616550445557,
    "process_features_model_1_multimer_v3_pred_0": 2.0503997802734375e-05,
    "predict_and_compile_model_1_multimer_v3_pred_0": 1568.779922246933,
    "relax_model_1_multimer_v3_pred_0": 634.9764091968536,
    "process_features_model_2_multimer_v3_pred_0": 2.9087066650390625e-05,
    "predict_and_compile_model_2_multimer_v3_pred_0": 634.1493527889252,
    "relax_model_2_multimer_v3_pred_0": 209.12359070777893,
    "process_features_model_3_multimer_v3_pred_0": 5.245208740234375e-06,
    "predict_and_compile_model_3_multimer_v3_pred_0": 1229.847600698471,
    "relax_model_3_multimer_v3_pred_0": 246.3839979171753,
    "process_features_model_4_multimer_v3_pred_0": 5.7220458984375e-06,
    "predict_and_compile_model_4_multimer_v3_pred_0": 1576.368513584137,
    "relax_model_4_multimer_v3_pred_0": 314.2427349090576,
    "process_features_model_5_multimer_v3_pred_0": 4.76837158203125e-06,
    "predict_and_compile_model_5_multimer_v3_pred_0": 875.7670941352844,
    "relax_model_5_multimer_v3_pred_0": 905.0845186710358
}