{
    "iptm+ptm": {
        "model_1_multimer_v3_pred_0": 0.6589414797202806,
        "model_2_multimer_v3_pred_0": 0.6359636447560191,
        "model_3_multimer_v3_pred_0": 0.58979790498016,
        "model_4_multimer_v3_pred_0": 0.598628136311321,
        "model_5_multimer_v3_pred_0": 0.6692642765955911
    },
    "order": [
        "model_5_multimer_v3_pred_0",
        "model_1_multimer_v3_pred_0",
        "model_2_multimer_v3_pred_0",
        "model_4_multimer_v3_pred_0",
        "model_3_multimer_v3_pred_0"
    ]
}