{
    "features": 280.4770495891571,
    "process_features_model_1_multimer_v3_pred_0": 1.3113021850585938e-05,
    "predict_and_compile_model_1_multimer_v3_pred_0": 2119.332253217697,
    "relax_model_1_multimer_v3_pred_0": 938.4070339202881,
    "process_features_model_2_multimer_v3_pred_0": 2.0503997802734375e-05,
    "predict_and_compile_model_2_multimer_v3_pred_0": 2116.442933320999,
    "relax_model_2_multimer_v3_pred_0": 1274.4480814933777,
    "process_features_model_3_multimer_v3_pred_0": 8.106231689453125e-06,
    "predict_and_compile_model_3_multimer_v3_pred_0": 2125.6130888462067,
    "relax_model_3_multimer_v3_pred_0": 1472.9301371574402,
    "process_features_model_4_multimer_v3_pred_0": 5.0067901611328125e-06,
    "predict_and_compile_model_4_multimer_v3_pred_0": 2091.0042238235474,
    "relax_model_4_multimer_v3_pred_0": 907.178032875061,
    "process_features_model_5_multimer_v3_pred_0": 8.344650268554688e-06,
    "predict_and_compile_model_5_multimer_v3_pred_0": 2087.8683819770813,
    "relax_model_5_multimer_v3_pred_0": 1214.8910295963287
}