{
    "iptm+ptm": {
        "model_1_multimer_v3_pred_0": 0.866468289731962,
        "model_2_multimer_v3_pred_0": 0.8646999506353985,
        "model_3_multimer_v3_pred_0": 0.8642994717547611,
        "model_4_multimer_v3_pred_0": 0.8762912660995852,
        "model_5_multimer_v3_pred_0": 0.8749498880665344
    },
    "order": [
        "model_4_multimer_v3_pred_0",
        "model_5_multimer_v3_pred_0",
        "model_1_multimer_v3_pred_0",
        "model_2_multimer_v3_pred_0",
        "model_3_multimer_v3_pred_0"
    ]
}