{
    "features": 178.41498708724976,
    "process_features_model_1_multimer_v3_pred_0": 1.0728836059570312e-05,
    "predict_and_compile_model_1_multimer_v3_pred_0": 520.6605136394501,
    "relax_model_1_multimer_v3_pred_0": 288.54588770866394,
    "process_features_model_2_multimer_v3_pred_0": 2.5510787963867188e-05,
    "predict_and_compile_model_2_multimer_v3_pred_0": 463.61862683296204,
    "relax_model_2_multimer_v3_pred_0": 359.37766671180725,
    "process_features_model_3_multimer_v3_pred_0": 5.9604644775390625e-06,
    "predict_and_compile_model_3_multimer_v3_pred_0": 720.4382538795471,
    "relax_model_3_multimer_v3_pred_0": 298.78692150115967,
    "process_features_model_4_multimer_v3_pred_0": 5.4836273193359375e-06,
    "predict_and_compile_model_4_multimer_v3_pred_0": 639.4072976112366,
    "relax_model_4_multimer_v3_pred_0": 323.6183919906616,
    "process_features_model_5_multimer_v3_pred_0": 5.7220458984375e-06,
    "predict_and_compile_model_5_multimer_v3_pred_0": 519.2037835121155,
    "relax_model_5_multimer_v3_pred_0": 198.9097752571106
}