{
    "iptm+ptm": {
        "model_1_multimer_v3_pred_0": 0.6425932520001838,
        "model_2_multimer_v3_pred_0": 0.6443257008992721,
        "model_3_multimer_v3_pred_0": 0.6374180837277135,
        "model_4_multimer_v3_pred_0": 0.6464802665779767,
        "model_5_multimer_v3_pred_0": 0.65393048940297
    },
    "order": [
        "model_5_multimer_v3_pred_0",
        "model_4_multimer_v3_pred_0",
        "model_2_multimer_v3_pred_0",
        "model_1_multimer_v3_pred_0",
        "model_3_multimer_v3_pred_0"
    ]
}