{
    "features": 3244.4676814079285,
    "process_features_model_1_multimer_v3_pred_0": 1.0728836059570312e-05,
    "predict_and_compile_model_1_multimer_v3_pred_0": 1650.2733404636383,
    "relax_model_1_multimer_v3_pred_0": 285.00844144821167,
    "process_features_model_2_multimer_v3_pred_0": 3.266334533691406e-05,
    "predict_and_compile_model_2_multimer_v3_pred_0": 1660.7346003055573,
    "relax_model_2_multimer_v3_pred_0": 632.6548612117767,
    "process_features_model_3_multimer_v3_pred_0": 2.193450927734375e-05,
    "predict_and_compile_model_3_multimer_v3_pred_0": 938.0444781780243,
    "relax_model_3_multimer_v3_pred_0": 784.5017232894897,
    "process_features_model_4_multimer_v3_pred_0": 2.2649765014648438e-05,
    "predict_and_compile_model_4_multimer_v3_pred_0": 1666.6685230731964,
    "relax_model_4_multimer_v3_pred_0": 184.1361334323883,
    "process_features_model_5_multimer_v3_pred_0": 2.0742416381835938e-05,
    "predict_and_compile_model_5_multimer_v3_pred_0": 1640.7517058849335,
    "relax_model_5_multimer_v3_pred_0": 209.0487151145935
}