{
    "iptm+ptm": {
        "model_1_multimer_v3_pred_0": 0.6404709741956791,
        "model_2_multimer_v3_pred_0": 0.6668366145903831,
        "model_3_multimer_v3_pred_0": 0.6774073840139532,
        "model_4_multimer_v3_pred_0": 0.7028628211942571,
        "model_5_multimer_v3_pred_0": 0.6646702903981663
    },
    "order": [
        "model_4_multimer_v3_pred_0",
        "model_3_multimer_v3_pred_0",
        "model_2_multimer_v3_pred_0",
        "model_5_multimer_v3_pred_0",
        "model_1_multimer_v3_pred_0"
    ]
}