{
    "features": 172.70579409599304,
    "process_features_model_1_multimer_v3_pred_0": 1.1205673217773438e-05,
    "predict_and_compile_model_1_multimer_v3_pred_0": 408.4172315597534,
    "relax_model_1_multimer_v3_pred_0": 800.5311255455017,
    "process_features_model_2_multimer_v3_pred_0": 6.198883056640625e-06,
    "predict_and_compile_model_2_multimer_v3_pred_0": 455.74292969703674,
    "relax_model_2_multimer_v3_pred_0": 297.8107399940491,
    "process_features_model_3_multimer_v3_pred_0": 5.0067901611328125e-06,
    "predict_and_compile_model_3_multimer_v3_pred_0": 397.40342926979065,
    "relax_model_3_multimer_v3_pred_0": 256.56465220451355,
    "process_features_model_4_multimer_v3_pred_0": 5.7220458984375e-06,
    "predict_and_compile_model_4_multimer_v3_pred_0": 465.3534138202667,
    "relax_model_4_multimer_v3_pred_0": 282.7834346294403,
    "process_features_model_5_multimer_v3_pred_0": 5.7220458984375e-06,
    "predict_and_compile_model_5_multimer_v3_pred_0": 473.38881516456604,
    "relax_model_5_multimer_v3_pred_0": 351.8917098045349
}