{
    "iptm+ptm": {
        "model_1_multimer_v3_pred_0": 0.8894887135752862,
        "model_2_multimer_v3_pred_0": 0.8871133984559704,
        "model_3_multimer_v3_pred_0": 0.8939010432700489,
        "model_4_multimer_v3_pred_0": 0.892764511211477,
        "model_5_multimer_v3_pred_0": 0.8934173266878483
    },
    "order": [
        "model_3_multimer_v3_pred_0",
        "model_5_multimer_v3_pred_0",
        "model_4_multimer_v3_pred_0",
        "model_1_multimer_v3_pred_0",
        "model_2_multimer_v3_pred_0"
    ]
}