{
    "features": 175.54497456550598,
    "process_features_model_1_multimer_v3_pred_0": 3.147125244140625e-05,
    "predict_and_compile_model_1_multimer_v3_pred_0": 498.89845609664917,
    "relax_model_1_multimer_v3_pred_0": 300.8645865917206,
    "process_features_model_2_multimer_v3_pred_0": 6.67572021484375e-06,
    "predict_and_compile_model_2_multimer_v3_pred_0": 496.4221546649933,
    "relax_model_2_multimer_v3_pred_0": 312.899320602417,
    "process_features_model_3_multimer_v3_pred_0": 6.198883056640625e-06,
    "predict_and_compile_model_3_multimer_v3_pred_0": 508.2078981399536,
    "relax_model_3_multimer_v3_pred_0": 254.58828711509705,
    "process_features_model_4_multimer_v3_pred_0": 6.67572021484375e-06,
    "predict_and_compile_model_4_multimer_v3_pred_0": 419.21619486808777,
    "relax_model_4_multimer_v3_pred_0": 947.5092506408691,
    "process_features_model_5_multimer_v3_pred_0": 6.198883056640625e-06,
    "predict_and_compile_model_5_multimer_v3_pred_0": 483.83588790893555,
    "relax_model_5_multimer_v3_pred_0": 312.54404044151306
}