{
    "iptm+ptm": {
        "model_1_multimer_v3_pred_0": 0.6169437631708965,
        "model_2_multimer_v3_pred_0": 0.5265363247234779,
        "model_3_multimer_v3_pred_0": 0.5726745009259078,
        "model_4_multimer_v3_pred_0": 0.7246746814400989,
        "model_5_multimer_v3_pred_0": 0.7552215010628577
    },
    "order": [
        "model_5_multimer_v3_pred_0",
        "model_4_multimer_v3_pred_0",
        "model_1_multimer_v3_pred_0",
        "model_3_multimer_v3_pred_0",
        "model_2_multimer_v3_pred_0"
    ]
}