{
    "features": 236.6491401195526,
    "process_features_model_1_multimer_v3_pred_0": 4.3392181396484375e-05,
    "predict_and_compile_model_1_multimer_v3_pred_0": 1226.8698740005493,
    "relax_model_1_multimer_v3_pred_0": 174.52980852127075,
    "process_features_model_2_multimer_v3_pred_0": 2.0503997802734375e-05,
    "predict_and_compile_model_2_multimer_v3_pred_0": 1389.731550693512,
    "relax_model_2_multimer_v3_pred_0": 238.39611887931824,
    "process_features_model_3_multimer_v3_pred_0": 5.0067901611328125e-06,
    "predict_and_compile_model_3_multimer_v3_pred_0": 1388.9561355113983,
    "relax_model_3_multimer_v3_pred_0": 282.3965346813202,
    "process_features_model_4_multimer_v3_pred_0": 5.7220458984375e-06,
    "predict_and_compile_model_4_multimer_v3_pred_0": 908.3026468753815,
    "relax_model_4_multimer_v3_pred_0": 500.66612911224365,
    "process_features_model_5_multimer_v3_pred_0": 8.821487426757812e-06,
    "predict_and_compile_model_5_multimer_v3_pred_0": 1394.0761575698853,
    "relax_model_5_multimer_v3_pred_0": 281.6270446777344
}