{
    "iptm+ptm": {
        "model_1_multimer_v3_pred_0": 0.7258554667234546,
        "model_2_multimer_v3_pred_0": 0.7105456448824434,
        "model_3_multimer_v3_pred_0": 0.7424115236925103,
        "model_4_multimer_v3_pred_0": 0.7130606630444009,
        "model_5_multimer_v3_pred_0": 0.7329468341839667
    },
    "order": [
        "model_3_multimer_v3_pred_0",
        "model_5_multimer_v3_pred_0",
        "model_1_multimer_v3_pred_0",
        "model_4_multimer_v3_pred_0",
        "model_2_multimer_v3_pred_0"
    ]
}