{
    "features": 276.3866374492645,
    "process_features_model_1_multimer_v3_pred_0": 2.5510787963867188e-05,
    "predict_and_compile_model_1_multimer_v3_pred_0": 1366.1017587184906,
    "relax_model_1_multimer_v3_pred_0": 293.23042011260986,
    "process_features_model_2_multimer_v3_pred_0": 5.9604644775390625e-06,
    "predict_and_compile_model_2_multimer_v3_pred_0": 1377.961557149887,
    "relax_model_2_multimer_v3_pred_0": 489.28676438331604,
    "process_features_model_3_multimer_v3_pred_0": 8.344650268554688e-06,
    "predict_and_compile_model_3_multimer_v3_pred_0": 535.9356524944305,
    "relax_model_3_multimer_v3_pred_0": 636.5842101573944,
    "process_features_model_4_multimer_v3_pred_0": 3.2901763916015625e-05,
    "predict_and_compile_model_4_multimer_v3_pred_0": 598.4253025054932,
    "relax_model_4_multimer_v3_pred_0": 214.24886894226074,
    "process_features_model_5_multimer_v3_pred_0": 4.0531158447265625e-06,
    "predict_and_compile_model_5_multimer_v3_pred_0": 480.3552465438843,
    "relax_model_5_multimer_v3_pred_0": 267.72609877586365
}