{
    "iptm+ptm": {
        "model_1_multimer_v3_pred_0": 0.8254163293540265,
        "model_2_multimer_v3_pred_0": 0.8232730739361749,
        "model_3_multimer_v3_pred_0": 0.8551098776247659,
        "model_4_multimer_v3_pred_0": 0.8648935233160767,
        "model_5_multimer_v3_pred_0": 0.8454785281664191
    },
    "order": [
        "model_4_multimer_v3_pred_0",
        "model_3_multimer_v3_pred_0",
        "model_5_multimer_v3_pred_0",
        "model_1_multimer_v3_pred_0",
        "model_2_multimer_v3_pred_0"
    ]
}