{
    "features": 180.37435340881348,
    "process_features_model_1_multimer_v3_pred_0": 1.0728836059570312e-05,
    "predict_and_compile_model_1_multimer_v3_pred_0": 1542.0759117603302,
    "process_features_model_2_multimer_v3_pred_0": 2.8133392333984375e-05,
    "predict_and_compile_model_2_multimer_v3_pred_0": 1536.8523671627045,
    "process_features_model_3_multimer_v3_pred_0": 2.765655517578125e-05,
    "predict_and_compile_model_3_multimer_v3_pred_0": 609.6242496967316,
    "process_features_model_4_multimer_v3_pred_0": 2.7179718017578125e-05,
    "predict_and_compile_model_4_multimer_v3_pred_0": 932.0357480049133,
    "process_features_model_5_multimer_v3_pred_0": 2.3126602172851562e-05,
    "predict_and_compile_model_5_multimer_v3_pred_0": 1486.786139011383
}