{
    "iptm+ptm": {
        "model_1_multimer_v3_pred_0": 0.485627433513119,
        "model_2_multimer_v3_pred_0": 0.5999099130028314,
        "model_3_multimer_v3_pred_0": 0.545177655551528,
        "model_4_multimer_v3_pred_0": 0.5968829680109202,
        "model_5_multimer_v3_pred_0": 0.5455127843683446
    },
    "order": [
        "model_2_multimer_v3_pred_0",
        "model_4_multimer_v3_pred_0",
        "model_5_multimer_v3_pred_0",
        "model_3_multimer_v3_pred_0",
        "model_1_multimer_v3_pred_0"
    ]
}