{
    "features": 211.65081977844238,
    "process_features_model_1_multimer_v3_pred_0": 1.0013580322265625e-05,
    "predict_and_compile_model_1_multimer_v3_pred_0": 1424.215957403183,
    "relax_model_1_multimer_v3_pred_0": 157.34062314033508,
    "process_features_model_2_multimer_v3_pred_0": 2.1457672119140625e-05,
    "predict_and_compile_model_2_multimer_v3_pred_0": 636.6633927822113,
    "relax_model_2_multimer_v3_pred_0": 707.0376889705658,
    "process_features_model_3_multimer_v3_pred_0": 4.76837158203125e-06,
    "predict_and_compile_model_3_multimer_v3_pred_0": 1416.9531471729279,
    "relax_model_3_multimer_v3_pred_0": 436.73865151405334,
    "process_features_model_4_multimer_v3_pred_0": 4.76837158203125e-06,
    "predict_and_compile_model_4_multimer_v3_pred_0": 883.9163517951965,
    "relax_model_4_multimer_v3_pred_0": 494.7458004951477,
    "process_features_model_5_multimer_v3_pred_0": 5.0067901611328125e-06,
    "predict_and_compile_model_5_multimer_v3_pred_0": 1413.4190692901611,
    "relax_model_5_multimer_v3_pred_0": 313.6208155155182
}