{
    "iptm+ptm": {
        "model_1_multimer_v3_pred_0": 0.8728053590702287,
        "model_2_multimer_v3_pred_0": 0.8721136442604865,
        "model_3_multimer_v3_pred_0": 0.8590924943671081,
        "model_4_multimer_v3_pred_0": 0.8662779496483497,
        "model_5_multimer_v3_pred_0": 0.8665543147636212
    },
    "order": [
        "model_1_multimer_v3_pred_0",
        "model_2_multimer_v3_pred_0",
        "model_5_multimer_v3_pred_0",
        "model_4_multimer_v3_pred_0",
        "model_3_multimer_v3_pred_0"
    ]
}