{
    "features": 251.99929785728455,
    "process_features_model_1_multimer_v3_pred_0": 2.6702880859375e-05,
    "predict_and_compile_model_1_multimer_v3_pred_0": 479.5657088756561,
    "relax_model_1_multimer_v3_pred_0": 473.74708104133606,
    "process_features_model_2_multimer_v3_pred_0": 1.4781951904296875e-05,
    "predict_and_compile_model_2_multimer_v3_pred_0": 1097.5891046524048,
    "relax_model_2_multimer_v3_pred_0": 292.49291467666626,
    "process_features_model_3_multimer_v3_pred_0": 1.0013580322265625e-05,
    "predict_and_compile_model_3_multimer_v3_pred_0": 712.0964419841766,
    "relax_model_3_multimer_v3_pred_0": 168.28754019737244,
    "process_features_model_4_multimer_v3_pred_0": 7.62939453125e-06,
    "predict_and_compile_model_4_multimer_v3_pred_0": 920.5391461849213,
    "relax_model_4_multimer_v3_pred_0": 161.58438181877136,
    "process_features_model_5_multimer_v3_pred_0": 9.298324584960938e-06,
    "predict_and_compile_model_5_multimer_v3_pred_0": 1287.340413093567,
    "relax_model_5_multimer_v3_pred_0": 186.1075782775879
}