{
    "iptm+ptm": {
        "model_1_multimer_v3_pred_0": 0.7477743039719047,
        "model_2_multimer_v3_pred_0": 0.7245891356471604,
        "model_3_multimer_v3_pred_0": 0.8075596275840643,
        "model_4_multimer_v3_pred_0": 0.79821585037625,
        "model_5_multimer_v3_pred_0": 0.7394890215856119
    },
    "order": [
        "model_3_multimer_v3_pred_0",
        "model_4_multimer_v3_pred_0",
        "model_1_multimer_v3_pred_0",
        "model_5_multimer_v3_pred_0",
        "model_2_multimer_v3_pred_0"
    ]
}