{
    "features": 200.24936199188232,
    "process_features_model_1_multimer_v3_pred_0": 1.7404556274414062e-05,
    "predict_and_compile_model_1_multimer_v3_pred_0": 732.515266418457,
    "relax_model_1_multimer_v3_pred_0": 342.12456703186035,
    "process_features_model_2_multimer_v3_pred_0": 5.245208740234375e-06,
    "predict_and_compile_model_2_multimer_v3_pred_0": 911.0486011505127,
    "relax_model_2_multimer_v3_pred_0": 231.30152416229248,
    "process_features_model_3_multimer_v3_pred_0": 5.4836273193359375e-06,
    "predict_and_compile_model_3_multimer_v3_pred_0": 673.9540479183197,
    "relax_model_3_multimer_v3_pred_0": 183.5656042098999,
    "process_features_model_4_multimer_v3_pred_0": 5.245208740234375e-06,
    "predict_and_compile_model_4_multimer_v3_pred_0": 727.1469142436981,
    "relax_model_4_multimer_v3_pred_0": 275.14181447029114,
    "process_features_model_5_multimer_v3_pred_0": 6.198883056640625e-06,
    "predict_and_compile_model_5_multimer_v3_pred_0": 842.2747178077698,
    "relax_model_5_multimer_v3_pred_0": 328.39967346191406
}