{
    "iptm+ptm": {
        "model_1_multimer_v3_pred_0": 0.7675212332130585,
        "model_2_multimer_v3_pred_0": 0.7567090359374457,
        "model_3_multimer_v3_pred_0": 0.7757552006531154,
        "model_4_multimer_v3_pred_0": 0.7767960896025436,
        "model_5_multimer_v3_pred_0": 0.7711053339257444
    },
    "order": [
        "model_4_multimer_v3_pred_0",
        "model_3_multimer_v3_pred_0",
        "model_5_multimer_v3_pred_0",
        "model_1_multimer_v3_pred_0",
        "model_2_multimer_v3_pred_0"
    ]
}