{
    "features": 214.75825262069702,
    "process_features_model_1_multimer_v3_pred_0": 9.5367431640625e-06,
    "predict_and_compile_model_1_multimer_v3_pred_0": 730.6719908714294,
    "relax_model_1_multimer_v3_pred_0": 333.6654210090637,
    "process_features_model_2_multimer_v3_pred_0": 1.2874603271484375e-05,
    "predict_and_compile_model_2_multimer_v3_pred_0": 796.9983878135681,
    "relax_model_2_multimer_v3_pred_0": 913.223494052887,
    "process_features_model_3_multimer_v3_pred_0": 1.1205673217773438e-05,
    "predict_and_compile_model_3_multimer_v3_pred_0": 668.3880481719971,
    "relax_model_3_multimer_v3_pred_0": 1155.3245222568512,
    "process_features_model_4_multimer_v3_pred_0": 1.1920928955078125e-05,
    "predict_and_compile_model_4_multimer_v3_pred_0": 566.3393771648407,
    "relax_model_4_multimer_v3_pred_0": 327.52504682540894,
    "process_features_model_5_multimer_v3_pred_0": 1.0728836059570312e-05,
    "predict_and_compile_model_5_multimer_v3_pred_0": 655.0665373802185,
    "relax_model_5_multimer_v3_pred_0": 945.4820239543915
}