{
    "iptm+ptm": {
        "model_1_multimer_v3_pred_0": 0.7069597705661848,
        "model_2_multimer_v3_pred_0": 0.6744153928431627,
        "model_3_multimer_v3_pred_0": 0.6873661075222807,
        "model_4_multimer_v3_pred_0": 0.713707400432921,
        "model_5_multimer_v3_pred_0": 0.7002309999348492
    },
    "order": [
        "model_4_multimer_v3_pred_0",
        "model_1_multimer_v3_pred_0",
        "model_5_multimer_v3_pred_0",
        "model_3_multimer_v3_pred_0",
        "model_2_multimer_v3_pred_0"
    ]
}