{
    "features": 209.54312872886658,
    "process_features_model_1_multimer_v3_pred_0": 1.33514404296875e-05,
    "predict_and_compile_model_1_multimer_v3_pred_0": 754.6899256706238,
    "relax_model_1_multimer_v3_pred_0": 332.8593165874481,
    "process_features_model_2_multimer_v3_pred_0": 1.621246337890625e-05,
    "predict_and_compile_model_2_multimer_v3_pred_0": 776.2429497241974,
    "relax_model_2_multimer_v3_pred_0": 251.4732391834259,
    "process_features_model_3_multimer_v3_pred_0": 1.239776611328125e-05,
    "predict_and_compile_model_3_multimer_v3_pred_0": 1010.3381078243256,
    "relax_model_3_multimer_v3_pred_0": 289.412095785141,
    "process_features_model_4_multimer_v3_pred_0": 3.9577484130859375e-05,
    "predict_and_compile_model_4_multimer_v3_pred_0": 672.3947565555573,
    "relax_model_4_multimer_v3_pred_0": 369.7083387374878,
    "process_features_model_5_multimer_v3_pred_0": 2.288818359375e-05,
    "predict_and_compile_model_5_multimer_v3_pred_0": 1039.8429107666016,
    "relax_model_5_multimer_v3_pred_0": 555.1507494449615
}