{
    "iptm+ptm": {
        "model_1_multimer_v3_pred_0": 0.7694191108749715,
        "model_2_multimer_v3_pred_0": 0.7578074241344103,
        "model_3_multimer_v3_pred_0": 0.7296365376051225,
        "model_4_multimer_v3_pred_0": 0.6312840902615923,
        "model_5_multimer_v3_pred_0": 0.6968707181237024
    },
    "order": [
        "model_1_multimer_v3_pred_0",
        "model_2_multimer_v3_pred_0",
        "model_3_multimer_v3_pred_0",
        "model_5_multimer_v3_pred_0",
        "model_4_multimer_v3_pred_0"
    ]
}