{
    "features": 51.48596501350403,
    "process_features_model_1_multimer_v3_pred_0": 9.298324584960938e-06,
    "predict_and_compile_model_1_multimer_v3_pred_0": 107.6663875579834,
    "relax_model_1_multimer_v3_pred_0": 127.37758231163025,
    "process_features_model_2_multimer_v3_pred_0": 6.67572021484375e-06,
    "predict_and_compile_model_2_multimer_v3_pred_0": 110.14885020256042,
    "relax_model_2_multimer_v3_pred_0": 281.5341897010803,
    "process_features_model_3_multimer_v3_pred_0": 6.4373016357421875e-06,
    "predict_and_compile_model_3_multimer_v3_pred_0": 119.23509120941162,
    "relax_model_3_multimer_v3_pred_0": 341.2251036167145,
    "process_features_model_4_multimer_v3_pred_0": 5.9604644775390625e-06,
    "predict_and_compile_model_4_multimer_v3_pred_0": 113.85775256156921,
    "relax_model_4_multimer_v3_pred_0": 396.472012758255,
    "process_features_model_5_multimer_v3_pred_0": 1.8358230590820312e-05,
    "predict_and_compile_model_5_multimer_v3_pred_0": 119.99807953834534,
    "relax_model_5_multimer_v3_pred_0": 264.5278754234314
}