{
    "iptm+ptm": {
        "model_1_multimer_v3_pred_0": 0.8187953918728683,
        "model_2_multimer_v3_pred_0": 0.8451312210817776,
        "model_3_multimer_v3_pred_0": 0.8394240101532984,
        "model_4_multimer_v3_pred_0": 0.7396315582700304,
        "model_5_multimer_v3_pred_0": 0.83935264759116
    },
    "order": [
        "model_2_multimer_v3_pred_0",
        "model_3_multimer_v3_pred_0",
        "model_5_multimer_v3_pred_0",
        "model_1_multimer_v3_pred_0",
        "model_4_multimer_v3_pred_0"
    ]
}