{
    "features": 178.99002075195312,
    "process_features_model_1_multimer_v3_pred_0": 1.239776611328125e-05,
    "predict_and_compile_model_1_multimer_v3_pred_0": 1227.7701318264008,
    "relax_model_1_multimer_v3_pred_0": 270.5889587402344,
    "process_features_model_2_multimer_v3_pred_0": 4.5299530029296875e-06,
    "predict_and_compile_model_2_multimer_v3_pred_0": 655.228972196579,
    "relax_model_2_multimer_v3_pred_0": 336.32659006118774,
    "process_features_model_3_multimer_v3_pred_0": 5.0067901611328125e-06,
    "predict_and_compile_model_3_multimer_v3_pred_0": 590.2736821174622,
    "relax_model_3_multimer_v3_pred_0": 316.24268674850464,
    "process_features_model_4_multimer_v3_pred_0": 5.0067901611328125e-06,
    "predict_and_compile_model_4_multimer_v3_pred_0": 1034.3401205539703,
    "relax_model_4_multimer_v3_pred_0": 248.4699559211731,
    "process_features_model_5_multimer_v3_pred_0": 5.4836273193359375e-06,
    "predict_and_compile_model_5_multimer_v3_pred_0": 528.611074924469,
    "relax_model_5_multimer_v3_pred_0": 227.2215554714203
}