{
    "iptm+ptm": {
        "model_1_multimer_v3_pred_0": 0.7936525017933839,
        "model_2_multimer_v3_pred_0": 0.7961449053251837,
        "model_3_multimer_v3_pred_0": 0.7958030616889507,
        "model_4_multimer_v3_pred_0": 0.7872542424591055,
        "model_5_multimer_v3_pred_0": 0.8141980355271519
    },
    "order": [
        "model_5_multimer_v3_pred_0",
        "model_2_multimer_v3_pred_0",
        "model_3_multimer_v3_pred_0",
        "model_1_multimer_v3_pred_0",
        "model_4_multimer_v3_pred_0"
    ]
}