{
    "features": 239.98964381217957,
    "process_features_model_1_multimer_v3_pred_0": 8.58306884765625e-06,
    "predict_and_compile_model_1_multimer_v3_pred_0": 440.76520323753357,
    "relax_model_1_multimer_v3_pred_0": 409.9534466266632,
    "process_features_model_2_multimer_v3_pred_0": 1.2636184692382812e-05,
    "predict_and_compile_model_2_multimer_v3_pred_0": 524.2712216377258,
    "relax_model_2_multimer_v3_pred_0": 442.54366850852966,
    "process_features_model_3_multimer_v3_pred_0": 0.0001010894775390625,
    "predict_and_compile_model_3_multimer_v3_pred_0": 1712.1674072742462,
    "relax_model_3_multimer_v3_pred_0": 349.4517843723297,
    "process_features_model_4_multimer_v3_pred_0": 1.1205673217773438e-05,
    "predict_and_compile_model_4_multimer_v3_pred_0": 720.7728774547577,
    "relax_model_4_multimer_v3_pred_0": 303.9174747467041,
    "process_features_model_5_multimer_v3_pred_0": 9.5367431640625e-06,
    "predict_and_compile_model_5_multimer_v3_pred_0": 1629.8707056045532,
    "relax_model_5_multimer_v3_pred_0": 585.4683978557587
}