{
    "iptm+ptm": {
        "model_1_multimer_v3_pred_0": 0.753965890871108,
        "model_2_multimer_v3_pred_0": 0.8034374855586176,
        "model_3_multimer_v3_pred_0": 0.8252705265049167,
        "model_4_multimer_v3_pred_0": 0.8233026502785248,
        "model_5_multimer_v3_pred_0": 0.8482520875080272
    },
    "order": [
        "model_5_multimer_v3_pred_0",
        "model_3_multimer_v3_pred_0",
        "model_4_multimer_v3_pred_0",
        "model_2_multimer_v3_pred_0",
        "model_1_multimer_v3_pred_0"
    ]
}