{
    "features": 161.53422570228577,
    "process_features_model_1_multimer_v3_pred_0": 1.2159347534179688e-05,
    "predict_and_compile_model_1_multimer_v3_pred_0": 1369.8803672790527,
    "relax_model_1_multimer_v3_pred_0": 876.0681750774384,
    "process_features_model_2_multimer_v3_pred_0": 4.76837158203125e-06,
    "predict_and_compile_model_2_multimer_v3_pred_0": 1755.115406036377,
    "relax_model_2_multimer_v3_pred_0": 695.4428794384003,
    "process_features_model_3_multimer_v3_pred_0": 5.0067901611328125e-06,
    "predict_and_compile_model_3_multimer_v3_pred_0": 1758.6800985336304,
    "relax_model_3_multimer_v3_pred_0": 985.8185138702393,
    "process_features_model_4_multimer_v3_pred_0": 6.4373016357421875e-06,
    "predict_and_compile_model_4_multimer_v3_pred_0": 1732.5601375102997,
    "relax_model_4_multimer_v3_pred_0": 1132.0697724819183,
    "process_features_model_5_multimer_v3_pred_0": 8.344650268554688e-06,
    "predict_and_compile_model_5_multimer_v3_pred_0": 984.9701428413391,
    "relax_model_5_multimer_v3_pred_0": 1225.677575826645
}