{
    "iptm+ptm": {
        "model_1_multimer_v3_pred_0": 0.4875880197285442,
        "model_2_multimer_v3_pred_0": 0.7895966616100282,
        "model_3_multimer_v3_pred_0": 0.8159891204276737,
        "model_4_multimer_v3_pred_0": 0.8096059771260933,
        "model_5_multimer_v3_pred_0": 0.7762124940893064
    },
    "order": [
        "model_3_multimer_v3_pred_0",
        "model_4_multimer_v3_pred_0",
        "model_2_multimer_v3_pred_0",
        "model_5_multimer_v3_pred_0",
        "model_1_multimer_v3_pred_0"
    ]
}