{
    "features": 203.40322756767273,
    "process_features_model_1_multimer_v3_pred_0": 1.2159347534179688e-05,
    "predict_and_compile_model_1_multimer_v3_pred_0": 569.3036017417908,
    "relax_model_1_multimer_v3_pred_0": 181.52848148345947,
    "process_features_model_2_multimer_v3_pred_0": 6.9141387939453125e-06,
    "predict_and_compile_model_2_multimer_v3_pred_0": 348.15250849723816,
    "relax_model_2_multimer_v3_pred_0": 164.45136857032776,
    "process_features_model_3_multimer_v3_pred_0": 4.220008850097656e-05,
    "predict_and_compile_model_3_multimer_v3_pred_0": 411.7442593574524,
    "relax_model_3_multimer_v3_pred_0": 169.57936573028564,
    "process_features_model_4_multimer_v3_pred_0": 5.4836273193359375e-06,
    "predict_and_compile_model_4_multimer_v3_pred_0": 566.2787070274353,
    "relax_model_4_multimer_v3_pred_0": 192.447363615036,
    "process_features_model_5_multimer_v3_pred_0": 5.9604644775390625e-06,
    "predict_and_compile_model_5_multimer_v3_pred_0": 512.1776921749115,
    "relax_model_5_multimer_v3_pred_0": 319.91893196105957
}