{
    "iptm+ptm": {
        "model_1_multimer_v3_pred_0": 0.9166779850958021,
        "model_2_multimer_v3_pred_0": 0.9204756125260469,
        "model_3_multimer_v3_pred_0": 0.9049328878491335,
        "model_4_multimer_v3_pred_0": 0.9197997315012341,
        "model_5_multimer_v3_pred_0": 0.9111730614295999
    },
    "order": [
        "model_2_multimer_v3_pred_0",
        "model_4_multimer_v3_pred_0",
        "model_1_multimer_v3_pred_0",
        "model_5_multimer_v3_pred_0",
        "model_3_multimer_v3_pred_0"
    ]
}