{
    "features": 172.62295508384705,
    "process_features_model_1_multimer_v3_pred_0": 1.7881393432617188e-05,
    "predict_and_compile_model_1_multimer_v3_pred_0": 908.8569340705872,
    "relax_model_1_multimer_v3_pred_0": 728.4713704586029,
    "process_features_model_2_multimer_v3_pred_0": 6.198883056640625e-06,
    "predict_and_compile_model_2_multimer_v3_pred_0": 741.0238046646118,
    "relax_model_2_multimer_v3_pred_0": 358.1105556488037,
    "process_features_model_3_multimer_v3_pred_0": 5.9604644775390625e-06,
    "predict_and_compile_model_3_multimer_v3_pred_0": 1705.2488813400269,
    "relax_model_3_multimer_v3_pred_0": 352.01368260383606,
    "process_features_model_4_multimer_v3_pred_0": 9.775161743164062e-06,
    "predict_and_compile_model_4_multimer_v3_pred_0": 878.5956978797913,
    "relax_model_4_multimer_v3_pred_0": 256.10905480384827,
    "process_features_model_5_multimer_v3_pred_0": 6.9141387939453125e-06,
    "predict_and_compile_model_5_multimer_v3_pred_0": 1173.5686748027802,
    "relax_model_5_multimer_v3_pred_0": 391.71086502075195
}