{
    "iptm+ptm": {
        "model_1_multimer_v3_pred_0": 0.6544029773604868,
        "model_2_multimer_v3_pred_0": 0.6749192187587465,
        "model_3_multimer_v3_pred_0": 0.6503388794131888,
        "model_4_multimer_v3_pred_0": 0.670563244610062,
        "model_5_multimer_v3_pred_0": 0.5845290780310751
    },
    "order": [
        "model_2_multimer_v3_pred_0",
        "model_4_multimer_v3_pred_0",
        "model_1_multimer_v3_pred_0",
        "model_3_multimer_v3_pred_0",
        "model_5_multimer_v3_pred_0"
    ]
}