{
    "features": 253.1202356815338,
    "process_features_model_1_multimer_v3_pred_0": 1.0013580322265625e-05,
    "predict_and_compile_model_1_multimer_v3_pred_0": 1656.4189608097076,
    "relax_model_1_multimer_v3_pred_0": 678.0946977138519,
    "process_features_model_2_multimer_v3_pred_0": 1.1444091796875e-05,
    "predict_and_compile_model_2_multimer_v3_pred_0": 1662.5606112480164,
    "relax_model_2_multimer_v3_pred_0": 672.9465866088867,
    "process_features_model_3_multimer_v3_pred_0": 5.0067901611328125e-06,
    "predict_and_compile_model_3_multimer_v3_pred_0": 1032.3071653842926,
    "relax_model_3_multimer_v3_pred_0": 925.8391282558441,
    "process_features_model_4_multimer_v3_pred_0": 4.76837158203125e-06,
    "predict_and_compile_model_4_multimer_v3_pred_0": 1636.394573688507,
    "relax_model_4_multimer_v3_pred_0": 327.805047750473,
    "process_features_model_5_multimer_v3_pred_0": 5.0067901611328125e-06,
    "predict_and_compile_model_5_multimer_v3_pred_0": 1634.4874651432037,
    "relax_model_5_multimer_v3_pred_0": 568.4564998149872
}