{
    "iptm+ptm": {
        "model_1_multimer_v3_pred_0": 0.8988153454754045,
        "model_2_multimer_v3_pred_0": 0.7992697364976447,
        "model_3_multimer_v3_pred_0": 0.8973136596517718,
        "model_4_multimer_v3_pred_0": 0.8846455721661908,
        "model_5_multimer_v3_pred_0": 0.8467419391155369
    },
    "order": [
        "model_1_multimer_v3_pred_0",
        "model_3_multimer_v3_pred_0",
        "model_4_multimer_v3_pred_0",
        "model_5_multimer_v3_pred_0",
        "model_2_multimer_v3_pred_0"
    ]
}