{
    "features": 206.2714159488678,
    "process_features_model_1_multimer_v3_pred_0": 1.3113021850585938e-05,
    "predict_and_compile_model_1_multimer_v3_pred_0": 813.4475564956665,
    "relax_model_1_multimer_v3_pred_0": 190.3054370880127,
    "process_features_model_2_multimer_v3_pred_0": 7.62939453125e-06,
    "predict_and_compile_model_2_multimer_v3_pred_0": 650.2561852931976,
    "relax_model_2_multimer_v3_pred_0": 215.6353578567505,
    "process_features_model_3_multimer_v3_pred_0": 1.0967254638671875e-05,
    "predict_and_compile_model_3_multimer_v3_pred_0": 543.903311252594,
    "relax_model_3_multimer_v3_pred_0": 578.3541464805603,
    "process_features_model_4_multimer_v3_pred_0": 5.7220458984375e-06,
    "predict_and_compile_model_4_multimer_v3_pred_0": 601.8208858966827,
    "relax_model_4_multimer_v3_pred_0": 488.3809335231781,
    "process_features_model_5_multimer_v3_pred_0": 5.4836273193359375e-06,
    "predict_and_compile_model_5_multimer_v3_pred_0": 864.5565104484558,
    "relax_model_5_multimer_v3_pred_0": 585.3602097034454
}