{
    "iptm+ptm": {
        "model_1_multimer_v3_pred_0": 0.8672016140407904,
        "model_2_multimer_v3_pred_0": 0.8788617558980782,
        "model_3_multimer_v3_pred_0": 0.8775624182648377,
        "model_4_multimer_v3_pred_0": 0.8760659690209609,
        "model_5_multimer_v3_pred_0": 0.8793111876963529
    },
    "order": [
        "model_5_multimer_v3_pred_0",
        "model_2_multimer_v3_pred_0",
        "model_3_multimer_v3_pred_0",
        "model_4_multimer_v3_pred_0",
        "model_1_multimer_v3_pred_0"
    ]
}