{
    "features": 378.5399241447449,
    "process_features_model_1_multimer_v3_pred_0": 1.33514404296875e-05,
    "predict_and_compile_model_1_multimer_v3_pred_0": 2094.02246594429,
    "relax_model_1_multimer_v3_pred_0": 924.8159658908844,
    "process_features_model_2_multimer_v3_pred_0": 5.9604644775390625e-06,
    "predict_and_compile_model_2_multimer_v3_pred_0": 3512.912289619446,
    "relax_model_2_multimer_v3_pred_0": 1166.658718585968,
    "process_features_model_3_multimer_v3_pred_0": 6.4373016357421875e-06,
    "predict_and_compile_model_3_multimer_v3_pred_0": 1724.5343534946442,
    "relax_model_3_multimer_v3_pred_0": 832.6296706199646,
    "process_features_model_4_multimer_v3_pred_0": 2.47955322265625e-05,
    "predict_and_compile_model_4_multimer_v3_pred_0": 2728.3322989940643,
    "relax_model_4_multimer_v3_pred_0": 762.6094174385071,
    "process_features_model_5_multimer_v3_pred_0": 4.5299530029296875e-06,
    "predict_and_compile_model_5_multimer_v3_pred_0": 1677.320830821991,
    "relax_model_5_multimer_v3_pred_0": 937.9489936828613
}