{
    "iptm+ptm": {
        "model_1_multimer_v3_pred_0": 0.6240144625746219,
        "model_2_multimer_v3_pred_0": 0.623245821823205,
        "model_3_multimer_v3_pred_0": 0.6246401640902024,
        "model_4_multimer_v3_pred_0": 0.6356942172246184,
        "model_5_multimer_v3_pred_0": 0.6026685653364323
    },
    "order": [
        "model_4_multimer_v3_pred_0",
        "model_3_multimer_v3_pred_0",
        "model_1_multimer_v3_pred_0",
        "model_2_multimer_v3_pred_0",
        "model_5_multimer_v3_pred_0"
    ]
}