{
    "features": 705.8516387939453,
    "process_features_model_1_multimer_v3_pred_0": 3.170967102050781e-05,
    "predict_and_compile_model_1_multimer_v3_pred_0": 7771.41636633873,
    "relax_model_1_multimer_v3_pred_0": 4421.581930398941,
    "process_features_model_2_multimer_v3_pred_0": 5.9604644775390625e-06,
    "predict_and_compile_model_2_multimer_v3_pred_0": 7765.745234251022,
    "relax_model_2_multimer_v3_pred_0": 4572.431500673294,
    "process_features_model_3_multimer_v3_pred_0": 4.76837158203125e-06,
    "predict_and_compile_model_3_multimer_v3_pred_0": 7752.121487855911,
    "relax_model_3_multimer_v3_pred_0": 4887.650308609009,
    "process_features_model_4_multimer_v3_pred_0": 5.0067901611328125e-06,
    "predict_and_compile_model_4_multimer_v3_pred_0": 7573.408817768097,
    "relax_model_4_multimer_v3_pred_0": 7480.028755903244,
    "process_features_model_5_multimer_v3_pred_0": 5.9604644775390625e-06,
    "predict_and_compile_model_5_multimer_v3_pred_0": 7584.174697399139,
    "relax_model_5_multimer_v3_pred_0": 3922.7083580493927
}