{
    "iptm+ptm": {
        "model_1_multimer_v3_pred_0": 0.8050556009165413,
        "model_2_multimer_v3_pred_0": 0.7951255848069924,
        "model_3_multimer_v3_pred_0": 0.8075714545938525,
        "model_4_multimer_v3_pred_0": 0.7861006029419683,
        "model_5_multimer_v3_pred_0": 0.8053223896318495
    },
    "order": [
        "model_3_multimer_v3_pred_0",
        "model_5_multimer_v3_pred_0",
        "model_1_multimer_v3_pred_0",
        "model_2_multimer_v3_pred_0",
        "model_4_multimer_v3_pred_0"
    ]
}