{
    "features": 193.49434399604797,
    "process_features_model_1_multimer_v3_pred_0": 3.2901763916015625e-05,
    "predict_and_compile_model_1_multimer_v3_pred_0": 920.775151014328,
    "relax_model_1_multimer_v3_pred_0": 243.76438975334167,
    "process_features_model_2_multimer_v3_pred_0": 2.0503997802734375e-05,
    "predict_and_compile_model_2_multimer_v3_pred_0": 797.6946561336517,
    "relax_model_2_multimer_v3_pred_0": 349.33992862701416,
    "process_features_model_3_multimer_v3_pred_0": 1.7642974853515625e-05,
    "predict_and_compile_model_3_multimer_v3_pred_0": 867.3138308525085,
    "relax_model_3_multimer_v3_pred_0": 350.89290499687195,
    "process_features_model_4_multimer_v3_pred_0": 3.457069396972656e-05,
    "predict_and_compile_model_4_multimer_v3_pred_0": 680.9881315231323,
    "relax_model_4_multimer_v3_pred_0": 324.3952212333679,
    "process_features_model_5_multimer_v3_pred_0": 2.6464462280273438e-05,
    "predict_and_compile_model_5_multimer_v3_pred_0": 1333.5822350978851,
    "relax_model_5_multimer_v3_pred_0": 229.3144199848175
}