{
    "iptm+ptm": {
        "model_1_multimer_v3_pred_0": 0.6023524550140564,
        "model_2_multimer_v3_pred_0": 0.6736280878710529,
        "model_3_multimer_v3_pred_0": 0.6192473529587419,
        "model_4_multimer_v3_pred_0": 0.6543753743174514,
        "model_5_multimer_v3_pred_0": 0.6197361305778909
    },
    "order": [
        "model_2_multimer_v3_pred_0",
        "model_4_multimer_v3_pred_0",
        "model_5_multimer_v3_pred_0",
        "model_3_multimer_v3_pred_0",
        "model_1_multimer_v3_pred_0"
    ]
}