{
    "features": 220.3081512451172,
    "process_features_model_1_multimer_v3_pred_0": 3.170967102050781e-05,
    "predict_and_compile_model_1_multimer_v3_pred_0": 1062.931337594986,
    "relax_model_1_multimer_v3_pred_0": 194.57787609100342,
    "process_features_model_2_multimer_v3_pred_0": 5.4836273193359375e-06,
    "predict_and_compile_model_2_multimer_v3_pred_0": 416.86953115463257,
    "relax_model_2_multimer_v3_pred_0": 481.9962465763092,
    "process_features_model_3_multimer_v3_pred_0": 5.245208740234375e-06,
    "predict_and_compile_model_3_multimer_v3_pred_0": 495.3984978199005,
    "relax_model_3_multimer_v3_pred_0": 382.23037123680115,
    "process_features_model_4_multimer_v3_pred_0": 5.0067901611328125e-06,
    "predict_and_compile_model_4_multimer_v3_pred_0": 1328.2056059837341,
    "relax_model_4_multimer_v3_pred_0": 229.13595056533813,
    "process_features_model_5_multimer_v3_pred_0": 4.291534423828125e-06,
    "predict_and_compile_model_5_multimer_v3_pred_0": 1324.587746143341,
    "relax_model_5_multimer_v3_pred_0": 181.3924424648285
}