{
    "iptm+ptm": {
        "model_1_multimer_v3_pred_0": 0.783248317943268,
        "model_2_multimer_v3_pred_0": 0.8417829843569192,
        "model_3_multimer_v3_pred_0": 0.7905497161141234,
        "model_4_multimer_v3_pred_0": 0.7168638372355639,
        "model_5_multimer_v3_pred_0": 0.7280409575279917
    },
    "order": [
        "model_2_multimer_v3_pred_0",
        "model_3_multimer_v3_pred_0",
        "model_1_multimer_v3_pred_0",
        "model_5_multimer_v3_pred_0",
        "model_4_multimer_v3_pred_0"
    ]
}