{
    "features": 297.69669485092163,
    "process_features_model_1_multimer_v3_pred_0": 1.5974044799804688e-05,
    "predict_and_compile_model_1_multimer_v3_pred_0": 563.0767085552216,
    "process_features_model_2_multimer_v3_pred_0": 3.4809112548828125e-05,
    "predict_and_compile_model_2_multimer_v3_pred_0": 1591.0975694656372,
    "process_features_model_3_multimer_v3_pred_0": 2.6226043701171875e-05,
    "predict_and_compile_model_3_multimer_v3_pred_0": 1096.1966636180878,
    "process_features_model_4_multimer_v3_pred_0": 3.910064697265625e-05,
    "predict_and_compile_model_4_multimer_v3_pred_0": 1563.7784061431885,
    "process_features_model_5_multimer_v3_pred_0": 1.9311904907226562e-05,
    "predict_and_compile_model_5_multimer_v3_pred_0": 586.417412519455
}