{
    "iptm+ptm": {
        "model_1_multimer_v3_pred_0": 0.5998002430282399,
        "model_2_multimer_v3_pred_0": 0.627879183867269,
        "model_3_multimer_v3_pred_0": 0.6297168028071908,
        "model_4_multimer_v3_pred_0": 0.6892157644869211,
        "model_5_multimer_v3_pred_0": 0.6583539181173942
    },
    "order": [
        "model_4_multimer_v3_pred_0",
        "model_5_multimer_v3_pred_0",
        "model_3_multimer_v3_pred_0",
        "model_2_multimer_v3_pred_0",
        "model_1_multimer_v3_pred_0"
    ]
}