{
    "features": 216.90547394752502,
    "process_features_model_1_multimer_v3_pred_0": 3.409385681152344e-05,
    "predict_and_compile_model_1_multimer_v3_pred_0": 1562.8074660301208,
    "relax_model_1_multimer_v3_pred_0": 283.70494747161865,
    "process_features_model_2_multimer_v3_pred_0": 1.1205673217773438e-05,
    "predict_and_compile_model_2_multimer_v3_pred_0": 1010.311975479126,
    "relax_model_2_multimer_v3_pred_0": 337.39958095550537,
    "process_features_model_3_multimer_v3_pred_0": 9.5367431640625e-06,
    "predict_and_compile_model_3_multimer_v3_pred_0": 605.9810466766357,
    "relax_model_3_multimer_v3_pred_0": 775.0364043712616,
    "process_features_model_4_multimer_v3_pred_0": 1.52587890625e-05,
    "predict_and_compile_model_4_multimer_v3_pred_0": 1007.9327478408813,
    "relax_model_4_multimer_v3_pred_0": 193.88252639770508,
    "process_features_model_5_multimer_v3_pred_0": 1.9788742065429688e-05,
    "predict_and_compile_model_5_multimer_v3_pred_0": 680.4243352413177,
    "relax_model_5_multimer_v3_pred_0": 275.3968186378479
}