{
    "iptm+ptm": {
        "model_1_multimer_v3_pred_0": 0.33745304680261934,
        "model_2_multimer_v3_pred_0": 0.3454550009020825,
        "model_3_multimer_v3_pred_0": 0.35727711275360297,
        "model_4_multimer_v3_pred_0": 0.36662323337847474,
        "model_5_multimer_v3_pred_0": 0.369087530182525
    },
    "order": [
        "model_5_multimer_v3_pred_0",
        "model_4_multimer_v3_pred_0",
        "model_3_multimer_v3_pred_0",
        "model_2_multimer_v3_pred_0",
        "model_1_multimer_v3_pred_0"
    ]
}