{
    "features": 131.67771434783936,
    "process_features_model_1_multimer_v3_pred_0": 9.5367431640625e-06,
    "predict_and_compile_model_1_multimer_v3_pred_0": 1136.7577483654022,
    "relax_model_1_multimer_v3_pred_0": 336.40699195861816,
    "process_features_model_2_multimer_v3_pred_0": 9.059906005859375e-06,
    "predict_and_compile_model_2_multimer_v3_pred_0": 804.2553994655609,
    "relax_model_2_multimer_v3_pred_0": 152.97668385505676,
    "process_features_model_3_multimer_v3_pred_0": 1.621246337890625e-05,
    "predict_and_compile_model_3_multimer_v3_pred_0": 772.4948999881744,
    "relax_model_3_multimer_v3_pred_0": 546.7651348114014,
    "process_features_model_4_multimer_v3_pred_0": 8.58306884765625e-06,
    "predict_and_compile_model_4_multimer_v3_pred_0": 395.0482954978943,
    "relax_model_4_multimer_v3_pred_0": 203.1243977546692,
    "process_features_model_5_multimer_v3_pred_0": 1.1920928955078125e-05,
    "predict_and_compile_model_5_multimer_v3_pred_0": 486.1268060207367,
    "relax_model_5_multimer_v3_pred_0": 158.39687156677246
}