{
    "iptm+ptm": {
        "model_1_multimer_v3_pred_0": 0.7122015491291218,
        "model_2_multimer_v3_pred_0": 0.7313252283589401,
        "model_3_multimer_v3_pred_0": 0.7062723170696599,
        "model_4_multimer_v3_pred_0": 0.7040589292846451,
        "model_5_multimer_v3_pred_0": 0.7293491304332962
    },
    "order": [
        "model_2_multimer_v3_pred_0",
        "model_5_multimer_v3_pred_0",
        "model_1_multimer_v3_pred_0",
        "model_3_multimer_v3_pred_0",
        "model_4_multimer_v3_pred_0"
    ]
}