{
    "features": 213.5094394683838,
    "process_features_model_1_multimer_v3_pred_0": 1.4543533325195312e-05,
    "predict_and_compile_model_1_multimer_v3_pred_0": 564.8112955093384,
    "relax_model_1_multimer_v3_pred_0": 250.28916597366333,
    "process_features_model_2_multimer_v3_pred_0": 5.7220458984375e-06,
    "predict_and_compile_model_2_multimer_v3_pred_0": 623.3608059883118,
    "relax_model_2_multimer_v3_pred_0": 302.6071960926056,
    "process_features_model_3_multimer_v3_pred_0": 2.5510787963867188e-05,
    "predict_and_compile_model_3_multimer_v3_pred_0": 561.1876969337463,
    "relax_model_3_multimer_v3_pred_0": 298.2063479423523,
    "process_features_model_4_multimer_v3_pred_0": 6.67572021484375e-06,
    "predict_and_compile_model_4_multimer_v3_pred_0": 563.0748298168182,
    "relax_model_4_multimer_v3_pred_0": 251.01701021194458,
    "process_features_model_5_multimer_v3_pred_0": 6.67572021484375e-06,
    "predict_and_compile_model_5_multimer_v3_pred_0": 555.5103883743286,
    "relax_model_5_multimer_v3_pred_0": 250.040020942688
}