{
    "iptm+ptm": {
        "model_1_multimer_v3_pred_0": 0.7111594969053345,
        "model_2_multimer_v3_pred_0": 0.7152922311957076,
        "model_3_multimer_v3_pred_0": 0.42125013037410464,
        "model_4_multimer_v3_pred_0": 0.6956629553820672,
        "model_5_multimer_v3_pred_0": 0.3548406783711987
    },
    "order": [
        "model_2_multimer_v3_pred_0",
        "model_1_multimer_v3_pred_0",
        "model_4_multimer_v3_pred_0",
        "model_3_multimer_v3_pred_0",
        "model_5_multimer_v3_pred_0"
    ]
}