{
    "features": 189.9918293952942,
    "process_features_model_1_multimer_v3_pred_0": 1.1205673217773438e-05,
    "predict_and_compile_model_1_multimer_v3_pred_0": 574.4721031188965,
    "relax_model_1_multimer_v3_pred_0": 274.2278392314911,
    "process_features_model_2_multimer_v3_pred_0": 2.8371810913085938e-05,
    "predict_and_compile_model_2_multimer_v3_pred_0": 884.0162944793701,
    "relax_model_2_multimer_v3_pred_0": 869.8272109031677,
    "process_features_model_3_multimer_v3_pred_0": 6.198883056640625e-06,
    "predict_and_compile_model_3_multimer_v3_pred_0": 1668.9473164081573,
    "relax_model_3_multimer_v3_pred_0": 566.876708984375,
    "process_features_model_4_multimer_v3_pred_0": 5.245208740234375e-06,
    "predict_and_compile_model_4_multimer_v3_pred_0": 712.982631444931,
    "relax_model_4_multimer_v3_pred_0": 313.78243684768677,
    "process_features_model_5_multimer_v3_pred_0": 8.58306884765625e-06,
    "predict_and_compile_model_5_multimer_v3_pred_0": 1636.383733510971,
    "relax_model_5_multimer_v3_pred_0": 832.6370496749878
}