{
    "iptm+ptm": {
        "model_1_multimer_v3_pred_0": 0.46534345285527845,
        "model_2_multimer_v3_pred_0": 0.467623633553934,
        "model_3_multimer_v3_pred_0": 0.6442424750434238,
        "model_4_multimer_v3_pred_0": 0.5825304030274537,
        "model_5_multimer_v3_pred_0": 0.6205518278276438
    },
    "order": [
        "model_3_multimer_v3_pred_0",
        "model_5_multimer_v3_pred_0",
        "model_4_multimer_v3_pred_0",
        "model_2_multimer_v3_pred_0",
        "model_1_multimer_v3_pred_0"
    ]
}