{
    "features": 267.8694944381714,
    "process_features_model_1_multimer_v3_pred_0": 1.4066696166992188e-05,
    "predict_and_compile_model_1_multimer_v3_pred_0": 853.3272581100464,
    "relax_model_1_multimer_v3_pred_0": 578.3512253761292,
    "process_features_model_2_multimer_v3_pred_0": 5.245208740234375e-06,
    "predict_and_compile_model_2_multimer_v3_pred_0": 1464.2608721256256,
    "relax_model_2_multimer_v3_pred_0": 609.836279630661,
    "process_features_model_3_multimer_v3_pred_0": 5.0067901611328125e-06,
    "predict_and_compile_model_3_multimer_v3_pred_0": 1426.1365687847137,
    "relax_model_3_multimer_v3_pred_0": 206.02963256835938,
    "process_features_model_4_multimer_v3_pred_0": 5.4836273193359375e-06,
    "predict_and_compile_model_4_multimer_v3_pred_0": 1445.300044298172,
    "relax_model_4_multimer_v3_pred_0": 433.9264614582062,
    "process_features_model_5_multimer_v3_pred_0": 6.4373016357421875e-06,
    "predict_and_compile_model_5_multimer_v3_pred_0": 949.6329197883606,
    "relax_model_5_multimer_v3_pred_0": 213.3435800075531
}