{
    "iptm+ptm": {
        "model_1_multimer_v3_pred_0": 0.5421598254709936,
        "model_2_multimer_v3_pred_0": 0.516752560886466,
        "model_3_multimer_v3_pred_0": 0.6341955940315968,
        "model_4_multimer_v3_pred_0": 0.594619537389911,
        "model_5_multimer_v3_pred_0": 0.6048014745276212
    },
    "order": [
        "model_3_multimer_v3_pred_0",
        "model_5_multimer_v3_pred_0",
        "model_4_multimer_v3_pred_0",
        "model_1_multimer_v3_pred_0",
        "model_2_multimer_v3_pred_0"
    ]
}