{
    "features": 146.52418684959412,
    "process_features_model_1_multimer_v3_pred_0": 3.5762786865234375e-05,
    "predict_and_compile_model_1_multimer_v3_pred_0": 377.349312543869,
    "relax_model_1_multimer_v3_pred_0": 730.3536419868469,
    "process_features_model_2_multimer_v3_pred_0": 5.459785461425781e-05,
    "predict_and_compile_model_2_multimer_v3_pred_0": 466.77419257164,
    "relax_model_2_multimer_v3_pred_0": 370.2971374988556,
    "process_features_model_3_multimer_v3_pred_0": 1.049041748046875e-05,
    "predict_and_compile_model_3_multimer_v3_pred_0": 649.0289433002472,
    "relax_model_3_multimer_v3_pred_0": 263.53988313674927,
    "process_features_model_4_multimer_v3_pred_0": 6.198883056640625e-06,
    "predict_and_compile_model_4_multimer_v3_pred_0": 1104.4550476074219,
    "relax_model_4_multimer_v3_pred_0": 290.65248918533325,
    "process_features_model_5_multimer_v3_pred_0": 9.298324584960938e-06,
    "predict_and_compile_model_5_multimer_v3_pred_0": 949.1778018474579,
    "relax_model_5_multimer_v3_pred_0": 345.29217767715454
}