{
    "iptm+ptm": {
        "model_1_multimer_v3_pred_0": 0.5618820176262205,
        "model_2_multimer_v3_pred_0": 0.6723215272867402,
        "model_3_multimer_v3_pred_0": 0.6725450424296279,
        "model_4_multimer_v3_pred_0": 0.6238114067238818,
        "model_5_multimer_v3_pred_0": 0.6071381453176952
    },
    "order": [
        "model_3_multimer_v3_pred_0",
        "model_2_multimer_v3_pred_0",
        "model_4_multimer_v3_pred_0",
        "model_5_multimer_v3_pred_0",
        "model_1_multimer_v3_pred_0"
    ]
}