{
    "features": 799.5992956161499,
    "process_features_model_1_multimer_v3_pred_0": 9.298324584960938e-06,
    "predict_and_compile_model_1_multimer_v3_pred_0": 1609.8742616176605,
    "relax_model_1_multimer_v3_pred_0": 226.23266005516052,
    "process_features_model_2_multimer_v3_pred_0": 5.7220458984375e-06,
    "predict_and_compile_model_2_multimer_v3_pred_0": 1592.8332624435425,
    "relax_model_2_multimer_v3_pred_0": 735.4093179702759,
    "process_features_model_3_multimer_v3_pred_0": 3.147125244140625e-05,
    "predict_and_compile_model_3_multimer_v3_pred_0": 1589.853106021881,
    "relax_model_3_multimer_v3_pred_0": 728.4377477169037,
    "process_features_model_4_multimer_v3_pred_0": 5.7220458984375e-06,
    "predict_and_compile_model_4_multimer_v3_pred_0": 1027.016230583191,
    "relax_model_4_multimer_v3_pred_0": 326.87961435317993,
    "process_features_model_5_multimer_v3_pred_0": 1.1205673217773438e-05,
    "predict_and_compile_model_5_multimer_v3_pred_0": 1557.5802767276764,
    "relax_model_5_multimer_v3_pred_0": 405.95769715309143
}