{
    "iptm+ptm": {
        "model_1_multimer_v3_pred_0": 0.7952352450772735,
        "model_2_multimer_v3_pred_0": 0.8463291284569834,
        "model_3_multimer_v3_pred_0": 0.8059389878142899,
        "model_4_multimer_v3_pred_0": 0.8035717057550218,
        "model_5_multimer_v3_pred_0": 0.8379448143299545
    },
    "order": [
        "model_2_multimer_v3_pred_0",
        "model_5_multimer_v3_pred_0",
        "model_3_multimer_v3_pred_0",
        "model_4_multimer_v3_pred_0",
        "model_1_multimer_v3_pred_0"
    ]
}