{
    "features": 511.4673025608063,
    "process_features_model_1_multimer_v3_pred_0": 3.0040740966796875e-05,
    "predict_and_compile_model_1_multimer_v3_pred_0": 365.61584734916687,
    "relax_model_1_multimer_v3_pred_0": 187.1200816631317,
    "process_features_model_2_multimer_v3_pred_0": 8.344650268554688e-06,
    "predict_and_compile_model_2_multimer_v3_pred_0": 472.80109548568726,
    "relax_model_2_multimer_v3_pred_0": 146.23669028282166,
    "process_features_model_3_multimer_v3_pred_0": 9.059906005859375e-06,
    "predict_and_compile_model_3_multimer_v3_pred_0": 567.254914522171,
    "relax_model_3_multimer_v3_pred_0": 317.8440124988556,
    "process_features_model_4_multimer_v3_pred_0": 7.3909759521484375e-06,
    "predict_and_compile_model_4_multimer_v3_pred_0": 477.72619915008545,
    "relax_model_4_multimer_v3_pred_0": 194.67125344276428,
    "process_features_model_5_multimer_v3_pred_0": 5.0067901611328125e-06,
    "predict_and_compile_model_5_multimer_v3_pred_0": 685.9908971786499,
    "relax_model_5_multimer_v3_pred_0": 160.78576803207397
}