{
    "iptm+ptm": {
        "model_1_multimer_v3_pred_0": 0.5253462185153883,
        "model_2_multimer_v3_pred_0": 0.6621668469447296,
        "model_3_multimer_v3_pred_0": 0.6083443982906023,
        "model_4_multimer_v3_pred_0": 0.5326226384600038,
        "model_5_multimer_v3_pred_0": 0.5911542928872617
    },
    "order": [
        "model_2_multimer_v3_pred_0",
        "model_3_multimer_v3_pred_0",
        "model_5_multimer_v3_pred_0",
        "model_4_multimer_v3_pred_0",
        "model_1_multimer_v3_pred_0"
    ]
}