{
    "features": 238.00803184509277,
    "process_features_model_1_multimer_v3_pred_0": 3.314018249511719e-05,
    "predict_and_compile_model_1_multimer_v3_pred_0": 1669.9074759483337,
    "relax_model_1_multimer_v3_pred_0": 556.6311695575714,
    "process_features_model_2_multimer_v3_pred_0": 2.288818359375e-05,
    "predict_and_compile_model_2_multimer_v3_pred_0": 1650.1757402420044,
    "relax_model_2_multimer_v3_pred_0": 243.40350651741028,
    "process_features_model_3_multimer_v3_pred_0": 5.245208740234375e-06,
    "predict_and_compile_model_3_multimer_v3_pred_0": 785.7893195152283,
    "relax_model_3_multimer_v3_pred_0": 273.80119276046753,
    "process_features_model_4_multimer_v3_pred_0": 6.198883056640625e-06,
    "predict_and_compile_model_4_multimer_v3_pred_0": 1646.1455330848694,
    "relax_model_4_multimer_v3_pred_0": 555.8867394924164,
    "process_features_model_5_multimer_v3_pred_0": 5.7220458984375e-06,
    "predict_and_compile_model_5_multimer_v3_pred_0": 1642.851652622223,
    "relax_model_5_multimer_v3_pred_0": 216.91952443122864
}