{
    "iptm+ptm": {
        "model_1_multimer_v3_pred_0": 0.8792702927306443,
        "model_2_multimer_v3_pred_0": 0.7320811052306231,
        "model_3_multimer_v3_pred_0": 0.8513226456679206,
        "model_4_multimer_v3_pred_0": 0.8817495532802703,
        "model_5_multimer_v3_pred_0": 0.8922439849519568
    },
    "order": [
        "model_5_multimer_v3_pred_0",
        "model_4_multimer_v3_pred_0",
        "model_1_multimer_v3_pred_0",
        "model_3_multimer_v3_pred_0",
        "model_2_multimer_v3_pred_0"
    ]
}