{
    "features": 136.96949458122253,
    "process_features_model_1_multimer_v3_pred_0": 2.193450927734375e-05,
    "predict_and_compile_model_1_multimer_v3_pred_0": 780.7403812408447,
    "relax_model_1_multimer_v3_pred_0": 203.2226209640503,
    "process_features_model_2_multimer_v3_pred_0": 5.4836273193359375e-06,
    "predict_and_compile_model_2_multimer_v3_pred_0": 1005.4990043640137,
    "relax_model_2_multimer_v3_pred_0": 640.8046138286591,
    "process_features_model_3_multimer_v3_pred_0": 5.0067901611328125e-06,
    "predict_and_compile_model_3_multimer_v3_pred_0": 783.519021987915,
    "relax_model_3_multimer_v3_pred_0": 364.7391953468323,
    "process_features_model_4_multimer_v3_pred_0": 7.3909759521484375e-06,
    "predict_and_compile_model_4_multimer_v3_pred_0": 1343.2666964530945,
    "relax_model_4_multimer_v3_pred_0": 516.429411649704,
    "process_features_model_5_multimer_v3_pred_0": 5.4836273193359375e-06,
    "predict_and_compile_model_5_multimer_v3_pred_0": 1343.8661477565765,
    "relax_model_5_multimer_v3_pred_0": 262.5631356239319
}