{
    "iptm+ptm": {
        "model_1_multimer_v3_pred_0": 0.8392622314871695,
        "model_2_multimer_v3_pred_0": 0.8439728999724543,
        "model_3_multimer_v3_pred_0": 0.8616485554972005,
        "model_4_multimer_v3_pred_0": 0.8670695558635119,
        "model_5_multimer_v3_pred_0": 0.8642840543514153
    },
    "order": [
        "model_4_multimer_v3_pred_0",
        "model_5_multimer_v3_pred_0",
        "model_3_multimer_v3_pred_0",
        "model_2_multimer_v3_pred_0",
        "model_1_multimer_v3_pred_0"
    ]
}