{
    "features": 256.48914408683777,
    "process_features_model_1_multimer_v3_pred_0": 2.2172927856445312e-05,
    "predict_and_compile_model_1_multimer_v3_pred_0": 790.1399898529053,
    "relax_model_1_multimer_v3_pred_0": 297.03167748451233,
    "process_features_model_2_multimer_v3_pred_0": 8.344650268554688e-06,
    "predict_and_compile_model_2_multimer_v3_pred_0": 493.778767824173,
    "relax_model_2_multimer_v3_pred_0": 281.7192611694336,
    "process_features_model_3_multimer_v3_pred_0": 9.775161743164062e-06,
    "predict_and_compile_model_3_multimer_v3_pred_0": 1253.723370552063,
    "relax_model_3_multimer_v3_pred_0": 778.8347642421722,
    "process_features_model_4_multimer_v3_pred_0": 1.1444091796875e-05,
    "predict_and_compile_model_4_multimer_v3_pred_0": 507.76882314682007,
    "relax_model_4_multimer_v3_pred_0": 269.09667205810547,
    "process_features_model_5_multimer_v3_pred_0": 2.193450927734375e-05,
    "predict_and_compile_model_5_multimer_v3_pred_0": 1268.8956689834595,
    "relax_model_5_multimer_v3_pred_0": 251.1781017780304
}