{
    "iptm+ptm": {
        "model_1_multimer_v3_pred_0": 0.7204287495138993,
        "model_2_multimer_v3_pred_0": 0.7103357462050074,
        "model_3_multimer_v3_pred_0": 0.7024928304400511,
        "model_4_multimer_v3_pred_0": 0.700384871216583,
        "model_5_multimer_v3_pred_0": 0.7081673783770766
    },
    "order": [
        "model_1_multimer_v3_pred_0",
        "model_2_multimer_v3_pred_0",
        "model_5_multimer_v3_pred_0",
        "model_3_multimer_v3_pred_0",
        "model_4_multimer_v3_pred_0"
    ]
}