{
    "features": 220.91342520713806,
    "process_features_model_1_multimer_v3_pred_0": 2.5033950805664062e-05,
    "predict_and_compile_model_1_multimer_v3_pred_0": 663.2365837097168,
    "relax_model_1_multimer_v3_pred_0": 249.44015669822693,
    "process_features_model_2_multimer_v3_pred_0": 2.6464462280273438e-05,
    "predict_and_compile_model_2_multimer_v3_pred_0": 632.0891335010529,
    "relax_model_2_multimer_v3_pred_0": 565.2741529941559,
    "process_features_model_3_multimer_v3_pred_0": 6.198883056640625e-06,
    "predict_and_compile_model_3_multimer_v3_pred_0": 556.394526720047,
    "relax_model_3_multimer_v3_pred_0": 479.4246003627777,
    "process_features_model_4_multimer_v3_pred_0": 5.7220458984375e-06,
    "predict_and_compile_model_4_multimer_v3_pred_0": 482.3790078163147,
    "relax_model_4_multimer_v3_pred_0": 251.0591208934784,
    "process_features_model_5_multimer_v3_pred_0": 6.67572021484375e-06,
    "predict_and_compile_model_5_multimer_v3_pred_0": 673.9574241638184,
    "relax_model_5_multimer_v3_pred_0": 171.91548204421997
}