{
    "iptm+ptm": {
        "model_1_multimer_v3_pred_0": 0.5550333466693935,
        "model_2_multimer_v3_pred_0": 0.5455140611977127,
        "model_3_multimer_v3_pred_0": 0.5326418812306476,
        "model_4_multimer_v3_pred_0": 0.4722938619597919,
        "model_5_multimer_v3_pred_0": 0.49036966525344494
    },
    "order": [
        "model_1_multimer_v3_pred_0",
        "model_2_multimer_v3_pred_0",
        "model_3_multimer_v3_pred_0",
        "model_5_multimer_v3_pred_0",
        "model_4_multimer_v3_pred_0"
    ]
}