{
    "features": 120.31830596923828,
    "process_features_model_1_multimer_v3_pred_0": 2.9325485229492188e-05,
    "predict_and_compile_model_1_multimer_v3_pred_0": 658.7984457015991,
    "relax_model_1_multimer_v3_pred_0": 155.62395906448364,
    "process_features_model_2_multimer_v3_pred_0": 1.1205673217773438e-05,
    "predict_and_compile_model_2_multimer_v3_pred_0": 1304.0306491851807,
    "relax_model_2_multimer_v3_pred_0": 231.37904119491577,
    "process_features_model_3_multimer_v3_pred_0": 1.0967254638671875e-05,
    "predict_and_compile_model_3_multimer_v3_pred_0": 890.9482157230377,
    "relax_model_3_multimer_v3_pred_0": 542.9289646148682,
    "process_features_model_4_multimer_v3_pred_0": 1.3589859008789062e-05,
    "predict_and_compile_model_4_multimer_v3_pred_0": 1098.5722358226776,
    "relax_model_4_multimer_v3_pred_0": 210.4462239742279,
    "process_features_model_5_multimer_v3_pred_0": 1.049041748046875e-05,
    "predict_and_compile_model_5_multimer_v3_pred_0": 637.8671452999115,
    "relax_model_5_multimer_v3_pred_0": 177.74331045150757
}