{
    "iptm+ptm": {
        "model_1_multimer_v3_pred_0": 0.441830573304819,
        "model_2_multimer_v3_pred_0": 0.4458472451526712,
        "model_3_multimer_v3_pred_0": 0.34509617957654803,
        "model_4_multimer_v3_pred_0": 0.43602695876277936,
        "model_5_multimer_v3_pred_0": 0.40027957137079195
    },
    "order": [
        "model_2_multimer_v3_pred_0",
        "model_1_multimer_v3_pred_0",
        "model_4_multimer_v3_pred_0",
        "model_5_multimer_v3_pred_0",
        "model_3_multimer_v3_pred_0"
    ]
}