{
    "features": 426.36012959480286,
    "process_features_model_1_multimer_v3_pred_0": 3.790855407714844e-05,
    "predict_and_compile_model_1_multimer_v3_pred_0": 859.1162371635437,
    "relax_model_1_multimer_v3_pred_0": 394.62745571136475,
    "process_features_model_2_multimer_v3_pred_0": 1.3828277587890625e-05,
    "predict_and_compile_model_2_multimer_v3_pred_0": 1033.7025532722473,
    "relax_model_2_multimer_v3_pred_0": 249.4747610092163,
    "process_features_model_3_multimer_v3_pred_0": 1.0251998901367188e-05,
    "predict_and_compile_model_3_multimer_v3_pred_0": 1824.9519193172455,
    "relax_model_3_multimer_v3_pred_0": 412.26259326934814,
    "process_features_model_4_multimer_v3_pred_0": 5.3882598876953125e-05,
    "predict_and_compile_model_4_multimer_v3_pred_0": 1817.7072615623474,
    "relax_model_4_multimer_v3_pred_0": 253.63850903511047,
    "process_features_model_5_multimer_v3_pred_0": 9.5367431640625e-06,
    "predict_and_compile_model_5_multimer_v3_pred_0": 1771.1027841567993,
    "relax_model_5_multimer_v3_pred_0": 410.44943499565125
}