{
    "iptm+ptm": {
        "model_1_multimer_v3_pred_0": 0.24731435583973194,
        "model_2_multimer_v3_pred_0": 0.24391010080275066,
        "model_3_multimer_v3_pred_0": 0.2787826984056212,
        "model_4_multimer_v3_pred_0": 0.28207614576733053,
        "model_5_multimer_v3_pred_0": 0.3011317307521912
    },
    "order": [
        "model_5_multimer_v3_pred_0",
        "model_4_multimer_v3_pred_0",
        "model_3_multimer_v3_pred_0",
        "model_1_multimer_v3_pred_0",
        "model_2_multimer_v3_pred_0"
    ]
}