{
    "features": 250.5999300479889,
    "process_features_model_1_multimer_v3_pred_0": 9.298324584960938e-06,
    "predict_and_compile_model_1_multimer_v3_pred_0": 1845.0380823612213,
    "relax_model_1_multimer_v3_pred_0": 431.7769606113434,
    "process_features_model_2_multimer_v3_pred_0": 7.867813110351562e-06,
    "predict_and_compile_model_2_multimer_v3_pred_0": 1808.9464099407196,
    "relax_model_2_multimer_v3_pred_0": 966.7145309448242,
    "process_features_model_3_multimer_v3_pred_0": 8.106231689453125e-06,
    "predict_and_compile_model_3_multimer_v3_pred_0": 1818.405556678772,
    "relax_model_3_multimer_v3_pred_0": 1093.1699221134186,
    "process_features_model_4_multimer_v3_pred_0": 4.76837158203125e-06,
    "predict_and_compile_model_4_multimer_v3_pred_0": 1751.522980928421,
    "relax_model_4_multimer_v3_pred_0": 699.7170088291168,
    "process_features_model_5_multimer_v3_pred_0": 4.5299530029296875e-06,
    "predict_and_compile_model_5_multimer_v3_pred_0": 1735.428260564804,
    "relax_model_5_multimer_v3_pred_0": 1503.993727684021
}