{
    "iptm+ptm": {
        "model_1_multimer_v3_pred_0": 0.7939399848622153,
        "model_2_multimer_v3_pred_0": 0.7789639885117593,
        "model_3_multimer_v3_pred_0": 0.7932236898913286,
        "model_4_multimer_v3_pred_0": 0.7951390748358321,
        "model_5_multimer_v3_pred_0": 0.805315799947689
    },
    "order": [
        "model_5_multimer_v3_pred_0",
        "model_4_multimer_v3_pred_0",
        "model_1_multimer_v3_pred_0",
        "model_3_multimer_v3_pred_0",
        "model_2_multimer_v3_pred_0"
    ]
}