{
    "features": 185.32804226875305,
    "process_features_model_1_multimer_v3_pred_0": 1.0013580322265625e-05,
    "predict_and_compile_model_1_multimer_v3_pred_0": 424.88541865348816,
    "relax_model_1_multimer_v3_pred_0": 330.83803367614746,
    "process_features_model_2_multimer_v3_pred_0": 5.4836273193359375e-06,
    "predict_and_compile_model_2_multimer_v3_pred_0": 420.0144124031067,
    "relax_model_2_multimer_v3_pred_0": 304.7906246185303,
    "process_features_model_3_multimer_v3_pred_0": 5.4836273193359375e-06,
    "predict_and_compile_model_3_multimer_v3_pred_0": 481.7018792629242,
    "relax_model_3_multimer_v3_pred_0": 297.2675869464874,
    "process_features_model_4_multimer_v3_pred_0": 8.821487426757812e-06,
    "predict_and_compile_model_4_multimer_v3_pred_0": 413.98491501808167,
    "relax_model_4_multimer_v3_pred_0": 308.65868973731995,
    "process_features_model_5_multimer_v3_pred_0": 0.00010371208190917969,
    "predict_and_compile_model_5_multimer_v3_pred_0": 430.6483938694,
    "relax_model_5_multimer_v3_pred_0": 334.96046590805054
}