{
    "iptm+ptm": {
        "model_1_multimer_v3_pred_0": 0.7567371901950172,
        "model_2_multimer_v3_pred_0": 0.8170045484536496,
        "model_3_multimer_v3_pred_0": 0.8452269088720862,
        "model_4_multimer_v3_pred_0": 0.824155949964305,
        "model_5_multimer_v3_pred_0": 0.8227273399032189
    },
    "order": [
        "model_3_multimer_v3_pred_0",
        "model_4_multimer_v3_pred_0",
        "model_5_multimer_v3_pred_0",
        "model_2_multimer_v3_pred_0",
        "model_1_multimer_v3_pred_0"
    ]
}