{
    "features": 167.49037504196167,
    "process_features_model_1_multimer_v3_pred_0": 9.5367431640625e-06,
    "predict_and_compile_model_1_multimer_v3_pred_0": 450.4379780292511,
    "relax_model_1_multimer_v3_pred_0": 322.73393845558167,
    "process_features_model_2_multimer_v3_pred_0": 5.4836273193359375e-06,
    "predict_and_compile_model_2_multimer_v3_pred_0": 526.6726315021515,
    "relax_model_2_multimer_v3_pred_0": 347.1288924217224,
    "process_features_model_3_multimer_v3_pred_0": 5.245208740234375e-06,
    "predict_and_compile_model_3_multimer_v3_pred_0": 594.9240670204163,
    "relax_model_3_multimer_v3_pred_0": 310.30035424232483,
    "process_features_model_4_multimer_v3_pred_0": 6.9141387939453125e-06,
    "predict_and_compile_model_4_multimer_v3_pred_0": 523.1285264492035,
    "relax_model_4_multimer_v3_pred_0": 181.04610896110535,
    "process_features_model_5_multimer_v3_pred_0": 8.106231689453125e-06,
    "predict_and_compile_model_5_multimer_v3_pred_0": 741.8118951320648,
    "relax_model_5_multimer_v3_pred_0": 424.44123697280884
}