{
    "iptm+ptm": {
        "model_1_multimer_v3_pred_0": 0.49316014957998555,
        "model_2_multimer_v3_pred_0": 0.5268179919028972,
        "model_3_multimer_v3_pred_0": 0.4602109438522436,
        "model_4_multimer_v3_pred_0": 0.49448547273925214,
        "model_5_multimer_v3_pred_0": 0.5360071894758242
    },
    "order": [
        "model_5_multimer_v3_pred_0",
        "model_2_multimer_v3_pred_0",
        "model_4_multimer_v3_pred_0",
        "model_1_multimer_v3_pred_0",
        "model_3_multimer_v3_pred_0"
    ]
}