{
    "features": 224.25634121894836,
    "process_features_model_1_multimer_v3_pred_0": 3.62396240234375e-05,
    "predict_and_compile_model_1_multimer_v3_pred_0": 1698.4492802619934,
    "process_features_model_2_multimer_v3_pred_0": 3.0517578125e-05,
    "predict_and_compile_model_2_multimer_v3_pred_0": 828.2223181724548,
    "process_features_model_3_multimer_v3_pred_0": 3.6716461181640625e-05,
    "predict_and_compile_model_3_multimer_v3_pred_0": 1715.5112657546997,
    "process_features_model_4_multimer_v3_pred_0": 6.961822509765625e-05,
    "predict_and_compile_model_4_multimer_v3_pred_0": 1691.3680505752563,
    "process_features_model_5_multimer_v3_pred_0": 2.5033950805664062e-05,
    "predict_and_compile_model_5_multimer_v3_pred_0": 775.1429278850555
}