{
    "iptm+ptm": {
        "model_1_multimer_v3_pred_0": 0.7970327197600865,
        "model_2_multimer_v3_pred_0": 0.8340187399017543,
        "model_3_multimer_v3_pred_0": 0.8111152862402423,
        "model_4_multimer_v3_pred_0": 0.7348423768119527,
        "model_5_multimer_v3_pred_0": 0.7817356715705942
    },
    "order": [
        "model_2_multimer_v3_pred_0",
        "model_3_multimer_v3_pred_0",
        "model_1_multimer_v3_pred_0",
        "model_5_multimer_v3_pred_0",
        "model_4_multimer_v3_pred_0"
    ]
}