{
    "features": 184.66068029403687,
    "process_features_model_1_multimer_v3_pred_0": 9.298324584960938e-06,
    "predict_and_compile_model_1_multimer_v3_pred_0": 1397.5269112586975,
    "relax_model_1_multimer_v3_pred_0": 253.04840874671936,
    "process_features_model_2_multimer_v3_pred_0": 7.152557373046875e-06,
    "predict_and_compile_model_2_multimer_v3_pred_0": 451.9074900150299,
    "relax_model_2_multimer_v3_pred_0": 263.06384658813477,
    "process_features_model_3_multimer_v3_pred_0": 5.7220458984375e-06,
    "predict_and_compile_model_3_multimer_v3_pred_0": 875.7501585483551,
    "relax_model_3_multimer_v3_pred_0": 204.76403975486755,
    "process_features_model_4_multimer_v3_pred_0": 6.198883056640625e-06,
    "predict_and_compile_model_4_multimer_v3_pred_0": 500.143027305603,
    "relax_model_4_multimer_v3_pred_0": 231.29994177818298,
    "process_features_model_5_multimer_v3_pred_0": 4.5299530029296875e-06,
    "predict_and_compile_model_5_multimer_v3_pred_0": 1039.9503178596497,
    "relax_model_5_multimer_v3_pred_0": 195.85406136512756
}