{
    "iptm+ptm": {
        "model_1_multimer_v3_pred_0": 0.7998886866518655,
        "model_2_multimer_v3_pred_0": 0.8612972231292434,
        "model_3_multimer_v3_pred_0": 0.8211934162347175,
        "model_4_multimer_v3_pred_0": 0.8265582042398869,
        "model_5_multimer_v3_pred_0": 0.8643034038860908
    },
    "order": [
        "model_5_multimer_v3_pred_0",
        "model_2_multimer_v3_pred_0",
        "model_4_multimer_v3_pred_0",
        "model_3_multimer_v3_pred_0",
        "model_1_multimer_v3_pred_0"
    ]
}