{
    "features": 204.5692036151886,
    "process_features_model_1_multimer_v3_pred_0": 5.340576171875e-05,
    "predict_and_compile_model_1_multimer_v3_pred_0": 748.2537994384766,
    "relax_model_1_multimer_v3_pred_0": 260.12567043304443,
    "process_features_model_2_multimer_v3_pred_0": 6.9141387939453125e-06,
    "predict_and_compile_model_2_multimer_v3_pred_0": 854.7000007629395,
    "relax_model_2_multimer_v3_pred_0": 725.3815100193024,
    "process_features_model_3_multimer_v3_pred_0": 4.76837158203125e-06,
    "predict_and_compile_model_3_multimer_v3_pred_0": 432.4019112586975,
    "relax_model_3_multimer_v3_pred_0": 713.0604517459869,
    "process_features_model_4_multimer_v3_pred_0": 6.198883056640625e-06,
    "predict_and_compile_model_4_multimer_v3_pred_0": 936.6857976913452,
    "relax_model_4_multimer_v3_pred_0": 435.019811630249,
    "process_features_model_5_multimer_v3_pred_0": 6.4373016357421875e-06,
    "predict_and_compile_model_5_multimer_v3_pred_0": 724.8319866657257,
    "relax_model_5_multimer_v3_pred_0": 263.06901383399963
}