{
    "iptm+ptm": {
        "model_1_multimer_v3_pred_0": 0.7414456410881112,
        "model_2_multimer_v3_pred_0": 0.7382033351373434,
        "model_3_multimer_v3_pred_0": 0.7691886215103378,
        "model_4_multimer_v3_pred_0": 0.7778177506695236,
        "model_5_multimer_v3_pred_0": 0.7618192361894303
    },
    "order": [
        "model_4_multimer_v3_pred_0",
        "model_3_multimer_v3_pred_0",
        "model_5_multimer_v3_pred_0",
        "model_1_multimer_v3_pred_0",
        "model_2_multimer_v3_pred_0"
    ]
}