{
    "features": 165.04272937774658,
    "process_features_model_1_multimer_v3_pred_0": 2.3603439331054688e-05,
    "predict_and_compile_model_1_multimer_v3_pred_0": 811.279397726059,
    "relax_model_1_multimer_v3_pred_0": 214.03097486495972,
    "process_features_model_2_multimer_v3_pred_0": 1.0251998901367188e-05,
    "predict_and_compile_model_2_multimer_v3_pred_0": 518.4737772941589,
    "relax_model_2_multimer_v3_pred_0": 289.3307194709778,
    "process_features_model_3_multimer_v3_pred_0": 7.152557373046875e-06,
    "predict_and_compile_model_3_multimer_v3_pred_0": 1462.567608833313,
    "relax_model_3_multimer_v3_pred_0": 795.1736686229706,
    "process_features_model_4_multimer_v3_pred_0": 2.7418136596679688e-05,
    "predict_and_compile_model_4_multimer_v3_pred_0": 1063.1476118564606,
    "relax_model_4_multimer_v3_pred_0": 296.3138210773468,
    "process_features_model_5_multimer_v3_pred_0": 2.6464462280273438e-05,
    "predict_and_compile_model_5_multimer_v3_pred_0": 630.8826377391815,
    "relax_model_5_multimer_v3_pred_0": 208.85104036331177
}