{
    "iptm+ptm": {
        "model_1_multimer_v3_pred_0": 0.769642903655218,
        "model_2_multimer_v3_pred_0": 0.7752772601857503,
        "model_3_multimer_v3_pred_0": 0.7633375294501856,
        "model_4_multimer_v3_pred_0": 0.7697884269920248,
        "model_5_multimer_v3_pred_0": 0.7470372827740127
    },
    "order": [
        "model_2_multimer_v3_pred_0",
        "model_4_multimer_v3_pred_0",
        "model_1_multimer_v3_pred_0",
        "model_3_multimer_v3_pred_0",
        "model_5_multimer_v3_pred_0"
    ]
}