{
    "features": 217.93108439445496,
    "process_features_model_1_multimer_v3_pred_0": 2.8848648071289062e-05,
    "predict_and_compile_model_1_multimer_v3_pred_0": 356.4688265323639,
    "relax_model_1_multimer_v3_pred_0": 180.68980264663696,
    "process_features_model_2_multimer_v3_pred_0": 4.363059997558594e-05,
    "predict_and_compile_model_2_multimer_v3_pred_0": 378.85243010520935,
    "relax_model_2_multimer_v3_pred_0": 256.6789960861206,
    "process_features_model_3_multimer_v3_pred_0": 3.337860107421875e-05,
    "predict_and_compile_model_3_multimer_v3_pred_0": 362.08451080322266,
    "relax_model_3_multimer_v3_pred_0": 152.3648920059204,
    "process_features_model_4_multimer_v3_pred_0": 6.4373016357421875e-06,
    "predict_and_compile_model_4_multimer_v3_pred_0": 353.74109148979187,
    "relax_model_4_multimer_v3_pred_0": 174.61477613449097,
    "process_features_model_5_multimer_v3_pred_0": 6.198883056640625e-06,
    "predict_and_compile_model_5_multimer_v3_pred_0": 352.4876616001129,
    "relax_model_5_multimer_v3_pred_0": 307.50764417648315
}