{
    "iptm+ptm": {
        "model_1_multimer_v3_pred_0": 0.8199340836613153,
        "model_2_multimer_v3_pred_0": 0.8152365057603654,
        "model_3_multimer_v3_pred_0": 0.840510985432348,
        "model_4_multimer_v3_pred_0": 0.8208271141544752,
        "model_5_multimer_v3_pred_0": 0.8289171463869833
    },
    "order": [
        "model_3_multimer_v3_pred_0",
        "model_5_multimer_v3_pred_0",
        "model_4_multimer_v3_pred_0",
        "model_1_multimer_v3_pred_0",
        "model_2_multimer_v3_pred_0"
    ]
}