{
    "features": 143.7226231098175,
    "process_features_model_1_multimer_v3_pred_0": 3.3855438232421875e-05,
    "predict_and_compile_model_1_multimer_v3_pred_0": 559.3722190856934,
    "relax_model_1_multimer_v3_pred_0": 174.65969944000244,
    "process_features_model_2_multimer_v3_pred_0": 5.7220458984375e-06,
    "predict_and_compile_model_2_multimer_v3_pred_0": 775.0188271999359,
    "relax_model_2_multimer_v3_pred_0": 231.1731414794922,
    "process_features_model_3_multimer_v3_pred_0": 5.4836273193359375e-06,
    "predict_and_compile_model_3_multimer_v3_pred_0": 671.4145362377167,
    "relax_model_3_multimer_v3_pred_0": 305.07683277130127,
    "process_features_model_4_multimer_v3_pred_0": 2.0742416381835938e-05,
    "predict_and_compile_model_4_multimer_v3_pred_0": 472.4384479522705,
    "relax_model_4_multimer_v3_pred_0": 161.67680430412292,
    "process_features_model_5_multimer_v3_pred_0": 6.67572021484375e-06,
    "predict_and_compile_model_5_multimer_v3_pred_0": 569.067732334137,
    "relax_model_5_multimer_v3_pred_0": 224.82192635536194
}