{
    "iptm+ptm": {
        "model_1_multimer_v3_pred_0": 0.6457862552869147,
        "model_2_multimer_v3_pred_0": 0.6059124374210139,
        "model_3_multimer_v3_pred_0": 0.6271010726364348,
        "model_4_multimer_v3_pred_0": 0.6375232394264942,
        "model_5_multimer_v3_pred_0": 0.6343015619203232
    },
    "order": [
        "model_1_multimer_v3_pred_0",
        "model_4_multimer_v3_pred_0",
        "model_5_multimer_v3_pred_0",
        "model_3_multimer_v3_pred_0",
        "model_2_multimer_v3_pred_0"
    ]
}