{
    "features": 204.25137567520142,
    "process_features_model_1_multimer_v3_pred_0": 1.0728836059570312e-05,
    "predict_and_compile_model_1_multimer_v3_pred_0": 793.3646426200867,
    "relax_model_1_multimer_v3_pred_0": 307.73222756385803,
    "process_features_model_2_multimer_v3_pred_0": 9.775161743164062e-06,
    "predict_and_compile_model_2_multimer_v3_pred_0": 531.6360764503479,
    "relax_model_2_multimer_v3_pred_0": 363.42657947540283,
    "process_features_model_3_multimer_v3_pred_0": 4.5299530029296875e-06,
    "predict_and_compile_model_3_multimer_v3_pred_0": 570.3381843566895,
    "relax_model_3_multimer_v3_pred_0": 405.4227318763733,
    "process_features_model_4_multimer_v3_pred_0": 8.821487426757812e-06,
    "predict_and_compile_model_4_multimer_v3_pred_0": 611.3419892787933,
    "relax_model_4_multimer_v3_pred_0": 341.83509278297424,
    "process_features_model_5_multimer_v3_pred_0": 7.152557373046875e-06,
    "predict_and_compile_model_5_multimer_v3_pred_0": 578.3682799339294,
    "relax_model_5_multimer_v3_pred_0": 360.13366985321045
}