{
    "iptm+ptm": {
        "model_1_multimer_v3_pred_0": 0.8116283954705223,
        "model_2_multimer_v3_pred_0": 0.8346540790952262,
        "model_3_multimer_v3_pred_0": 0.8330470286637705,
        "model_4_multimer_v3_pred_0": 0.8553326747536698,
        "model_5_multimer_v3_pred_0": 0.8554153667853562
    },
    "order": [
        "model_5_multimer_v3_pred_0",
        "model_4_multimer_v3_pred_0",
        "model_2_multimer_v3_pred_0",
        "model_3_multimer_v3_pred_0",
        "model_1_multimer_v3_pred_0"
    ]
}