{
    "features": 199.38126015663147,
    "process_features_model_1_multimer_v3_pred_0": 9.775161743164062e-06,
    "predict_and_compile_model_1_multimer_v3_pred_0": 652.8220472335815,
    "process_features_model_2_multimer_v3_pred_0": 8.58306884765625e-06,
    "predict_and_compile_model_2_multimer_v3_pred_0": 1995.7071664333344,
    "process_features_model_3_multimer_v3_pred_0": 7.3909759521484375e-06,
    "predict_and_compile_model_3_multimer_v3_pred_0": 2008.0529155731201,
    "process_features_model_4_multimer_v3_pred_0": 8.58306884765625e-06,
    "predict_and_compile_model_4_multimer_v3_pred_0": 1940.8462731838226,
    "process_features_model_5_multimer_v3_pred_0": 2.3126602172851562e-05,
    "predict_and_compile_model_5_multimer_v3_pred_0": 1929.4346766471863
}