{
    "iptm+ptm": {
        "model_1_multimer_v3_pred_0": 0.6909370865642348,
        "model_2_multimer_v3_pred_0": 0.7262249092563595,
        "model_3_multimer_v3_pred_0": 0.6703661855796832,
        "model_4_multimer_v3_pred_0": 0.6125076903001323,
        "model_5_multimer_v3_pred_0": 0.6869422777705643
    },
    "order": [
        "model_2_multimer_v3_pred_0",
        "model_1_multimer_v3_pred_0",
        "model_5_multimer_v3_pred_0",
        "model_3_multimer_v3_pred_0",
        "model_4_multimer_v3_pred_0"
    ]
}