{
    "features": 292.410888671875,
    "process_features_model_1_multimer_v3_pred_0": 1.3828277587890625e-05,
    "predict_and_compile_model_1_multimer_v3_pred_0": 1705.0603404045105,
    "process_features_model_2_multimer_v3_pred_0": 1.0728836059570312e-05,
    "predict_and_compile_model_2_multimer_v3_pred_0": 721.4361579418182,
    "process_features_model_3_multimer_v3_pred_0": 2.5987625122070312e-05,
    "predict_and_compile_model_3_multimer_v3_pred_0": 1641.555079460144,
    "process_features_model_4_multimer_v3_pred_0": 9.5367431640625e-06,
    "predict_and_compile_model_4_multimer_v3_pred_0": 1683.6878108978271,
    "process_features_model_5_multimer_v3_pred_0": 9.226799011230469e-05,
    "predict_and_compile_model_5_multimer_v3_pred_0": 1100.6437938213348
}