{
    "iptm+ptm": {
        "model_1_multimer_v3_pred_0": 0.7893336558212299,
        "model_2_multimer_v3_pred_0": 0.8317228328082631,
        "model_3_multimer_v3_pred_0": 0.8519945882133284,
        "model_4_multimer_v3_pred_0": 0.8380631945229154,
        "model_5_multimer_v3_pred_0": 0.8421720605968057
    },
    "order": [
        "model_3_multimer_v3_pred_0",
        "model_5_multimer_v3_pred_0",
        "model_4_multimer_v3_pred_0",
        "model_2_multimer_v3_pred_0",
        "model_1_multimer_v3_pred_0"
    ]
}