{
    "features": 159.72974705696106,
    "process_features_model_1_multimer_v3_pred_0": 1.1682510375976562e-05,
    "predict_and_compile_model_1_multimer_v3_pred_0": 391.46881318092346,
    "relax_model_1_multimer_v3_pred_0": 279.55739974975586,
    "process_features_model_2_multimer_v3_pred_0": 1.5497207641601562e-05,
    "predict_and_compile_model_2_multimer_v3_pred_0": 451.41118693351746,
    "relax_model_2_multimer_v3_pred_0": 254.55350470542908,
    "process_features_model_3_multimer_v3_pred_0": 6.198883056640625e-06,
    "predict_and_compile_model_3_multimer_v3_pred_0": 586.7900626659393,
    "relax_model_3_multimer_v3_pred_0": 299.310364484787,
    "process_features_model_4_multimer_v3_pred_0": 6.4373016357421875e-06,
    "predict_and_compile_model_4_multimer_v3_pred_0": 992.3118789196014,
    "relax_model_4_multimer_v3_pred_0": 218.353444814682,
    "process_features_model_5_multimer_v3_pred_0": 2.09808349609375e-05,
    "predict_and_compile_model_5_multimer_v3_pred_0": 1047.036366701126,
    "relax_model_5_multimer_v3_pred_0": 244.0522584915161
}