{
    "iptm+ptm": {
        "model_1_multimer_v3_pred_0": 0.8206002627658664,
        "model_2_multimer_v3_pred_0": 0.8289216304827701,
        "model_3_multimer_v3_pred_0": 0.8027291785244467,
        "model_4_multimer_v3_pred_0": 0.8238782130574577,
        "model_5_multimer_v3_pred_0": 0.8268700331688015
    },
    "order": [
        "model_2_multimer_v3_pred_0",
        "model_5_multimer_v3_pred_0",
        "model_4_multimer_v3_pred_0",
        "model_1_multimer_v3_pred_0",
        "model_3_multimer_v3_pred_0"
    ]
}