{
    "features": 292.34648156166077,
    "process_features_model_1_multimer_v3_pred_0": 2.9802322387695312e-05,
    "predict_and_compile_model_1_multimer_v3_pred_0": 510.96882152557373,
    "relax_model_1_multimer_v3_pred_0": 416.53904604911804,
    "process_features_model_2_multimer_v3_pred_0": 6.4373016357421875e-06,
    "predict_and_compile_model_2_multimer_v3_pred_0": 498.32098960876465,
    "relax_model_2_multimer_v3_pred_0": 275.5678005218506,
    "process_features_model_3_multimer_v3_pred_0": 5.7220458984375e-06,
    "predict_and_compile_model_3_multimer_v3_pred_0": 431.3428750038147,
    "relax_model_3_multimer_v3_pred_0": 322.9619393348694,
    "process_features_model_4_multimer_v3_pred_0": 5.4836273193359375e-06,
    "predict_and_compile_model_4_multimer_v3_pred_0": 760.2997758388519,
    "relax_model_4_multimer_v3_pred_0": 208.0164475440979,
    "process_features_model_5_multimer_v3_pred_0": 4.76837158203125e-06,
    "predict_and_compile_model_5_multimer_v3_pred_0": 426.9412829875946,
    "relax_model_5_multimer_v3_pred_0": 213.33979034423828
}