{
    "iptm+ptm": {
        "model_1_multimer_v3_pred_0": 0.7570922983769779,
        "model_2_multimer_v3_pred_0": 0.7240169360949562,
        "model_3_multimer_v3_pred_0": 0.7267501976713363,
        "model_4_multimer_v3_pred_0": 0.7449406413489617,
        "model_5_multimer_v3_pred_0": 0.7255715831946649
    },
    "order": [
        "model_1_multimer_v3_pred_0",
        "model_4_multimer_v3_pred_0",
        "model_3_multimer_v3_pred_0",
        "model_5_multimer_v3_pred_0",
        "model_2_multimer_v3_pred_0"
    ]
}