{
    "features": 216.13600873947144,
    "process_features_model_1_multimer_v3_pred_0": 4.00543212890625e-05,
    "predict_and_compile_model_1_multimer_v3_pred_0": 1568.1224777698517,
    "relax_model_1_multimer_v3_pred_0": 250.0180139541626,
    "process_features_model_2_multimer_v3_pred_0": 8.58306884765625e-06,
    "predict_and_compile_model_2_multimer_v3_pred_0": 681.8782138824463,
    "relax_model_2_multimer_v3_pred_0": 928.5026993751526,
    "process_features_model_3_multimer_v3_pred_0": 8.58306884765625e-06,
    "predict_and_compile_model_3_multimer_v3_pred_0": 617.4680876731873,
    "relax_model_3_multimer_v3_pred_0": 236.6983358860016,
    "process_features_model_4_multimer_v3_pred_0": 8.106231689453125e-06,
    "predict_and_compile_model_4_multimer_v3_pred_0": 1524.6652421951294,
    "relax_model_4_multimer_v3_pred_0": 418.6558828353882,
    "process_features_model_5_multimer_v3_pred_0": 8.106231689453125e-06,
    "predict_and_compile_model_5_multimer_v3_pred_0": 678.5326616764069,
    "relax_model_5_multimer_v3_pred_0": 745.6875264644623
}