{
    "iptm+ptm": {
        "model_1_multimer_v3_pred_0": 0.685212908336855,
        "model_2_multimer_v3_pred_0": 0.580272940578671,
        "model_3_multimer_v3_pred_0": 0.5369122933735107,
        "model_4_multimer_v3_pred_0": 0.6025143735663947,
        "model_5_multimer_v3_pred_0": 0.4515130387926982
    },
    "order": [
        "model_1_multimer_v3_pred_0",
        "model_4_multimer_v3_pred_0",
        "model_2_multimer_v3_pred_0",
        "model_3_multimer_v3_pred_0",
        "model_5_multimer_v3_pred_0"
    ]
}