{
    "features": 258.4380660057068,
    "process_features_model_1_multimer_v3_pred_0": 2.6464462280273438e-05,
    "predict_and_compile_model_1_multimer_v3_pred_0": 658.9002296924591,
    "relax_model_1_multimer_v3_pred_0": 358.88417506217957,
    "process_features_model_2_multimer_v3_pred_0": 5.0067901611328125e-06,
    "predict_and_compile_model_2_multimer_v3_pred_0": 755.4507305622101,
    "relax_model_2_multimer_v3_pred_0": 1297.7678716182709,
    "process_features_model_3_multimer_v3_pred_0": 7.62939453125e-06,
    "predict_and_compile_model_3_multimer_v3_pred_0": 789.473965883255,
    "relax_model_3_multimer_v3_pred_0": 370.43381094932556,
    "process_features_model_4_multimer_v3_pred_0": 3.218650817871094e-05,
    "predict_and_compile_model_4_multimer_v3_pred_0": 1152.579785823822,
    "relax_model_4_multimer_v3_pred_0": 434.80815148353577,
    "process_features_model_5_multimer_v3_pred_0": 5.4836273193359375e-06,
    "predict_and_compile_model_5_multimer_v3_pred_0": 1154.1359596252441,
    "relax_model_5_multimer_v3_pred_0": 539.8154103755951
}