{
    "iptm+ptm": {
        "model_1_multimer_v3_pred_0": 0.5524635606457574,
        "model_2_multimer_v3_pred_0": 0.579535546058016,
        "model_3_multimer_v3_pred_0": 0.5818455200088345,
        "model_4_multimer_v3_pred_0": 0.6193196377403225,
        "model_5_multimer_v3_pred_0": 0.5900253434735281
    },
    "order": [
        "model_4_multimer_v3_pred_0",
        "model_5_multimer_v3_pred_0",
        "model_3_multimer_v3_pred_0",
        "model_2_multimer_v3_pred_0",
        "model_1_multimer_v3_pred_0"
    ]
}