{
    "features": 247.39660930633545,
    "process_features_model_1_multimer_v3_pred_0": 4.100799560546875e-05,
    "predict_and_compile_model_1_multimer_v3_pred_0": 817.9766261577606,
    "relax_model_1_multimer_v3_pred_0": 226.8410050868988,
    "process_features_model_2_multimer_v3_pred_0": 5.9604644775390625e-06,
    "predict_and_compile_model_2_multimer_v3_pred_0": 927.6269874572754,
    "relax_model_2_multimer_v3_pred_0": 608.7212147712708,
    "process_features_model_3_multimer_v3_pred_0": 5.4836273193359375e-06,
    "predict_and_compile_model_3_multimer_v3_pred_0": 754.1723961830139,
    "relax_model_3_multimer_v3_pred_0": 581.2132468223572,
    "process_features_model_4_multimer_v3_pred_0": 2.2411346435546875e-05,
    "predict_and_compile_model_4_multimer_v3_pred_0": 1313.4714946746826,
    "relax_model_4_multimer_v3_pred_0": 323.5871160030365,
    "process_features_model_5_multimer_v3_pred_0": 5.7220458984375e-06,
    "predict_and_compile_model_5_multimer_v3_pred_0": 1304.0208356380463,
    "relax_model_5_multimer_v3_pred_0": 469.44706106185913
}