{
    "iptm+ptm": {
        "model_1_multimer_v3_pred_0": 0.7355613174229088,
        "model_2_multimer_v3_pred_0": 0.7559515626548099,
        "model_3_multimer_v3_pred_0": 0.7819216115149594,
        "model_4_multimer_v3_pred_0": 0.7610665197642204,
        "model_5_multimer_v3_pred_0": 0.7666259970088072
    },
    "order": [
        "model_3_multimer_v3_pred_0",
        "model_5_multimer_v3_pred_0",
        "model_4_multimer_v3_pred_0",
        "model_2_multimer_v3_pred_0",
        "model_1_multimer_v3_pred_0"
    ]
}