{
    "features": 186.7252631187439,
    "process_features_model_1_multimer_v3_pred_0": 1.3589859008789062e-05,
    "predict_and_compile_model_1_multimer_v3_pred_0": 426.5437686443329,
    "relax_model_1_multimer_v3_pred_0": 293.3137722015381,
    "process_features_model_2_multimer_v3_pred_0": 5.9604644775390625e-06,
    "predict_and_compile_model_2_multimer_v3_pred_0": 491.5605208873749,
    "relax_model_2_multimer_v3_pred_0": 254.7541482448578,
    "process_features_model_3_multimer_v3_pred_0": 6.9141387939453125e-06,
    "predict_and_compile_model_3_multimer_v3_pred_0": 424.52416825294495,
    "relax_model_3_multimer_v3_pred_0": 316.0846564769745,
    "process_features_model_4_multimer_v3_pred_0": 5.7220458984375e-06,
    "predict_and_compile_model_4_multimer_v3_pred_0": 420.97839403152466,
    "relax_model_4_multimer_v3_pred_0": 306.1359050273895,
    "process_features_model_5_multimer_v3_pred_0": 7.3909759521484375e-06,
    "predict_and_compile_model_5_multimer_v3_pred_0": 451.28660917282104,
    "relax_model_5_multimer_v3_pred_0": 268.09118938446045
}