{
    "iptm+ptm": {
        "model_1_multimer_v3_pred_0": 0.7688758807270899,
        "model_2_multimer_v3_pred_0": 0.8096525706058346,
        "model_3_multimer_v3_pred_0": 0.8241147681195891,
        "model_4_multimer_v3_pred_0": 0.8027128360546013,
        "model_5_multimer_v3_pred_0": 0.8399758261597644
    },
    "order": [
        "model_5_multimer_v3_pred_0",
        "model_3_multimer_v3_pred_0",
        "model_2_multimer_v3_pred_0",
        "model_4_multimer_v3_pred_0",
        "model_1_multimer_v3_pred_0"
    ]
}