{
    "features": 180.2010064125061,
    "process_features_model_1_multimer_v3_pred_0": 1.0251998901367188e-05,
    "predict_and_compile_model_1_multimer_v3_pred_0": 508.8415150642395,
    "relax_model_1_multimer_v3_pred_0": 218.24178886413574,
    "process_features_model_2_multimer_v3_pred_0": 5.9604644775390625e-06,
    "predict_and_compile_model_2_multimer_v3_pred_0": 509.83742475509644,
    "relax_model_2_multimer_v3_pred_0": 154.34854388237,
    "process_features_model_3_multimer_v3_pred_0": 5.4836273193359375e-06,
    "predict_and_compile_model_3_multimer_v3_pred_0": 446.509309053421,
    "relax_model_3_multimer_v3_pred_0": 244.21209955215454,
    "process_features_model_4_multimer_v3_pred_0": 5.245208740234375e-06,
    "predict_and_compile_model_4_multimer_v3_pred_0": 449.9309837818146,
    "relax_model_4_multimer_v3_pred_0": 327.318510055542,
    "process_features_model_5_multimer_v3_pred_0": 6.198883056640625e-06,
    "predict_and_compile_model_5_multimer_v3_pred_0": 921.4046757221222,
    "relax_model_5_multimer_v3_pred_0": 368.5287673473358
}