{
    "iptm+ptm": {
        "model_1_multimer_v3_pred_0": 0.6786615557728545,
        "model_2_multimer_v3_pred_0": 0.7386181333033845,
        "model_3_multimer_v3_pred_0": 0.7154964101088986,
        "model_4_multimer_v3_pred_0": 0.7207649444697724,
        "model_5_multimer_v3_pred_0": 0.7219503063227259
    },
    "order": [
        "model_2_multimer_v3_pred_0",
        "model_5_multimer_v3_pred_0",
        "model_4_multimer_v3_pred_0",
        "model_3_multimer_v3_pred_0",
        "model_1_multimer_v3_pred_0"
    ]
}