{
    "features": 243.82715368270874,
    "process_features_model_1_multimer_v3_pred_0": 3.314018249511719e-05,
    "predict_and_compile_model_1_multimer_v3_pred_0": 526.3227446079254,
    "relax_model_1_multimer_v3_pred_0": 326.8908317089081,
    "process_features_model_2_multimer_v3_pred_0": 5.9604644775390625e-06,
    "predict_and_compile_model_2_multimer_v3_pred_0": 614.6666541099548,
    "relax_model_2_multimer_v3_pred_0": 253.2463080883026,
    "process_features_model_3_multimer_v3_pred_0": 7.867813110351562e-06,
    "predict_and_compile_model_3_multimer_v3_pred_0": 540.9775369167328,
    "relax_model_3_multimer_v3_pred_0": 1086.1831798553467,
    "process_features_model_4_multimer_v3_pred_0": 5.245208740234375e-06,
    "predict_and_compile_model_4_multimer_v3_pred_0": 480.24888586997986,
    "relax_model_4_multimer_v3_pred_0": 312.0301184654236,
    "process_features_model_5_multimer_v3_pred_0": 2.0503997802734375e-05,
    "predict_and_compile_model_5_multimer_v3_pred_0": 1135.4062054157257,
    "relax_model_5_multimer_v3_pred_0": 271.89081621170044
}