{
    "iptm+ptm": {
        "model_1_multimer_v3_pred_0": 0.8113751425092839,
        "model_2_multimer_v3_pred_0": 0.7842367987628798,
        "model_3_multimer_v3_pred_0": 0.7766871040923912,
        "model_4_multimer_v3_pred_0": 0.8204695150691657,
        "model_5_multimer_v3_pred_0": 0.8195319970057918
    },
    "order": [
        "model_4_multimer_v3_pred_0",
        "model_5_multimer_v3_pred_0",
        "model_1_multimer_v3_pred_0",
        "model_2_multimer_v3_pred_0",
        "model_3_multimer_v3_pred_0"
    ]
}