{
    "features": 235.12318181991577,
    "process_features_model_1_multimer_v3_pred_0": 1.0728836059570312e-05,
    "predict_and_compile_model_1_multimer_v3_pred_0": 1426.4676876068115,
    "relax_model_1_multimer_v3_pred_0": 216.16583824157715,
    "process_features_model_2_multimer_v3_pred_0": 5.4836273193359375e-06,
    "predict_and_compile_model_2_multimer_v3_pred_0": 1424.211685180664,
    "relax_model_2_multimer_v3_pred_0": 581.5322110652924,
    "process_features_model_3_multimer_v3_pred_0": 5.9604644775390625e-06,
    "predict_and_compile_model_3_multimer_v3_pred_0": 701.9732446670532,
    "relax_model_3_multimer_v3_pred_0": 613.8129699230194,
    "process_features_model_4_multimer_v3_pred_0": 6.198883056640625e-06,
    "predict_and_compile_model_4_multimer_v3_pred_0": 807.7403411865234,
    "relax_model_4_multimer_v3_pred_0": 192.88438892364502,
    "process_features_model_5_multimer_v3_pred_0": 6.9141387939453125e-06,
    "predict_and_compile_model_5_multimer_v3_pred_0": 1283.631432056427,
    "relax_model_5_multimer_v3_pred_0": 240.17467260360718
}