{
    "iptm+ptm": {
        "model_1_multimer_v3_pred_0": 0.2387809445464493,
        "model_2_multimer_v3_pred_0": 0.24883703187209377,
        "model_3_multimer_v3_pred_0": 0.3227636288314657,
        "model_4_multimer_v3_pred_0": 0.24284412019451057,
        "model_5_multimer_v3_pred_0": 0.3346100684290342
    },
    "order": [
        "model_5_multimer_v3_pred_0",
        "model_3_multimer_v3_pred_0",
        "model_2_multimer_v3_pred_0",
        "model_4_multimer_v3_pred_0",
        "model_1_multimer_v3_pred_0"
    ]
}