{
    "features": 133.0014317035675,
    "process_features_model_1_multimer_v3_pred_0": 1.1682510375976562e-05,
    "predict_and_compile_model_1_multimer_v3_pred_0": 1632.5611898899078,
    "relax_model_1_multimer_v3_pred_0": 880.2321145534515,
    "process_features_model_2_multimer_v3_pred_0": 2.2649765014648438e-05,
    "predict_and_compile_model_2_multimer_v3_pred_0": 1586.3858711719513,
    "relax_model_2_multimer_v3_pred_0": 330.9707224369049,
    "process_features_model_3_multimer_v3_pred_0": 3.2901763916015625e-05,
    "predict_and_compile_model_3_multimer_v3_pred_0": 1088.4200904369354,
    "relax_model_3_multimer_v3_pred_0": 1365.8300430774689,
    "process_features_model_4_multimer_v3_pred_0": 5.7220458984375e-06,
    "predict_and_compile_model_4_multimer_v3_pred_0": 1053.0034618377686,
    "relax_model_4_multimer_v3_pred_0": 864.1679813861847,
    "process_features_model_5_multimer_v3_pred_0": 5.0067901611328125e-06,
    "predict_and_compile_model_5_multimer_v3_pred_0": 1603.4543797969818,
    "relax_model_5_multimer_v3_pred_0": 852.4430568218231
}