{
    "iptm+ptm": {
        "model_1_multimer_v3_pred_0": 0.8032751958212465,
        "model_2_multimer_v3_pred_0": 0.805889393772218,
        "model_3_multimer_v3_pred_0": 0.8398491007796287,
        "model_4_multimer_v3_pred_0": 0.8375183820260972,
        "model_5_multimer_v3_pred_0": 0.8269879640370326
    },
    "order": [
        "model_3_multimer_v3_pred_0",
        "model_4_multimer_v3_pred_0",
        "model_5_multimer_v3_pred_0",
        "model_2_multimer_v3_pred_0",
        "model_1_multimer_v3_pred_0"
    ]
}