{
    "features": 100.08530879020691,
    "process_features_model_1_multimer_v3_pred_0": 1.0728836059570312e-05,
    "predict_and_compile_model_1_multimer_v3_pred_0": 113.56330585479736,
    "relax_model_1_multimer_v3_pred_0": 300.853319644928,
    "process_features_model_2_multimer_v3_pred_0": 4.0531158447265625e-06,
    "predict_and_compile_model_2_multimer_v3_pred_0": 102.57470440864563,
    "relax_model_2_multimer_v3_pred_0": 275.2886691093445,
    "process_features_model_3_multimer_v3_pred_0": 3.337860107421875e-06,
    "predict_and_compile_model_3_multimer_v3_pred_0": 95.95911622047424,
    "relax_model_3_multimer_v3_pred_0": 274.8677113056183,
    "process_features_model_4_multimer_v3_pred_0": 3.814697265625e-06,
    "predict_and_compile_model_4_multimer_v3_pred_0": 100.97493886947632,
    "relax_model_4_multimer_v3_pred_0": 267.8730821609497,
    "process_features_model_5_multimer_v3_pred_0": 4.291534423828125e-06,
    "predict_and_compile_model_5_multimer_v3_pred_0": 116.85381770133972,
    "relax_model_5_multimer_v3_pred_0": 290.10878801345825
}