{
    "iptm+ptm": {
        "model_1_multimer_v3_pred_0": 0.8911648689997967,
        "model_2_multimer_v3_pred_0": 0.7206875106155256,
        "model_3_multimer_v3_pred_0": 0.854887952294611,
        "model_4_multimer_v3_pred_0": 0.8576513028158983,
        "model_5_multimer_v3_pred_0": 0.711457340615764
    },
    "order": [
        "model_1_multimer_v3_pred_0",
        "model_4_multimer_v3_pred_0",
        "model_3_multimer_v3_pred_0",
        "model_2_multimer_v3_pred_0",
        "model_5_multimer_v3_pred_0"
    ]
}