{
    "features": 147.21411633491516,
    "process_features_model_1_multimer_v3_pred_0": 3.218650817871094e-05,
    "predict_and_compile_model_1_multimer_v3_pred_0": 1565.9393117427826,
    "relax_model_1_multimer_v3_pred_0": 648.2195830345154,
    "process_features_model_2_multimer_v3_pred_0": 5.9604644775390625e-06,
    "predict_and_compile_model_2_multimer_v3_pred_0": 1564.0480921268463,
    "relax_model_2_multimer_v3_pred_0": 472.19031834602356,
    "process_features_model_3_multimer_v3_pred_0": 9.298324584960938e-06,
    "predict_and_compile_model_3_multimer_v3_pred_0": 829.8533170223236,
    "relax_model_3_multimer_v3_pred_0": 753.8840503692627,
    "process_features_model_4_multimer_v3_pred_0": 5.4836273193359375e-06,
    "predict_and_compile_model_4_multimer_v3_pred_0": 1273.0592346191406,
    "relax_model_4_multimer_v3_pred_0": 767.5466947555542,
    "process_features_model_5_multimer_v3_pred_0": 6.67572021484375e-06,
    "predict_and_compile_model_5_multimer_v3_pred_0": 1543.3932950496674,
    "relax_model_5_multimer_v3_pred_0": 563.5061094760895
}