{
    "iptm+ptm": {
        "model_1_multimer_v3_pred_0": 0.903929396999668,
        "model_2_multimer_v3_pred_0": 0.911926374366207,
        "model_3_multimer_v3_pred_0": 0.9214098877296646,
        "model_4_multimer_v3_pred_0": 0.914060747619358,
        "model_5_multimer_v3_pred_0": 0.9216683361204194
    },
    "order": [
        "model_5_multimer_v3_pred_0",
        "model_3_multimer_v3_pred_0",
        "model_4_multimer_v3_pred_0",
        "model_2_multimer_v3_pred_0",
        "model_1_multimer_v3_pred_0"
    ]
}