{
    "features": 164.86200404167175,
    "process_features_model_1_multimer_v3_pred_0": 9.775161743164062e-06,
    "predict_and_compile_model_1_multimer_v3_pred_0": 416.4370024204254,
    "relax_model_1_multimer_v3_pred_0": 164.99863481521606,
    "process_features_model_2_multimer_v3_pred_0": 6.4373016357421875e-06,
    "predict_and_compile_model_2_multimer_v3_pred_0": 420.29515743255615,
    "relax_model_2_multimer_v3_pred_0": 215.84831285476685,
    "process_features_model_3_multimer_v3_pred_0": 4.76837158203125e-06,
    "predict_and_compile_model_3_multimer_v3_pred_0": 421.47500443458557,
    "relax_model_3_multimer_v3_pred_0": 337.65514612197876,
    "process_features_model_4_multimer_v3_pred_0": 2.1219253540039062e-05,
    "predict_and_compile_model_4_multimer_v3_pred_0": 405.49112844467163,
    "relax_model_4_multimer_v3_pred_0": 261.348783493042,
    "process_features_model_5_multimer_v3_pred_0": 7.867813110351562e-06,
    "predict_and_compile_model_5_multimer_v3_pred_0": 391.61778473854065,
    "relax_model_5_multimer_v3_pred_0": 241.27045321464539
}