{
    "iptm+ptm": {
        "model_1_multimer_v3_pred_0": 0.5866926156202955,
        "model_2_multimer_v3_pred_0": 0.6185485763204255,
        "model_3_multimer_v3_pred_0": 0.6320375037625148,
        "model_4_multimer_v3_pred_0": 0.6403453786966201,
        "model_5_multimer_v3_pred_0": 0.6224938377857853
    },
    "order": [
        "model_4_multimer_v3_pred_0",
        "model_3_multimer_v3_pred_0",
        "model_5_multimer_v3_pred_0",
        "model_2_multimer_v3_pred_0",
        "model_1_multimer_v3_pred_0"
    ]
}