{
    "features": 225.90641379356384,
    "process_features_model_1_multimer_v3_pred_0": 3.647804260253906e-05,
    "predict_and_compile_model_1_multimer_v3_pred_0": 760.674798488617,
    "relax_model_1_multimer_v3_pred_0": 200.76783800125122,
    "process_features_model_2_multimer_v3_pred_0": 4.76837158203125e-06,
    "predict_and_compile_model_2_multimer_v3_pred_0": 878.7638704776764,
    "relax_model_2_multimer_v3_pred_0": 249.43438959121704,
    "process_features_model_3_multimer_v3_pred_0": 5.0067901611328125e-06,
    "predict_and_compile_model_3_multimer_v3_pred_0": 796.4072372913361,
    "relax_model_3_multimer_v3_pred_0": 232.39705967903137,
    "process_features_model_4_multimer_v3_pred_0": 1.5497207641601562e-05,
    "predict_and_compile_model_4_multimer_v3_pred_0": 1302.5974974632263,
    "relax_model_4_multimer_v3_pred_0": 207.5858612060547,
    "process_features_model_5_multimer_v3_pred_0": 5.4836273193359375e-06,
    "predict_and_compile_model_5_multimer_v3_pred_0": 640.4253101348877,
    "relax_model_5_multimer_v3_pred_0": 201.27170538902283
}