{
    "iptm+ptm": {
        "model_1_multimer_v3_pred_0": 0.7571662411380335,
        "model_2_multimer_v3_pred_0": 0.6981672415579465,
        "model_3_multimer_v3_pred_0": 0.5772401007141328,
        "model_4_multimer_v3_pred_0": 0.6696188410225403,
        "model_5_multimer_v3_pred_0": 0.6529354827416058
    },
    "order": [
        "model_1_multimer_v3_pred_0",
        "model_2_multimer_v3_pred_0",
        "model_4_multimer_v3_pred_0",
        "model_5_multimer_v3_pred_0",
        "model_3_multimer_v3_pred_0"
    ]
}