{
    "features": 85.87662529945374,
    "process_features_model_1_multimer_v3_pred_0": 9.775161743164062e-06,
    "predict_and_compile_model_1_multimer_v3_pred_0": 326.46642684936523,
    "relax_model_1_multimer_v3_pred_0": 121.0352714061737,
    "process_features_model_2_multimer_v3_pred_0": 1.049041748046875e-05,
    "predict_and_compile_model_2_multimer_v3_pred_0": 337.80255937576294,
    "relax_model_2_multimer_v3_pred_0": 113.58221793174744,
    "process_features_model_3_multimer_v3_pred_0": 3.790855407714844e-05,
    "predict_and_compile_model_3_multimer_v3_pred_0": 340.82260751724243,
    "relax_model_3_multimer_v3_pred_0": 123.61651563644409,
    "process_features_model_4_multimer_v3_pred_0": 4.76837158203125e-06,
    "predict_and_compile_model_4_multimer_v3_pred_0": 319.9532072544098,
    "relax_model_4_multimer_v3_pred_0": 169.1435627937317,
    "process_features_model_5_multimer_v3_pred_0": 5.0067901611328125e-06,
    "predict_and_compile_model_5_multimer_v3_pred_0": 329.2096321582794,
    "relax_model_5_multimer_v3_pred_0": 160.21240258216858
}