{
    "iptm+ptm": {
        "model_1_multimer_v3_pred_0": 0.4241073640591085,
        "model_2_multimer_v3_pred_0": 0.43227824835694495,
        "model_3_multimer_v3_pred_0": 0.4308307164795474,
        "model_4_multimer_v3_pred_0": 0.41239302409041656,
        "model_5_multimer_v3_pred_0": 0.44899611371850384
    },
    "order": [
        "model_5_multimer_v3_pred_0",
        "model_2_multimer_v3_pred_0",
        "model_3_multimer_v3_pred_0",
        "model_1_multimer_v3_pred_0",
        "model_4_multimer_v3_pred_0"
    ]
}