{
    "features": 3241.4434032440186,
    "process_features_model_1_multimer_v3_pred_0": 9.5367431640625e-06,
    "predict_and_compile_model_1_multimer_v3_pred_0": 1244.4554040431976,
    "relax_model_1_multimer_v3_pred_0": 625.1104383468628,
    "process_features_model_2_multimer_v3_pred_0": 1.33514404296875e-05,
    "predict_and_compile_model_2_multimer_v3_pred_0": 699.39240193367,
    "relax_model_2_multimer_v3_pred_0": 755.4401500225067,
    "process_features_model_3_multimer_v3_pred_0": 4.76837158203125e-06,
    "predict_and_compile_model_3_multimer_v3_pred_0": 754.0781674385071,
    "relax_model_3_multimer_v3_pred_0": 850.3627915382385,
    "process_features_model_4_multimer_v3_pred_0": 2.1696090698242188e-05,
    "predict_and_compile_model_4_multimer_v3_pred_0": 1398.5121023654938,
    "relax_model_4_multimer_v3_pred_0": 418.94640278816223,
    "process_features_model_5_multimer_v3_pred_0": 2.0742416381835938e-05,
    "predict_and_compile_model_5_multimer_v3_pred_0": 1388.45987534523,
    "relax_model_5_multimer_v3_pred_0": 808.8024315834045
}