{
    "iptm+ptm": {
        "model_1_multimer_v3_pred_0": 0.6760313055162074,
        "model_2_multimer_v3_pred_0": 0.7720229731272569,
        "model_3_multimer_v3_pred_0": 0.7709679734371037,
        "model_4_multimer_v3_pred_0": 0.7874492080061333,
        "model_5_multimer_v3_pred_0": 0.7287462848875952
    },
    "order": [
        "model_4_multimer_v3_pred_0",
        "model_2_multimer_v3_pred_0",
        "model_3_multimer_v3_pred_0",
        "model_5_multimer_v3_pred_0",
        "model_1_multimer_v3_pred_0"
    ]
}