{
    "features": 155.5841941833496,
    "process_features_model_1_multimer_v3_pred_0": 4.839897155761719e-05,
    "predict_and_compile_model_1_multimer_v3_pred_0": 367.9245491027832,
    "relax_model_1_multimer_v3_pred_0": 171.13307166099548,
    "process_features_model_2_multimer_v3_pred_0": 5.4836273193359375e-06,
    "predict_and_compile_model_2_multimer_v3_pred_0": 413.4231655597687,
    "relax_model_2_multimer_v3_pred_0": 192.25418281555176,
    "process_features_model_3_multimer_v3_pred_0": 9.298324584960938e-06,
    "predict_and_compile_model_3_multimer_v3_pred_0": 478.9812376499176,
    "relax_model_3_multimer_v3_pred_0": 218.5041344165802,
    "process_features_model_4_multimer_v3_pred_0": 6.198883056640625e-06,
    "predict_and_compile_model_4_multimer_v3_pred_0": 354.1376392841339,
    "relax_model_4_multimer_v3_pred_0": 204.37474632263184,
    "process_features_model_5_multimer_v3_pred_0": 5.245208740234375e-06,
    "predict_and_compile_model_5_multimer_v3_pred_0": 467.1464829444885,
    "relax_model_5_multimer_v3_pred_0": 239.3876554965973
}