{
    "iptm+ptm": {
        "model_1_multimer_v3_pred_0": 0.6780851562044822,
        "model_2_multimer_v3_pred_0": 0.613194585847275,
        "model_3_multimer_v3_pred_0": 0.49996447268335154,
        "model_4_multimer_v3_pred_0": 0.70614804373646,
        "model_5_multimer_v3_pred_0": 0.6187199213853192
    },
    "order": [
        "model_4_multimer_v3_pred_0",
        "model_1_multimer_v3_pred_0",
        "model_5_multimer_v3_pred_0",
        "model_2_multimer_v3_pred_0",
        "model_3_multimer_v3_pred_0"
    ]
}