{
    "features": 252.72489070892334,
    "process_features_model_1_multimer_v3_pred_0": 2.2649765014648438e-05,
    "predict_and_compile_model_1_multimer_v3_pred_0": 2830.5592336654663,
    "relax_model_1_multimer_v3_pred_0": 2032.8775227069855,
    "process_features_model_2_multimer_v3_pred_0": 4.5299530029296875e-06,
    "predict_and_compile_model_2_multimer_v3_pred_0": 2842.4250161647797,
    "relax_model_2_multimer_v3_pred_0": 2771.7930834293365,
    "process_features_model_3_multimer_v3_pred_0": 3.3855438232421875e-05,
    "predict_and_compile_model_3_multimer_v3_pred_0": 2831.459452390671,
    "relax_model_3_multimer_v3_pred_0": 3791.430141687393,
    "process_features_model_4_multimer_v3_pred_0": 1.71661376953125e-05,
    "predict_and_compile_model_4_multimer_v3_pred_0": 2737.501797437668,
    "relax_model_4_multimer_v3_pred_0": 550.3036561012268,
    "process_features_model_5_multimer_v3_pred_0": 6.198883056640625e-06,
    "predict_and_compile_model_5_multimer_v3_pred_0": 2753.612109899521,
    "relax_model_5_multimer_v3_pred_0": 1301.8975856304169
}