{
    "iptm+ptm": {
        "model_1_multimer_v3_pred_0": 0.9083027360745308,
        "model_2_multimer_v3_pred_0": 0.9125898980301991,
        "model_3_multimer_v3_pred_0": 0.9079095291812319,
        "model_4_multimer_v3_pred_0": 0.915086150868221,
        "model_5_multimer_v3_pred_0": 0.916846784013918
    },
    "order": [
        "model_5_multimer_v3_pred_0",
        "model_4_multimer_v3_pred_0",
        "model_2_multimer_v3_pred_0",
        "model_1_multimer_v3_pred_0",
        "model_3_multimer_v3_pred_0"
    ]
}