{
    "features": 205.29085636138916,
    "process_features_model_1_multimer_v3_pred_0": 1.52587890625e-05,
    "predict_and_compile_model_1_multimer_v3_pred_0": 559.5470514297485,
    "relax_model_1_multimer_v3_pred_0": 184.73270964622498,
    "process_features_model_2_multimer_v3_pred_0": 1.8358230590820312e-05,
    "predict_and_compile_model_2_multimer_v3_pred_0": 464.56842970848083,
    "relax_model_2_multimer_v3_pred_0": 264.19945192337036,
    "process_features_model_3_multimer_v3_pred_0": 1.1682510375976562e-05,
    "predict_and_compile_model_3_multimer_v3_pred_0": 478.528272151947,
    "relax_model_3_multimer_v3_pred_0": 323.2219407558441,
    "process_features_model_4_multimer_v3_pred_0": 1.4066696166992188e-05,
    "predict_and_compile_model_4_multimer_v3_pred_0": 480.5683219432831,
    "relax_model_4_multimer_v3_pred_0": 339.45156955718994,
    "process_features_model_5_multimer_v3_pred_0": 9.775161743164062e-06,
    "predict_and_compile_model_5_multimer_v3_pred_0": 418.951767206192,
    "relax_model_5_multimer_v3_pred_0": 225.70663809776306
}