{
    "iptm+ptm": {
        "model_1_multimer_v3_pred_0": 0.5803648687698323,
        "model_2_multimer_v3_pred_0": 0.6077384457707059,
        "model_3_multimer_v3_pred_0": 0.5854420777687619,
        "model_4_multimer_v3_pred_0": 0.638184517589913,
        "model_5_multimer_v3_pred_0": 0.6056336217303945
    },
    "order": [
        "model_4_multimer_v3_pred_0",
        "model_2_multimer_v3_pred_0",
        "model_5_multimer_v3_pred_0",
        "model_3_multimer_v3_pred_0",
        "model_1_multimer_v3_pred_0"
    ]
}