{
    "features": 166.51095867156982,
    "process_features_model_1_multimer_v3_pred_0": 1.0013580322265625e-05,
    "predict_and_compile_model_1_multimer_v3_pred_0": 541.295737028122,
    "relax_model_1_multimer_v3_pred_0": 158.9305865764618,
    "process_features_model_2_multimer_v3_pred_0": 7.152557373046875e-06,
    "predict_and_compile_model_2_multimer_v3_pred_0": 527.017315864563,
    "relax_model_2_multimer_v3_pred_0": 309.8154151439667,
    "process_features_model_3_multimer_v3_pred_0": 6.198883056640625e-06,
    "predict_and_compile_model_3_multimer_v3_pred_0": 483.0304901599884,
    "relax_model_3_multimer_v3_pred_0": 248.35809540748596,
    "process_features_model_4_multimer_v3_pred_0": 6.198883056640625e-06,
    "predict_and_compile_model_4_multimer_v3_pred_0": 366.7187399864197,
    "relax_model_4_multimer_v3_pred_0": 249.37291955947876,
    "process_features_model_5_multimer_v3_pred_0": 5.9604644775390625e-06,
    "predict_and_compile_model_5_multimer_v3_pred_0": 470.61843848228455,
    "relax_model_5_multimer_v3_pred_0": 314.03839778900146
}