{
    "iptm+ptm": {
        "model_1_multimer_v3_pred_0": 0.6922840807344933,
        "model_2_multimer_v3_pred_0": 0.7106444016926772,
        "model_3_multimer_v3_pred_0": 0.7404938967360271,
        "model_4_multimer_v3_pred_0": 0.7081257575370421,
        "model_5_multimer_v3_pred_0": 0.7200533326853316
    },
    "order": [
        "model_3_multimer_v3_pred_0",
        "model_5_multimer_v3_pred_0",
        "model_2_multimer_v3_pred_0",
        "model_4_multimer_v3_pred_0",
        "model_1_multimer_v3_pred_0"
    ]
}