{
    "features": 167.29164695739746,
    "process_features_model_1_multimer_v3_pred_0": 2.5272369384765625e-05,
    "predict_and_compile_model_1_multimer_v3_pred_0": 804.7542841434479,
    "relax_model_1_multimer_v3_pred_0": 350.32669949531555,
    "process_features_model_2_multimer_v3_pred_0": 7.62939453125e-06,
    "predict_and_compile_model_2_multimer_v3_pred_0": 508.61399602890015,
    "relax_model_2_multimer_v3_pred_0": 463.30507493019104,
    "process_features_model_3_multimer_v3_pred_0": 9.059906005859375e-06,
    "predict_and_compile_model_3_multimer_v3_pred_0": 526.2518045902252,
    "relax_model_3_multimer_v3_pred_0": 244.97369050979614,
    "process_features_model_4_multimer_v3_pred_0": 7.3909759521484375e-06,
    "predict_and_compile_model_4_multimer_v3_pred_0": 513.2950713634491,
    "relax_model_4_multimer_v3_pred_0": 301.73008823394775,
    "process_features_model_5_multimer_v3_pred_0": 5.7220458984375e-06,
    "predict_and_compile_model_5_multimer_v3_pred_0": 448.7844581604004,
    "relax_model_5_multimer_v3_pred_0": 299.4800372123718
}