{
    "iptm+ptm": {
        "model_1_multimer_v3_pred_0": 0.8394498296038475,
        "model_2_multimer_v3_pred_0": 0.8350811092158619,
        "model_3_multimer_v3_pred_0": 0.8539748359884902,
        "model_4_multimer_v3_pred_0": 0.8211111448337025,
        "model_5_multimer_v3_pred_0": 0.8472917676438912
    },
    "order": [
        "model_3_multimer_v3_pred_0",
        "model_5_multimer_v3_pred_0",
        "model_1_multimer_v3_pred_0",
        "model_2_multimer_v3_pred_0",
        "model_4_multimer_v3_pred_0"
    ]
}