{
    "features": 171.43981409072876,
    "process_features_model_1_multimer_v3_pred_0": 2.5272369384765625e-05,
    "predict_and_compile_model_1_multimer_v3_pred_0": 1792.4713208675385,
    "relax_model_1_multimer_v3_pred_0": 766.6915309429169,
    "process_features_model_2_multimer_v3_pred_0": 7.152557373046875e-06,
    "predict_and_compile_model_2_multimer_v3_pred_0": 695.3003137111664,
    "relax_model_2_multimer_v3_pred_0": 388.4935562610626,
    "process_features_model_3_multimer_v3_pred_0": 5.0067901611328125e-06,
    "predict_and_compile_model_3_multimer_v3_pred_0": 1151.8991248607635,
    "relax_model_3_multimer_v3_pred_0": 925.4424619674683,
    "process_features_model_4_multimer_v3_pred_0": 5.245208740234375e-06,
    "predict_and_compile_model_4_multimer_v3_pred_0": 1744.7059752941132,
    "relax_model_4_multimer_v3_pred_0": 1121.1030769348145,
    "process_features_model_5_multimer_v3_pred_0": 5.245208740234375e-06,
    "predict_and_compile_model_5_multimer_v3_pred_0": 968.2694919109344,
    "relax_model_5_multimer_v3_pred_0": 305.05563521385193
}