{
    "iptm+ptm": {
        "model_1_multimer_v3_pred_0": 0.6313291084335007,
        "model_2_multimer_v3_pred_0": 0.6375182826320347,
        "model_3_multimer_v3_pred_0": 0.6408139742669129,
        "model_4_multimer_v3_pred_0": 0.6266621816220548,
        "model_5_multimer_v3_pred_0": 0.6239504709091573
    },
    "order": [
        "model_3_multimer_v3_pred_0",
        "model_2_multimer_v3_pred_0",
        "model_1_multimer_v3_pred_0",
        "model_4_multimer_v3_pred_0",
        "model_5_multimer_v3_pred_0"
    ]
}