{
    "features": 246.647381067276,
    "process_features_model_1_multimer_v3_pred_0": 2.5272369384765625e-05,
    "predict_and_compile_model_1_multimer_v3_pred_0": 1154.846215724945,
    "relax_model_1_multimer_v3_pred_0": 255.96814823150635,
    "process_features_model_2_multimer_v3_pred_0": 5.7220458984375e-06,
    "predict_and_compile_model_2_multimer_v3_pred_0": 1079.70228266716,
    "relax_model_2_multimer_v3_pred_0": 788.059577703476,
    "process_features_model_3_multimer_v3_pred_0": 9.298324584960938e-06,
    "predict_and_compile_model_3_multimer_v3_pred_0": 793.7619948387146,
    "relax_model_3_multimer_v3_pred_0": 1004.4528212547302,
    "process_features_model_4_multimer_v3_pred_0": 5.4836273193359375e-06,
    "predict_and_compile_model_4_multimer_v3_pred_0": 594.5708200931549,
    "relax_model_4_multimer_v3_pred_0": 833.908456325531,
    "process_features_model_5_multimer_v3_pred_0": 4.5299530029296875e-06,
    "predict_and_compile_model_5_multimer_v3_pred_0": 1623.013973236084,
    "relax_model_5_multimer_v3_pred_0": 752.5039012432098
}