{
    "iptm+ptm": {
        "model_1_multimer_v3_pred_0": 0.8630836181357032,
        "model_2_multimer_v3_pred_0": 0.8641056616279783,
        "model_3_multimer_v3_pred_0": 0.8657587628696171,
        "model_4_multimer_v3_pred_0": 0.8710619060730065,
        "model_5_multimer_v3_pred_0": 0.861935026649479
    },
    "order": [
        "model_4_multimer_v3_pred_0",
        "model_3_multimer_v3_pred_0",
        "model_2_multimer_v3_pred_0",
        "model_1_multimer_v3_pred_0",
        "model_5_multimer_v3_pred_0"
    ]
}