{
    "features": 243.34327960014343,
    "process_features_model_1_multimer_v3_pred_0": 1.0251998901367188e-05,
    "predict_and_compile_model_1_multimer_v3_pred_0": 421.0533583164215,
    "relax_model_1_multimer_v3_pred_0": 277.36072540283203,
    "process_features_model_2_multimer_v3_pred_0": 6.4373016357421875e-06,
    "predict_and_compile_model_2_multimer_v3_pred_0": 445.8176510334015,
    "relax_model_2_multimer_v3_pred_0": 341.866117477417,
    "process_features_model_3_multimer_v3_pred_0": 7.152557373046875e-06,
    "predict_and_compile_model_3_multimer_v3_pred_0": 566.4021236896515,
    "relax_model_3_multimer_v3_pred_0": 335.11916422843933,
    "process_features_model_4_multimer_v3_pred_0": 6.198883056640625e-06,
    "predict_and_compile_model_4_multimer_v3_pred_0": 489.0038182735443,
    "relax_model_4_multimer_v3_pred_0": 374.51975750923157,
    "process_features_model_5_multimer_v3_pred_0": 6.67572021484375e-06,
    "predict_and_compile_model_5_multimer_v3_pred_0": 618.5216979980469,
    "relax_model_5_multimer_v3_pred_0": 419.79423666000366
}