{
    "iptm+ptm": {
        "model_1_multimer_v3_pred_0": 0.694533118934122,
        "model_2_multimer_v3_pred_0": 0.6825909339327729,
        "model_3_multimer_v3_pred_0": 0.6688713936317716,
        "model_4_multimer_v3_pred_0": 0.651985798593176,
        "model_5_multimer_v3_pred_0": 0.6855835213426502
    },
    "order": [
        "model_1_multimer_v3_pred_0",
        "model_5_multimer_v3_pred_0",
        "model_2_multimer_v3_pred_0",
        "model_3_multimer_v3_pred_0",
        "model_4_multimer_v3_pred_0"
    ]
}