{
    "features": 254.7847261428833,
    "process_features_model_1_multimer_v3_pred_0": 1.0013580322265625e-05,
    "predict_and_compile_model_1_multimer_v3_pred_0": 1580.740613937378,
    "relax_model_1_multimer_v3_pred_0": 232.50110626220703,
    "process_features_model_2_multimer_v3_pred_0": 9.298324584960938e-06,
    "predict_and_compile_model_2_multimer_v3_pred_0": 1586.9906921386719,
    "relax_model_2_multimer_v3_pred_0": 853.8144564628601,
    "process_features_model_3_multimer_v3_pred_0": 6.198883056640625e-06,
    "predict_and_compile_model_3_multimer_v3_pred_0": 1156.8951616287231,
    "relax_model_3_multimer_v3_pred_0": 915.9801342487335,
    "process_features_model_4_multimer_v3_pred_0": 6.198883056640625e-06,
    "predict_and_compile_model_4_multimer_v3_pred_0": 1576.911946773529,
    "relax_model_4_multimer_v3_pred_0": 641.427928686142,
    "process_features_model_5_multimer_v3_pred_0": 2.8133392333984375e-05,
    "predict_and_compile_model_5_multimer_v3_pred_0": 1583.658928155899,
    "relax_model_5_multimer_v3_pred_0": 489.31142568588257
}