{
    "iptm+ptm": {
        "model_1_multimer_v3_pred_0": 0.8182230045778691,
        "model_2_multimer_v3_pred_0": 0.8435268020813732,
        "model_3_multimer_v3_pred_0": 0.860830158564336,
        "model_4_multimer_v3_pred_0": 0.8092510521792463,
        "model_5_multimer_v3_pred_0": 0.8571919327595815
    },
    "order": [
        "model_3_multimer_v3_pred_0",
        "model_5_multimer_v3_pred_0",
        "model_2_multimer_v3_pred_0",
        "model_1_multimer_v3_pred_0",
        "model_4_multimer_v3_pred_0"
    ]
}