{
    "features": 170.3012158870697,
    "process_features_model_1_multimer_v3_pred_0": 1.0728836059570312e-05,
    "predict_and_compile_model_1_multimer_v3_pred_0": 708.1229283809662,
    "relax_model_1_multimer_v3_pred_0": 344.12928652763367,
    "process_features_model_2_multimer_v3_pred_0": 8.58306884765625e-06,
    "predict_and_compile_model_2_multimer_v3_pred_0": 579.6559638977051,
    "relax_model_2_multimer_v3_pred_0": 258.5285975933075,
    "process_features_model_3_multimer_v3_pred_0": 2.0265579223632812e-05,
    "predict_and_compile_model_3_multimer_v3_pred_0": 692.9248170852661,
    "relax_model_3_multimer_v3_pred_0": 241.314110994339,
    "process_features_model_4_multimer_v3_pred_0": 5.0067901611328125e-06,
    "predict_and_compile_model_4_multimer_v3_pred_0": 517.4738337993622,
    "relax_model_4_multimer_v3_pred_0": 349.29823088645935,
    "process_features_model_5_multimer_v3_pred_0": 5.7220458984375e-06,
    "predict_and_compile_model_5_multimer_v3_pred_0": 1043.2019445896149,
    "relax_model_5_multimer_v3_pred_0": 198.82412767410278
}