{
    "iptm+ptm": {
        "model_1_multimer_v3_pred_0": 0.7919030329881769,
        "model_2_multimer_v3_pred_0": 0.7233864154902729,
        "model_3_multimer_v3_pred_0": 0.7694272242247271,
        "model_4_multimer_v3_pred_0": 0.7458734237668313,
        "model_5_multimer_v3_pred_0": 0.7733489740726133
    },
    "order": [
        "model_1_multimer_v3_pred_0",
        "model_5_multimer_v3_pred_0",
        "model_3_multimer_v3_pred_0",
        "model_4_multimer_v3_pred_0",
        "model_2_multimer_v3_pred_0"
    ]
}