{
    "features": 181.2098786830902,
    "process_features_model_1_multimer_v3_pred_0": 3.123283386230469e-05,
    "predict_and_compile_model_1_multimer_v3_pred_0": 1399.9974524974823,
    "relax_model_1_multimer_v3_pred_0": 145.62976098060608,
    "process_features_model_2_multimer_v3_pred_0": 2.47955322265625e-05,
    "predict_and_compile_model_2_multimer_v3_pred_0": 748.6226987838745,
    "relax_model_2_multimer_v3_pred_0": 383.13313841819763,
    "process_features_model_3_multimer_v3_pred_0": 1.33514404296875e-05,
    "predict_and_compile_model_3_multimer_v3_pred_0": 740.2109179496765,
    "relax_model_3_multimer_v3_pred_0": 257.60099601745605,
    "process_features_model_4_multimer_v3_pred_0": 1.0013580322265625e-05,
    "predict_and_compile_model_4_multimer_v3_pred_0": 555.6031575202942,
    "relax_model_4_multimer_v3_pred_0": 236.64362955093384,
    "process_features_model_5_multimer_v3_pred_0": 7.3909759521484375e-06,
    "predict_and_compile_model_5_multimer_v3_pred_0": 1260.5536541938782,
    "relax_model_5_multimer_v3_pred_0": 214.304931640625
}