{
    "iptm+ptm": {
        "model_1_multimer_v3_pred_0": 0.8424080690614019,
        "model_2_multimer_v3_pred_0": 0.8533335327433019,
        "model_3_multimer_v3_pred_0": 0.8441234406398073,
        "model_4_multimer_v3_pred_0": 0.8276398302939485,
        "model_5_multimer_v3_pred_0": 0.8448434996283947
    },
    "order": [
        "model_2_multimer_v3_pred_0",
        "model_5_multimer_v3_pred_0",
        "model_3_multimer_v3_pred_0",
        "model_1_multimer_v3_pred_0",
        "model_4_multimer_v3_pred_0"
    ]
}