{
    "features": 267.06409883499146,
    "process_features_model_1_multimer_v3_pred_0": 1.2159347534179688e-05,
    "predict_and_compile_model_1_multimer_v3_pred_0": 1494.5151274204254,
    "relax_model_1_multimer_v3_pred_0": 958.6917583942413,
    "process_features_model_2_multimer_v3_pred_0": 2.002716064453125e-05,
    "predict_and_compile_model_2_multimer_v3_pred_0": 862.3015220165253,
    "relax_model_2_multimer_v3_pred_0": 763.1261096000671,
    "process_features_model_3_multimer_v3_pred_0": 9.775161743164062e-06,
    "predict_and_compile_model_3_multimer_v3_pred_0": 725.8356568813324,
    "relax_model_3_multimer_v3_pred_0": 1060.2813189029694,
    "process_features_model_4_multimer_v3_pred_0": 2.0265579223632812e-05,
    "predict_and_compile_model_4_multimer_v3_pred_0": 1493.9213237762451,
    "relax_model_4_multimer_v3_pred_0": 756.9468410015106,
    "process_features_model_5_multimer_v3_pred_0": 9.5367431640625e-06,
    "predict_and_compile_model_5_multimer_v3_pred_0": 1495.1810989379883,
    "relax_model_5_multimer_v3_pred_0": 733.5919101238251
}