{
    "iptm+ptm": {
        "model_1_multimer_v3_pred_0": 0.29291391737749295,
        "model_2_multimer_v3_pred_0": 0.3024293817317474,
        "model_3_multimer_v3_pred_0": 0.3262474101137365,
        "model_4_multimer_v3_pred_0": 0.3110416252858729,
        "model_5_multimer_v3_pred_0": 0.3217188687214456
    },
    "order": [
        "model_3_multimer_v3_pred_0",
        "model_5_multimer_v3_pred_0",
        "model_4_multimer_v3_pred_0",
        "model_2_multimer_v3_pred_0",
        "model_1_multimer_v3_pred_0"
    ]
}