{
    "features": 97.34903240203857,
    "process_features_model_1_multimer_v3_pred_0": 1.049041748046875e-05,
    "predict_and_compile_model_1_multimer_v3_pred_0": 278.6760709285736,
    "relax_model_1_multimer_v3_pred_0": 1089.476904630661,
    "process_features_model_2_multimer_v3_pred_0": 4.5299530029296875e-06,
    "predict_and_compile_model_2_multimer_v3_pred_0": 277.26833033561707,
    "relax_model_2_multimer_v3_pred_0": 1500.8773381710052,
    "process_features_model_3_multimer_v3_pred_0": 3.0994415283203125e-06,
    "predict_and_compile_model_3_multimer_v3_pred_0": 270.0913119316101,
    "relax_model_3_multimer_v3_pred_0": 1156.9471423625946,
    "process_features_model_4_multimer_v3_pred_0": 4.0531158447265625e-06,
    "predict_and_compile_model_4_multimer_v3_pred_0": 269.04249358177185,
    "relax_model_4_multimer_v3_pred_0": 750.877762556076,
    "process_features_model_5_multimer_v3_pred_0": 3.5762786865234375e-06,
    "predict_and_compile_model_5_multimer_v3_pred_0": 259.75801730155945,
    "relax_model_5_multimer_v3_pred_0": 981.9702754020691
}