{
    "iptm+ptm": {
        "model_1_multimer_v3_pred_0": 0.6369440256615794,
        "model_2_multimer_v3_pred_0": 0.6217098222999569,
        "model_3_multimer_v3_pred_0": 0.6425966184011744,
        "model_4_multimer_v3_pred_0": 0.6185888119308934,
        "model_5_multimer_v3_pred_0": 0.6419211744928801
    },
    "order": [
        "model_3_multimer_v3_pred_0",
        "model_5_multimer_v3_pred_0",
        "model_1_multimer_v3_pred_0",
        "model_2_multimer_v3_pred_0",
        "model_4_multimer_v3_pred_0"
    ]
}