{
    "features": 168.5473918914795,
    "process_features_model_1_multimer_v3_pred_0": 1.8835067749023438e-05,
    "predict_and_compile_model_1_multimer_v3_pred_0": 587.2881259918213,
    "relax_model_1_multimer_v3_pred_0": 345.5638163089752,
    "process_features_model_2_multimer_v3_pred_0": 1.9788742065429688e-05,
    "predict_and_compile_model_2_multimer_v3_pred_0": 513.669980764389,
    "relax_model_2_multimer_v3_pred_0": 647.8891222476959,
    "process_features_model_3_multimer_v3_pred_0": 2.574920654296875e-05,
    "predict_and_compile_model_3_multimer_v3_pred_0": 570.705840587616,
    "relax_model_3_multimer_v3_pred_0": 1314.1165120601654,
    "process_features_model_4_multimer_v3_pred_0": 5.9604644775390625e-06,
    "predict_and_compile_model_4_multimer_v3_pred_0": 757.7353439331055,
    "relax_model_4_multimer_v3_pred_0": 1138.710970878601,
    "process_features_model_5_multimer_v3_pred_0": 5.4836273193359375e-06,
    "predict_and_compile_model_5_multimer_v3_pred_0": 478.9543194770813,
    "relax_model_5_multimer_v3_pred_0": 1176.0090599060059
}