{
    "iptm+ptm": {
        "model_1_multimer_v3_pred_0": 0.24347172815951024,
        "model_2_multimer_v3_pred_0": 0.2717005656283503,
        "model_3_multimer_v3_pred_0": 0.24698100688898225,
        "model_4_multimer_v3_pred_0": 0.25344916376142695,
        "model_5_multimer_v3_pred_0": 0.26783813299141457
    },
    "order": [
        "model_2_multimer_v3_pred_0",
        "model_5_multimer_v3_pred_0",
        "model_4_multimer_v3_pred_0",
        "model_3_multimer_v3_pred_0",
        "model_1_multimer_v3_pred_0"
    ]
}