{
    "features": 254.3939118385315,
    "process_features_model_1_multimer_v3_pred_0": 3.3855438232421875e-05,
    "predict_and_compile_model_1_multimer_v3_pred_0": 1933.29026055336,
    "relax_model_1_multimer_v3_pred_0": 1044.3678014278412,
    "process_features_model_2_multimer_v3_pred_0": 6.198883056640625e-06,
    "predict_and_compile_model_2_multimer_v3_pred_0": 1935.2800612449646,
    "relax_model_2_multimer_v3_pred_0": 2129.377559900284,
    "process_features_model_3_multimer_v3_pred_0": 5.4836273193359375e-06,
    "predict_and_compile_model_3_multimer_v3_pred_0": 1913.137348651886,
    "relax_model_3_multimer_v3_pred_0": 1247.6762294769287,
    "process_features_model_4_multimer_v3_pred_0": 5.0067901611328125e-06,
    "predict_and_compile_model_4_multimer_v3_pred_0": 1860.9698898792267,
    "relax_model_4_multimer_v3_pred_0": 950.317636013031,
    "process_features_model_5_multimer_v3_pred_0": 8.106231689453125e-06,
    "predict_and_compile_model_5_multimer_v3_pred_0": 1864.7770116329193,
    "relax_model_5_multimer_v3_pred_0": 1267.4223990440369
}