{
    "iptm+ptm": {
        "model_1_multimer_v3_pred_0": 0.7428187326526812,
        "model_2_multimer_v3_pred_0": 0.7268830210450907,
        "model_3_multimer_v3_pred_0": 0.8067938270911442,
        "model_4_multimer_v3_pred_0": 0.7794691916542302,
        "model_5_multimer_v3_pred_0": 0.7797099046076191
    },
    "order": [
        "model_3_multimer_v3_pred_0",
        "model_5_multimer_v3_pred_0",
        "model_4_multimer_v3_pred_0",
        "model_1_multimer_v3_pred_0",
        "model_2_multimer_v3_pred_0"
    ]
}