{
    "features": 163.79239463806152,
    "process_features_model_1_multimer_v3_pred_0": 1.1205673217773438e-05,
    "predict_and_compile_model_1_multimer_v3_pred_0": 418.5962119102478,
    "relax_model_1_multimer_v3_pred_0": 360.60390996932983,
    "process_features_model_2_multimer_v3_pred_0": 3.218650817871094e-05,
    "predict_and_compile_model_2_multimer_v3_pred_0": 608.617124080658,
    "relax_model_2_multimer_v3_pred_0": 336.824946641922,
    "process_features_model_3_multimer_v3_pred_0": 1.7881393432617188e-05,
    "predict_and_compile_model_3_multimer_v3_pred_0": 488.0742268562317,
    "relax_model_3_multimer_v3_pred_0": 330.13854789733887,
    "process_features_model_4_multimer_v3_pred_0": 7.62939453125e-06,
    "predict_and_compile_model_4_multimer_v3_pred_0": 541.044358253479,
    "relax_model_4_multimer_v3_pred_0": 280.6838147640228,
    "process_features_model_5_multimer_v3_pred_0": 9.059906005859375e-06,
    "predict_and_compile_model_5_multimer_v3_pred_0": 531.1474952697754,
    "relax_model_5_multimer_v3_pred_0": 271.9991104602814
}