{
    "iptm+ptm": {
        "model_1_multimer_v3_pred_0": 0.7086458649798315,
        "model_2_multimer_v3_pred_0": 0.6434080880681965,
        "model_3_multimer_v3_pred_0": 0.7027443240769597,
        "model_4_multimer_v3_pred_0": 0.6379497445169074,
        "model_5_multimer_v3_pred_0": 0.662350455365407
    },
    "order": [
        "model_1_multimer_v3_pred_0",
        "model_3_multimer_v3_pred_0",
        "model_5_multimer_v3_pred_0",
        "model_2_multimer_v3_pred_0",
        "model_4_multimer_v3_pred_0"
    ]
}