{
    "features": 181.98469829559326,
    "process_features_model_1_multimer_v3_pred_0": 9.5367431640625e-06,
    "predict_and_compile_model_1_multimer_v3_pred_0": 632.9667618274689,
    "relax_model_1_multimer_v3_pred_0": 327.4453740119934,
    "process_features_model_2_multimer_v3_pred_0": 6.198883056640625e-06,
    "predict_and_compile_model_2_multimer_v3_pred_0": 831.5241973400116,
    "relax_model_2_multimer_v3_pred_0": 229.2707552909851,
    "process_features_model_3_multimer_v3_pred_0": 7.152557373046875e-06,
    "predict_and_compile_model_3_multimer_v3_pred_0": 575.2030308246613,
    "relax_model_3_multimer_v3_pred_0": 325.87188506126404,
    "process_features_model_4_multimer_v3_pred_0": 7.62939453125e-06,
    "predict_and_compile_model_4_multimer_v3_pred_0": 703.3766252994537,
    "relax_model_4_multimer_v3_pred_0": 433.9488775730133,
    "process_features_model_5_multimer_v3_pred_0": 7.152557373046875e-06,
    "predict_and_compile_model_5_multimer_v3_pred_0": 1544.3633105754852,
    "relax_model_5_multimer_v3_pred_0": 397.5054361820221
}