{
    "iptm+ptm": {
        "model_1_multimer_v3_pred_0": 0.7576406471050817,
        "model_2_multimer_v3_pred_0": 0.6400071299096379,
        "model_3_multimer_v3_pred_0": 0.6013228107943217,
        "model_4_multimer_v3_pred_0": 0.6785234160897609,
        "model_5_multimer_v3_pred_0": 0.6488750616003864
    },
    "order": [
        "model_1_multimer_v3_pred_0",
        "model_4_multimer_v3_pred_0",
        "model_5_multimer_v3_pred_0",
        "model_2_multimer_v3_pred_0",
        "model_3_multimer_v3_pred_0"
    ]
}