{
    "features": 84.01961016654968,
    "process_features_model_1_multimer_v3_pred_0": 2.4080276489257812e-05,
    "predict_and_compile_model_1_multimer_v3_pred_0": 384.3333468437195,
    "relax_model_1_multimer_v3_pred_0": 171.28093814849854,
    "process_features_model_2_multimer_v3_pred_0": 5.245208740234375e-06,
    "predict_and_compile_model_2_multimer_v3_pred_0": 429.72296047210693,
    "relax_model_2_multimer_v3_pred_0": 132.75419664382935,
    "process_features_model_3_multimer_v3_pred_0": 5.4836273193359375e-06,
    "predict_and_compile_model_3_multimer_v3_pred_0": 326.8437166213989,
    "relax_model_3_multimer_v3_pred_0": 301.97739934921265,
    "process_features_model_4_multimer_v3_pred_0": 6.9141387939453125e-06,
    "predict_and_compile_model_4_multimer_v3_pred_0": 343.17493867874146,
    "relax_model_4_multimer_v3_pred_0": 112.68830418586731,
    "process_features_model_5_multimer_v3_pred_0": 2.288818359375e-05,
    "predict_and_compile_model_5_multimer_v3_pred_0": 383.2346456050873,
    "relax_model_5_multimer_v3_pred_0": 152.75227236747742
}