{
    "iptm+ptm": {
        "model_1_multimer_v3_pred_0": 0.6300879388470931,
        "model_2_multimer_v3_pred_0": 0.8649757990316416,
        "model_3_multimer_v3_pred_0": 0.8727074458744453,
        "model_4_multimer_v3_pred_0": 0.8502488064392014,
        "model_5_multimer_v3_pred_0": 0.5945619052372955
    },
    "order": [
        "model_3_multimer_v3_pred_0",
        "model_2_multimer_v3_pred_0",
        "model_4_multimer_v3_pred_0",
        "model_1_multimer_v3_pred_0",
        "model_5_multimer_v3_pred_0"
    ]
}