{
    "features": 175.10025572776794,
    "process_features_model_1_multimer_v3_pred_0": 1.9073486328125e-05,
    "predict_and_compile_model_1_multimer_v3_pred_0": 383.8196294307709,
    "relax_model_1_multimer_v3_pred_0": 185.2217104434967,
    "process_features_model_2_multimer_v3_pred_0": 8.821487426757812e-06,
    "predict_and_compile_model_2_multimer_v3_pred_0": 402.0898051261902,
    "relax_model_2_multimer_v3_pred_0": 245.37899708747864,
    "process_features_model_3_multimer_v3_pred_0": 6.67572021484375e-06,
    "predict_and_compile_model_3_multimer_v3_pred_0": 353.06316614151,
    "relax_model_3_multimer_v3_pred_0": 184.25372290611267,
    "process_features_model_4_multimer_v3_pred_0": 6.67572021484375e-06,
    "predict_and_compile_model_4_multimer_v3_pred_0": 351.30389952659607,
    "relax_model_4_multimer_v3_pred_0": 197.86371755599976,
    "process_features_model_5_multimer_v3_pred_0": 5.0067901611328125e-06,
    "predict_and_compile_model_5_multimer_v3_pred_0": 332.6781413555145,
    "relax_model_5_multimer_v3_pred_0": 539.2732017040253
}