{
    "iptm+ptm": {
        "model_1_multimer_v3_pred_0": 0.6205999533057401,
        "model_2_multimer_v3_pred_0": 0.6442694940238846,
        "model_3_multimer_v3_pred_0": 0.6465293144669838,
        "model_4_multimer_v3_pred_0": 0.6223346903758374,
        "model_5_multimer_v3_pred_0": 0.641256140952623
    },
    "order": [
        "model_3_multimer_v3_pred_0",
        "model_2_multimer_v3_pred_0",
        "model_5_multimer_v3_pred_0",
        "model_4_multimer_v3_pred_0",
        "model_1_multimer_v3_pred_0"
    ]
}