{
    "features": 1516.7178778648376,
    "process_features_model_1_multimer_v3_pred_0": 2.9325485229492188e-05,
    "predict_and_compile_model_1_multimer_v3_pred_0": 1660.8780663013458,
    "relax_model_1_multimer_v3_pred_0": 203.64066648483276,
    "process_features_model_2_multimer_v3_pred_0": 2.8371810913085938e-05,
    "predict_and_compile_model_2_multimer_v3_pred_0": 846.6672031879425,
    "relax_model_2_multimer_v3_pred_0": 880.0231981277466,
    "process_features_model_3_multimer_v3_pred_0": 7.009506225585938e-05,
    "predict_and_compile_model_3_multimer_v3_pred_0": 673.2872922420502,
    "relax_model_3_multimer_v3_pred_0": 727.5091137886047,
    "process_features_model_4_multimer_v3_pred_0": 4.57763671875e-05,
    "predict_and_compile_model_4_multimer_v3_pred_0": 943.4453036785126,
    "relax_model_4_multimer_v3_pred_0": 469.10195112228394,
    "process_features_model_5_multimer_v3_pred_0": 2.9325485229492188e-05,
    "predict_and_compile_model_5_multimer_v3_pred_0": 1144.217869758606,
    "relax_model_5_multimer_v3_pred_0": 207.12093210220337
}