{
    "iptm+ptm": {
        "model_1_multimer_v3_pred_0": 0.524028198637436,
        "model_2_multimer_v3_pred_0": 0.6118313736643229,
        "model_3_multimer_v3_pred_0": 0.5618018866213448,
        "model_4_multimer_v3_pred_0": 0.5822295523629315,
        "model_5_multimer_v3_pred_0": 0.6515780781243506
    },
    "order": [
        "model_5_multimer_v3_pred_0",
        "model_2_multimer_v3_pred_0",
        "model_4_multimer_v3_pred_0",
        "model_3_multimer_v3_pred_0",
        "model_1_multimer_v3_pred_0"
    ]
}