{
    "features": 225.7174563407898,
    "process_features_model_1_multimer_v3_pred_0": 2.9325485229492188e-05,
    "predict_and_compile_model_1_multimer_v3_pred_0": 1219.8784556388855,
    "relax_model_1_multimer_v3_pred_0": 684.4493231773376,
    "process_features_model_2_multimer_v3_pred_0": 6.67572021484375e-06,
    "predict_and_compile_model_2_multimer_v3_pred_0": 589.2903528213501,
    "relax_model_2_multimer_v3_pred_0": 485.28388118743896,
    "process_features_model_3_multimer_v3_pred_0": 5.4836273193359375e-06,
    "predict_and_compile_model_3_multimer_v3_pred_0": 1488.564858198166,
    "relax_model_3_multimer_v3_pred_0": 279.6879937648773,
    "process_features_model_4_multimer_v3_pred_0": 5.4836273193359375e-06,
    "predict_and_compile_model_4_multimer_v3_pred_0": 1474.7814314365387,
    "relax_model_4_multimer_v3_pred_0": 211.0750868320465,
    "process_features_model_5_multimer_v3_pred_0": 5.245208740234375e-06,
    "predict_and_compile_model_5_multimer_v3_pred_0": 1451.341786623001,
    "relax_model_5_multimer_v3_pred_0": 483.973256111145
}