{
    "iptm+ptm": {
        "model_1_multimer_v3_pred_0": 0.2628825443720618,
        "model_2_multimer_v3_pred_0": 0.39828770532820484,
        "model_3_multimer_v3_pred_0": 0.3135428547809316,
        "model_4_multimer_v3_pred_0": 0.3717440012412364,
        "model_5_multimer_v3_pred_0": 0.34300108084282266
    },
    "order": [
        "model_2_multimer_v3_pred_0",
        "model_4_multimer_v3_pred_0",
        "model_5_multimer_v3_pred_0",
        "model_3_multimer_v3_pred_0",
        "model_1_multimer_v3_pred_0"
    ]
}