{
    "features": 228.76416063308716,
    "process_features_model_1_multimer_v3_pred_0": 1.049041748046875e-05,
    "predict_and_compile_model_1_multimer_v3_pred_0": 1878.5784447193146,
    "relax_model_1_multimer_v3_pred_0": 810.5650639533997,
    "process_features_model_2_multimer_v3_pred_0": 2.47955322265625e-05,
    "predict_and_compile_model_2_multimer_v3_pred_0": 1210.6107249259949,
    "relax_model_2_multimer_v3_pred_0": 863.8000483512878,
    "process_features_model_3_multimer_v3_pred_0": 5.7220458984375e-06,
    "predict_and_compile_model_3_multimer_v3_pred_0": 1871.680828332901,
    "relax_model_3_multimer_v3_pred_0": 1273.1646709442139,
    "process_features_model_4_multimer_v3_pred_0": 2.2649765014648438e-05,
    "predict_and_compile_model_4_multimer_v3_pred_0": 1818.4681899547577,
    "relax_model_4_multimer_v3_pred_0": 888.409389257431,
    "process_features_model_5_multimer_v3_pred_0": 5.0067901611328125e-06,
    "predict_and_compile_model_5_multimer_v3_pred_0": 1815.8410110473633,
    "relax_model_5_multimer_v3_pred_0": 246.97688388824463
}