{
    "iptm+ptm": {
        "model_1_multimer_v3_pred_0": 0.5629863196136924,
        "model_2_multimer_v3_pred_0": 0.6261011104169791,
        "model_3_multimer_v3_pred_0": 0.6343314665114653,
        "model_4_multimer_v3_pred_0": 0.6079189819377804,
        "model_5_multimer_v3_pred_0": 0.5180791934803535
    },
    "order": [
        "model_3_multimer_v3_pred_0",
        "model_2_multimer_v3_pred_0",
        "model_4_multimer_v3_pred_0",
        "model_1_multimer_v3_pred_0",
        "model_5_multimer_v3_pred_0"
    ]
}