{
    "features": 238.67950963974,
    "process_features_model_1_multimer_v3_pred_0": 3.075599670410156e-05,
    "predict_and_compile_model_1_multimer_v3_pred_0": 1443.2415142059326,
    "relax_model_1_multimer_v3_pred_0": 227.72126388549805,
    "process_features_model_2_multimer_v3_pred_0": 6.4373016357421875e-06,
    "predict_and_compile_model_2_multimer_v3_pred_0": 774.981680393219,
    "relax_model_2_multimer_v3_pred_0": 266.96864008903503,
    "process_features_model_3_multimer_v3_pred_0": 4.5299530029296875e-06,
    "predict_and_compile_model_3_multimer_v3_pred_0": 889.3637728691101,
    "relax_model_3_multimer_v3_pred_0": 557.037228345871,
    "process_features_model_4_multimer_v3_pred_0": 5.0067901611328125e-06,
    "predict_and_compile_model_4_multimer_v3_pred_0": 753.8408005237579,
    "relax_model_4_multimer_v3_pred_0": 417.23348236083984,
    "process_features_model_5_multimer_v3_pred_0": 4.0531158447265625e-06,
    "predict_and_compile_model_5_multimer_v3_pred_0": 1405.0362877845764,
    "relax_model_5_multimer_v3_pred_0": 571.6171700954437
}