{
    "iptm+ptm": {
        "model_1_multimer_v3_pred_0": 0.7594938340784239,
        "model_2_multimer_v3_pred_0": 0.7616813345402038,
        "model_3_multimer_v3_pred_0": 0.7686191305885185,
        "model_4_multimer_v3_pred_0": 0.8084240168432033,
        "model_5_multimer_v3_pred_0": 0.774796499095398
    },
    "order": [
        "model_4_multimer_v3_pred_0",
        "model_5_multimer_v3_pred_0",
        "model_3_multimer_v3_pred_0",
        "model_2_multimer_v3_pred_0",
        "model_1_multimer_v3_pred_0"
    ]
}