{
    "features": 196.3101189136505,
    "process_features_model_1_multimer_v3_pred_0": 2.7418136596679688e-05,
    "predict_and_compile_model_1_multimer_v3_pred_0": 455.29796290397644,
    "relax_model_1_multimer_v3_pred_0": 188.32970809936523,
    "process_features_model_2_multimer_v3_pred_0": 8.58306884765625e-06,
    "predict_and_compile_model_2_multimer_v3_pred_0": 409.0150074958801,
    "relax_model_2_multimer_v3_pred_0": 165.27780294418335,
    "process_features_model_3_multimer_v3_pred_0": 7.653236389160156e-05,
    "predict_and_compile_model_3_multimer_v3_pred_0": 520.3009810447693,
    "relax_model_3_multimer_v3_pred_0": 442.048810005188,
    "process_features_model_4_multimer_v3_pred_0": 3.218650817871094e-05,
    "predict_and_compile_model_4_multimer_v3_pred_0": 621.2237293720245,
    "relax_model_4_multimer_v3_pred_0": 172.06991577148438,
    "process_features_model_5_multimer_v3_pred_0": 6.4373016357421875e-06,
    "predict_and_compile_model_5_multimer_v3_pred_0": 452.9010317325592,
    "relax_model_5_multimer_v3_pred_0": 179.44122099876404
}