{
    "iptm+ptm": {
        "model_1_multimer_v3_pred_0": 0.6654067345194212,
        "model_2_multimer_v3_pred_0": 0.7617832128090407,
        "model_3_multimer_v3_pred_0": 0.7607581858792166,
        "model_4_multimer_v3_pred_0": 0.7739616099553615,
        "model_5_multimer_v3_pred_0": 0.7409129148923874
    },
    "order": [
        "model_4_multimer_v3_pred_0",
        "model_2_multimer_v3_pred_0",
        "model_3_multimer_v3_pred_0",
        "model_5_multimer_v3_pred_0",
        "model_1_multimer_v3_pred_0"
    ]
}