{
    "features": 242.1712954044342,
    "process_features_model_1_multimer_v3_pred_0": 2.3365020751953125e-05,
    "predict_and_compile_model_1_multimer_v3_pred_0": 1978.9092643260956,
    "relax_model_1_multimer_v3_pred_0": 1333.226283788681,
    "process_features_model_2_multimer_v3_pred_0": 8.106231689453125e-06,
    "predict_and_compile_model_2_multimer_v3_pred_0": 1972.886697769165,
    "relax_model_2_multimer_v3_pred_0": 1142.4132840633392,
    "process_features_model_3_multimer_v3_pred_0": 9.059906005859375e-06,
    "predict_and_compile_model_3_multimer_v3_pred_0": 1973.1475789546967,
    "relax_model_3_multimer_v3_pred_0": 834.6342706680298,
    "process_features_model_4_multimer_v3_pred_0": 9.059906005859375e-06,
    "predict_and_compile_model_4_multimer_v3_pred_0": 1944.6250188350677,
    "relax_model_4_multimer_v3_pred_0": 1157.5559363365173,
    "process_features_model_5_multimer_v3_pred_0": 9.5367431640625e-06,
    "predict_and_compile_model_5_multimer_v3_pred_0": 1939.2294750213623,
    "relax_model_5_multimer_v3_pred_0": 385.10768723487854
}