{
    "iptm+ptm": {
        "model_1_multimer_v3_pred_0": 0.7269853639069312,
        "model_2_multimer_v3_pred_0": 0.7259920761384074,
        "model_3_multimer_v3_pred_0": 0.7342872405168033,
        "model_4_multimer_v3_pred_0": 0.7394108372701546,
        "model_5_multimer_v3_pred_0": 0.7194766191785986
    },
    "order": [
        "model_4_multimer_v3_pred_0",
        "model_3_multimer_v3_pred_0",
        "model_1_multimer_v3_pred_0",
        "model_2_multimer_v3_pred_0",
        "model_5_multimer_v3_pred_0"
    ]
}