{
    "features": 181.04644680023193,
    "process_features_model_1_multimer_v3_pred_0": 9.298324584960938e-06,
    "predict_and_compile_model_1_multimer_v3_pred_0": 3282.091881275177,
    "relax_model_1_multimer_v3_pred_0": 2554.1984503269196,
    "process_features_model_2_multimer_v3_pred_0": 1.5735626220703125e-05,
    "predict_and_compile_model_2_multimer_v3_pred_0": 3301.431270122528,
    "relax_model_2_multimer_v3_pred_0": 2779.1731312274933,
    "process_features_model_3_multimer_v3_pred_0": 1.7642974853515625e-05,
    "predict_and_compile_model_3_multimer_v3_pred_0": 3316.8889665603638,
    "relax_model_3_multimer_v3_pred_0": 2087.746187210083,
    "process_features_model_4_multimer_v3_pred_0": 1.8596649169921875e-05,
    "predict_and_compile_model_4_multimer_v3_pred_0": 3195.0698821544647,
    "relax_model_4_multimer_v3_pred_0": 1942.0686559677124,
    "process_features_model_5_multimer_v3_pred_0": 5.9604644775390625e-06,
    "predict_and_compile_model_5_multimer_v3_pred_0": 3188.7906699180603,
    "relax_model_5_multimer_v3_pred_0": 2043.8864750862122
}