{
    "iptm+ptm": {
        "model_1_multimer_v3_pred_0": 0.8327337048171097,
        "model_2_multimer_v3_pred_0": 0.8489885924350767,
        "model_3_multimer_v3_pred_0": 0.845109019103011,
        "model_4_multimer_v3_pred_0": 0.8489687189766484,
        "model_5_multimer_v3_pred_0": 0.8311706636571811
    },
    "order": [
        "model_2_multimer_v3_pred_0",
        "model_4_multimer_v3_pred_0",
        "model_3_multimer_v3_pred_0",
        "model_1_multimer_v3_pred_0",
        "model_5_multimer_v3_pred_0"
    ]
}