{
    "features": 104.00359296798706,
    "process_features_model_1_multimer_v3_pred_0": 1.2159347534179688e-05,
    "predict_and_compile_model_1_multimer_v3_pred_0": 107.21417450904846,
    "relax_model_1_multimer_v3_pred_0": 330.5557165145874,
    "process_features_model_2_multimer_v3_pred_0": 5.4836273193359375e-06,
    "predict_and_compile_model_2_multimer_v3_pred_0": 113.85186290740967,
    "relax_model_2_multimer_v3_pred_0": 340.29246377944946,
    "process_features_model_3_multimer_v3_pred_0": 4.5299530029296875e-06,
    "predict_and_compile_model_3_multimer_v3_pred_0": 114.07559251785278,
    "relax_model_3_multimer_v3_pred_0": 348.5375998020172,
    "process_features_model_4_multimer_v3_pred_0": 6.4373016357421875e-06,
    "predict_and_compile_model_4_multimer_v3_pred_0": 109.63433885574341,
    "relax_model_4_multimer_v3_pred_0": 413.3446931838989,
    "process_features_model_5_multimer_v3_pred_0": 4.0531158447265625e-06,
    "predict_and_compile_model_5_multimer_v3_pred_0": 108.96074318885803,
    "relax_model_5_multimer_v3_pred_0": 316.05034041404724
}