{
    "iptm+ptm": {
        "model_1_multimer_v3_pred_0": 0.6549110266424522,
        "model_2_multimer_v3_pred_0": 0.6446587679778262,
        "model_3_multimer_v3_pred_0": 0.6549511085051515,
        "model_4_multimer_v3_pred_0": 0.6706503141510384,
        "model_5_multimer_v3_pred_0": 0.6625392051887917
    },
    "order": [
        "model_4_multimer_v3_pred_0",
        "model_5_multimer_v3_pred_0",
        "model_3_multimer_v3_pred_0",
        "model_1_multimer_v3_pred_0",
        "model_2_multimer_v3_pred_0"
    ]
}