{
    "features": 585.5843124389648,
    "process_features_model_1_multimer_v3_pred_0": 2.3365020751953125e-05,
    "predict_and_compile_model_1_multimer_v3_pred_0": 7012.726792812347,
    "relax_model_1_multimer_v3_pred_0": 3271.898110628128,
    "process_features_model_2_multimer_v3_pred_0": 5.0067901611328125e-06,
    "predict_and_compile_model_2_multimer_v3_pred_0": 6964.939532995224,
    "relax_model_2_multimer_v3_pred_0": 2672.110592842102,
    "process_features_model_3_multimer_v3_pred_0": 5.4836273193359375e-06,
    "predict_and_compile_model_3_multimer_v3_pred_0": 6990.296699285507,
    "relax_model_3_multimer_v3_pred_0": 4963.200850486755,
    "process_features_model_4_multimer_v3_pred_0": 7.152557373046875e-06,
    "predict_and_compile_model_4_multimer_v3_pred_0": 4916.380218744278,
    "relax_model_4_multimer_v3_pred_0": 2070.693576812744,
    "process_features_model_5_multimer_v3_pred_0": 5.7220458984375e-06,
    "predict_and_compile_model_5_multimer_v3_pred_0": 6818.055701494217,
    "relax_model_5_multimer_v3_pred_0": 1601.5201570987701
}