{
    "iptm+ptm": {
        "model_1_multimer_v3_pred_0": 0.7835947204455059,
        "model_2_multimer_v3_pred_0": 0.7966404279779365,
        "model_3_multimer_v3_pred_0": 0.7922399138858776,
        "model_4_multimer_v3_pred_0": 0.7959328260265309,
        "model_5_multimer_v3_pred_0": 0.7985740299695135
    },
    "order": [
        "model_5_multimer_v3_pred_0",
        "model_2_multimer_v3_pred_0",
        "model_4_multimer_v3_pred_0",
        "model_3_multimer_v3_pred_0",
        "model_1_multimer_v3_pred_0"
    ]
}