{
    "features": 174.77413201332092,
    "process_features_model_1_multimer_v3_pred_0": 1.0728836059570312e-05,
    "predict_and_compile_model_1_multimer_v3_pred_0": 524.3524880409241,
    "relax_model_1_multimer_v3_pred_0": 405.8046967983246,
    "process_features_model_2_multimer_v3_pred_0": 8.344650268554688e-06,
    "predict_and_compile_model_2_multimer_v3_pred_0": 453.38764238357544,
    "relax_model_2_multimer_v3_pred_0": 357.817663192749,
    "process_features_model_3_multimer_v3_pred_0": 4.76837158203125e-06,
    "predict_and_compile_model_3_multimer_v3_pred_0": 590.1552112102509,
    "relax_model_3_multimer_v3_pred_0": 411.8828155994415,
    "process_features_model_4_multimer_v3_pred_0": 5.245208740234375e-06,
    "predict_and_compile_model_4_multimer_v3_pred_0": 438.3493525981903,
    "relax_model_4_multimer_v3_pred_0": 222.9472267627716,
    "process_features_model_5_multimer_v3_pred_0": 5.7220458984375e-06,
    "predict_and_compile_model_5_multimer_v3_pred_0": 578.8617925643921,
    "relax_model_5_multimer_v3_pred_0": 337.6794784069061
}