{
    "iptm+ptm": {
        "model_1_multimer_v3_pred_0": 0.7558418146103967,
        "model_2_multimer_v3_pred_0": 0.7209786470407497,
        "model_3_multimer_v3_pred_0": 0.803421341707116,
        "model_4_multimer_v3_pred_0": 0.7509555216602042,
        "model_5_multimer_v3_pred_0": 0.7249600541399608
    },
    "order": [
        "model_3_multimer_v3_pred_0",
        "model_1_multimer_v3_pred_0",
        "model_4_multimer_v3_pred_0",
        "model_5_multimer_v3_pred_0",
        "model_2_multimer_v3_pred_0"
    ]
}