{
    "features": 194.9889359474182,
    "process_features_model_1_multimer_v3_pred_0": 9.775161743164062e-06,
    "predict_and_compile_model_1_multimer_v3_pred_0": 800.0311818122864,
    "relax_model_1_multimer_v3_pred_0": 167.03573393821716,
    "process_features_model_2_multimer_v3_pred_0": 5.7220458984375e-06,
    "predict_and_compile_model_2_multimer_v3_pred_0": 500.18882298469543,
    "relax_model_2_multimer_v3_pred_0": 277.55500960350037,
    "process_features_model_3_multimer_v3_pred_0": 5.4836273193359375e-06,
    "predict_and_compile_model_3_multimer_v3_pred_0": 1418.0510506629944,
    "relax_model_3_multimer_v3_pred_0": 425.7917766571045,
    "process_features_model_4_multimer_v3_pred_0": 4.5299530029296875e-06,
    "predict_and_compile_model_4_multimer_v3_pred_0": 1200.9208312034607,
    "relax_model_4_multimer_v3_pred_0": 201.96384716033936,
    "process_features_model_5_multimer_v3_pred_0": 5.4836273193359375e-06,
    "predict_and_compile_model_5_multimer_v3_pred_0": 1379.6922879219055,
    "relax_model_5_multimer_v3_pred_0": 310.9902501106262
}