{
    "iptm+ptm": {
        "model_1_multimer_v3_pred_0": 0.8077285615464161,
        "model_2_multimer_v3_pred_0": 0.842353032079825,
        "model_3_multimer_v3_pred_0": 0.8714968590879079,
        "model_4_multimer_v3_pred_0": 0.8585947335388744,
        "model_5_multimer_v3_pred_0": 0.8412018544688821
    },
    "order": [
        "model_3_multimer_v3_pred_0",
        "model_4_multimer_v3_pred_0",
        "model_2_multimer_v3_pred_0",
        "model_5_multimer_v3_pred_0",
        "model_1_multimer_v3_pred_0"
    ]
}