{
    "features": 194.07189178466797,
    "process_features_model_1_multimer_v3_pred_0": 1.2159347534179688e-05,
    "predict_and_compile_model_1_multimer_v3_pred_0": 672.7130610942841,
    "relax_model_1_multimer_v3_pred_0": 161.9119575023651,
    "process_features_model_2_multimer_v3_pred_0": 5.9604644775390625e-06,
    "predict_and_compile_model_2_multimer_v3_pred_0": 409.9825749397278,
    "relax_model_2_multimer_v3_pred_0": 295.43080282211304,
    "process_features_model_3_multimer_v3_pred_0": 5.0067901611328125e-06,
    "predict_and_compile_model_3_multimer_v3_pred_0": 410.069384098053,
    "relax_model_3_multimer_v3_pred_0": 222.27719831466675,
    "process_features_model_4_multimer_v3_pred_0": 5.4836273193359375e-06,
    "predict_and_compile_model_4_multimer_v3_pred_0": 541.4666664600372,
    "relax_model_4_multimer_v3_pred_0": 409.67499470710754,
    "process_features_model_5_multimer_v3_pred_0": 8.821487426757812e-06,
    "predict_and_compile_model_5_multimer_v3_pred_0": 481.10103034973145,
    "relax_model_5_multimer_v3_pred_0": 297.840304851532
}