{
    "iptm+ptm": {
        "model_1_multimer_v3_pred_0": 0.7737641540560869,
        "model_2_multimer_v3_pred_0": 0.7667078554277834,
        "model_3_multimer_v3_pred_0": 0.7552066634874102,
        "model_4_multimer_v3_pred_0": 0.6146680308467178,
        "model_5_multimer_v3_pred_0": 0.7306482969429225
    },
    "order": [
        "model_1_multimer_v3_pred_0",
        "model_2_multimer_v3_pred_0",
        "model_3_multimer_v3_pred_0",
        "model_5_multimer_v3_pred_0",
        "model_4_multimer_v3_pred_0"
    ]
}