{
    "features": 217.2565212249756,
    "process_features_model_1_multimer_v3_pred_0": 1.0728836059570312e-05,
    "predict_and_compile_model_1_multimer_v3_pred_0": 596.742116689682,
    "process_features_model_2_multimer_v3_pred_0": 3.743171691894531e-05,
    "predict_and_compile_model_2_multimer_v3_pred_0": 842.0427386760712,
    "process_features_model_3_multimer_v3_pred_0": 8.106231689453125e-06,
    "predict_and_compile_model_3_multimer_v3_pred_0": 660.5184597969055,
    "process_features_model_4_multimer_v3_pred_0": 1.0728836059570312e-05,
    "predict_and_compile_model_4_multimer_v3_pred_0": 775.503420829773,
    "process_features_model_5_multimer_v3_pred_0": 7.200241088867188e-05,
    "predict_and_compile_model_5_multimer_v3_pred_0": 842.785980463028
}