{
    "iptm+ptm": {
        "model_1_multimer_v3_pred_0": 0.8038273194331615,
        "model_2_multimer_v3_pred_0": 0.8209008183708958,
        "model_3_multimer_v3_pred_0": 0.8483446828911388,
        "model_4_multimer_v3_pred_0": 0.8360450134756056,
        "model_5_multimer_v3_pred_0": 0.8595432343495831
    },
    "order": [
        "model_5_multimer_v3_pred_0",
        "model_3_multimer_v3_pred_0",
        "model_4_multimer_v3_pred_0",
        "model_2_multimer_v3_pred_0",
        "model_1_multimer_v3_pred_0"
    ]
}