{
    "features": 172.52066659927368,
    "process_features_model_1_multimer_v3_pred_0": 1.3113021850585938e-05,
    "predict_and_compile_model_1_multimer_v3_pred_0": 624.502592086792,
    "relax_model_1_multimer_v3_pred_0": 189.64546132087708,
    "process_features_model_2_multimer_v3_pred_0": 5.7220458984375e-06,
    "predict_and_compile_model_2_multimer_v3_pred_0": 419.41149067878723,
    "relax_model_2_multimer_v3_pred_0": 315.4262878894806,
    "process_features_model_3_multimer_v3_pred_0": 6.198883056640625e-06,
    "predict_and_compile_model_3_multimer_v3_pred_0": 347.5364148616791,
    "relax_model_3_multimer_v3_pred_0": 207.57815384864807,
    "process_features_model_4_multimer_v3_pred_0": 6.4373016357421875e-06,
    "predict_and_compile_model_4_multimer_v3_pred_0": 491.61938643455505,
    "relax_model_4_multimer_v3_pred_0": 248.57200264930725,
    "process_features_model_5_multimer_v3_pred_0": 6.9141387939453125e-06,
    "predict_and_compile_model_5_multimer_v3_pred_0": 403.58932542800903,
    "relax_model_5_multimer_v3_pred_0": 406.9726839065552
}