{
    "iptm+ptm": {
        "model_1_multimer_v3_pred_0": 0.475073359540971,
        "model_2_multimer_v3_pred_0": 0.4952470843957012,
        "model_3_multimer_v3_pred_0": 0.5541067841642929,
        "model_4_multimer_v3_pred_0": 0.631318222423348,
        "model_5_multimer_v3_pred_0": 0.5052065136172185
    },
    "order": [
        "model_4_multimer_v3_pred_0",
        "model_3_multimer_v3_pred_0",
        "model_5_multimer_v3_pred_0",
        "model_2_multimer_v3_pred_0",
        "model_1_multimer_v3_pred_0"
    ]
}