{
    "features": 248.37753677368164,
    "process_features_model_1_multimer_v3_pred_0": 1.4066696166992188e-05,
    "predict_and_compile_model_1_multimer_v3_pred_0": 1671.4870312213898,
    "process_features_model_2_multimer_v3_pred_0": 2.9802322387695312e-05,
    "predict_and_compile_model_2_multimer_v3_pred_0": 1673.471438884735,
    "process_features_model_3_multimer_v3_pred_0": 2.8133392333984375e-05,
    "predict_and_compile_model_3_multimer_v3_pred_0": 946.2641401290894,
    "process_features_model_4_multimer_v3_pred_0": 7.605552673339844e-05,
    "predict_and_compile_model_4_multimer_v3_pred_0": 1013.2579259872437,
    "process_features_model_5_multimer_v3_pred_0": 1.4066696166992188e-05,
    "predict_and_compile_model_5_multimer_v3_pred_0": 1646.8760771751404
}