{
    "iptm+ptm": {
        "model_1_multimer_v3_pred_0": 0.6302649208117389,
        "model_2_multimer_v3_pred_0": 0.7271473758577913,
        "model_3_multimer_v3_pred_0": 0.7547509194996593,
        "model_4_multimer_v3_pred_0": 0.7035892709182939,
        "model_5_multimer_v3_pred_0": 0.747273104139484
    },
    "order": [
        "model_3_multimer_v3_pred_0",
        "model_5_multimer_v3_pred_0",
        "model_2_multimer_v3_pred_0",
        "model_4_multimer_v3_pred_0",
        "model_1_multimer_v3_pred_0"
    ]
}