{
    "features": 179.55321669578552,
    "process_features_model_1_multimer_v3_pred_0": 1.049041748046875e-05,
    "predict_and_compile_model_1_multimer_v3_pred_0": 1773.539056301117,
    "relax_model_1_multimer_v3_pred_0": 580.7140164375305,
    "process_features_model_2_multimer_v3_pred_0": 5.9604644775390625e-06,
    "predict_and_compile_model_2_multimer_v3_pred_0": 674.9585702419281,
    "relax_model_2_multimer_v3_pred_0": 362.2791197299957,
    "process_features_model_3_multimer_v3_pred_0": 5.9604644775390625e-06,
    "predict_and_compile_model_3_multimer_v3_pred_0": 775.9997556209564,
    "relax_model_3_multimer_v3_pred_0": 1011.9916656017303,
    "process_features_model_4_multimer_v3_pred_0": 6.198883056640625e-06,
    "predict_and_compile_model_4_multimer_v3_pred_0": 753.5038397312164,
    "relax_model_4_multimer_v3_pred_0": 639.2523627281189,
    "process_features_model_5_multimer_v3_pred_0": 7.152557373046875e-06,
    "predict_and_compile_model_5_multimer_v3_pred_0": 1277.1327075958252,
    "relax_model_5_multimer_v3_pred_0": 484.9713408946991
}