{
    "iptm+ptm": {
        "model_1_multimer_v3_pred_0": 0.7055634921647118,
        "model_2_multimer_v3_pred_0": 0.7244596001509362,
        "model_3_multimer_v3_pred_0": 0.6882040277754066,
        "model_4_multimer_v3_pred_0": 0.6772235999284174,
        "model_5_multimer_v3_pred_0": 0.6870272787245764
    },
    "order": [
        "model_2_multimer_v3_pred_0",
        "model_1_multimer_v3_pred_0",
        "model_3_multimer_v3_pred_0",
        "model_5_multimer_v3_pred_0",
        "model_4_multimer_v3_pred_0"
    ]
}