{
    "features": 193.52605295181274,
    "process_features_model_1_multimer_v3_pred_0": 9.059906005859375e-06,
    "predict_and_compile_model_1_multimer_v3_pred_0": 946.5025825500488,
    "relax_model_1_multimer_v3_pred_0": 747.4194312095642,
    "process_features_model_2_multimer_v3_pred_0": 4.76837158203125e-06,
    "predict_and_compile_model_2_multimer_v3_pred_0": 1275.3344116210938,
    "relax_model_2_multimer_v3_pred_0": 645.5000631809235,
    "process_features_model_3_multimer_v3_pred_0": 5.0067901611328125e-06,
    "predict_and_compile_model_3_multimer_v3_pred_0": 1535.3528320789337,
    "relax_model_3_multimer_v3_pred_0": 734.248229265213,
    "process_features_model_4_multimer_v3_pred_0": 5.4836273193359375e-06,
    "predict_and_compile_model_4_multimer_v3_pred_0": 997.7111134529114,
    "relax_model_4_multimer_v3_pred_0": 308.53514337539673,
    "process_features_model_5_multimer_v3_pred_0": 6.198883056640625e-06,
    "predict_and_compile_model_5_multimer_v3_pred_0": 932.5801439285278,
    "relax_model_5_multimer_v3_pred_0": 297.018593788147
}