{
    "iptm+ptm": {
        "model_1_multimer_v3_pred_0": 0.6355070911996736,
        "model_2_multimer_v3_pred_0": 0.6409446527215978,
        "model_3_multimer_v3_pred_0": 0.6439557348393758,
        "model_4_multimer_v3_pred_0": 0.6459059138152263,
        "model_5_multimer_v3_pred_0": 0.6523656780308722
    },
    "order": [
        "model_5_multimer_v3_pred_0",
        "model_4_multimer_v3_pred_0",
        "model_3_multimer_v3_pred_0",
        "model_2_multimer_v3_pred_0",
        "model_1_multimer_v3_pred_0"
    ]
}