{
    "features": 1299.4234535694122,
    "process_features_model_1_multimer_v3_pred_0": 3.409385681152344e-05,
    "predict_and_compile_model_1_multimer_v3_pred_0": 1664.5997359752655,
    "relax_model_1_multimer_v3_pred_0": 354.4434118270874,
    "process_features_model_2_multimer_v3_pred_0": 1.0013580322265625e-05,
    "predict_and_compile_model_2_multimer_v3_pred_0": 1669.6160576343536,
    "relax_model_2_multimer_v3_pred_0": 759.9064388275146,
    "process_features_model_3_multimer_v3_pred_0": 3.6716461181640625e-05,
    "predict_and_compile_model_3_multimer_v3_pred_0": 1171.057944059372,
    "relax_model_3_multimer_v3_pred_0": 663.7151010036469,
    "process_features_model_4_multimer_v3_pred_0": 2.9802322387695312e-05,
    "predict_and_compile_model_4_multimer_v3_pred_0": 1618.2564713954926,
    "relax_model_4_multimer_v3_pred_0": 505.8589334487915,
    "process_features_model_5_multimer_v3_pred_0": 2.6226043701171875e-05,
    "predict_and_compile_model_5_multimer_v3_pred_0": 840.1159162521362,
    "relax_model_5_multimer_v3_pred_0": 294.1130256652832
}