{
    "iptm+ptm": {
        "model_1_multimer_v3_pred_0": 0.7546214730230408,
        "model_2_multimer_v3_pred_0": 0.7946147641671938,
        "model_3_multimer_v3_pred_0": 0.7820837169465169,
        "model_4_multimer_v3_pred_0": 0.7329323598871373,
        "model_5_multimer_v3_pred_0": 0.8303030551910079
    },
    "order": [
        "model_5_multimer_v3_pred_0",
        "model_2_multimer_v3_pred_0",
        "model_3_multimer_v3_pred_0",
        "model_1_multimer_v3_pred_0",
        "model_4_multimer_v3_pred_0"
    ]
}