{
    "features": 321.9621284008026,
    "process_features_model_1_multimer_v3_pred_0": 1.0251998901367188e-05,
    "predict_and_compile_model_1_multimer_v3_pred_0": 411.0011010169983,
    "relax_model_1_multimer_v3_pred_0": 186.2396981716156,
    "process_features_model_2_multimer_v3_pred_0": 9.775161743164062e-06,
    "predict_and_compile_model_2_multimer_v3_pred_0": 463.68723726272583,
    "relax_model_2_multimer_v3_pred_0": 302.22200298309326,
    "process_features_model_3_multimer_v3_pred_0": 9.465217590332031e-05,
    "predict_and_compile_model_3_multimer_v3_pred_0": 366.55167508125305,
    "relax_model_3_multimer_v3_pred_0": 290.76829719543457,
    "process_features_model_4_multimer_v3_pred_0": 7.009506225585938e-05,
    "predict_and_compile_model_4_multimer_v3_pred_0": 361.50326347351074,
    "relax_model_4_multimer_v3_pred_0": 504.5953278541565,
    "process_features_model_5_multimer_v3_pred_0": 4.9114227294921875e-05,
    "predict_and_compile_model_5_multimer_v3_pred_0": 452.37946033477783,
    "relax_model_5_multimer_v3_pred_0": 198.09441566467285
}