{
    "iptm+ptm": {
        "model_1_multimer_v3_pred_0": 0.5241316992820437,
        "model_2_multimer_v3_pred_0": 0.5204805780364025,
        "model_3_multimer_v3_pred_0": 0.5324002284024583,
        "model_4_multimer_v3_pred_0": 0.5453791106230678,
        "model_5_multimer_v3_pred_0": 0.5772884643707316
    },
    "order": [
        "model_5_multimer_v3_pred_0",
        "model_4_multimer_v3_pred_0",
        "model_3_multimer_v3_pred_0",
        "model_1_multimer_v3_pred_0",
        "model_2_multimer_v3_pred_0"
    ]
}