{
    "features": 212.03175830841064,
    "process_features_model_1_multimer_v3_pred_0": 3.0040740966796875e-05,
    "predict_and_compile_model_1_multimer_v3_pred_0": 1004.4100914001465,
    "relax_model_1_multimer_v3_pred_0": 458.0445203781128,
    "process_features_model_2_multimer_v3_pred_0": 5.245208740234375e-06,
    "predict_and_compile_model_2_multimer_v3_pred_0": 499.4403579235077,
    "relax_model_2_multimer_v3_pred_0": 395.93506383895874,
    "process_features_model_3_multimer_v3_pred_0": 1.811981201171875e-05,
    "predict_and_compile_model_3_multimer_v3_pred_0": 496.89129543304443,
    "relax_model_3_multimer_v3_pred_0": 482.9759681224823,
    "process_features_model_4_multimer_v3_pred_0": 4.76837158203125e-06,
    "predict_and_compile_model_4_multimer_v3_pred_0": 1330.2280592918396,
    "relax_model_4_multimer_v3_pred_0": 703.1244764328003,
    "process_features_model_5_multimer_v3_pred_0": 5.245208740234375e-06,
    "predict_and_compile_model_5_multimer_v3_pred_0": 1334.9049727916718,
    "relax_model_5_multimer_v3_pred_0": 710.0581703186035
}