{
    "iptm+ptm": {
        "model_1_multimer_v3_pred_0": 0.5092150122272348,
        "model_2_multimer_v3_pred_0": 0.5047317158612874,
        "model_3_multimer_v3_pred_0": 0.4778288525581929,
        "model_4_multimer_v3_pred_0": 0.49307768234948923,
        "model_5_multimer_v3_pred_0": 0.4940612886131199
    },
    "order": [
        "model_1_multimer_v3_pred_0",
        "model_2_multimer_v3_pred_0",
        "model_5_multimer_v3_pred_0",
        "model_4_multimer_v3_pred_0",
        "model_3_multimer_v3_pred_0"
    ]
}