{
    "features": 123.63104772567749,
    "process_features_model_1_multimer_v3_pred_0": 1.52587890625e-05,
    "predict_and_compile_model_1_multimer_v3_pred_0": 598.9524555206299,
    "relax_model_1_multimer_v3_pred_0": 225.19300293922424,
    "process_features_model_2_multimer_v3_pred_0": 8.821487426757812e-06,
    "predict_and_compile_model_2_multimer_v3_pred_0": 652.3181884288788,
    "relax_model_2_multimer_v3_pred_0": 221.56926202774048,
    "process_features_model_3_multimer_v3_pred_0": 6.198883056640625e-06,
    "predict_and_compile_model_3_multimer_v3_pred_0": 1343.059523820877,
    "relax_model_3_multimer_v3_pred_0": 472.77007603645325,
    "process_features_model_4_multimer_v3_pred_0": 6.4373016357421875e-06,
    "predict_and_compile_model_4_multimer_v3_pred_0": 1336.807467699051,
    "relax_model_4_multimer_v3_pred_0": 238.8792223930359,
    "process_features_model_5_multimer_v3_pred_0": 5.4836273193359375e-06,
    "predict_and_compile_model_5_multimer_v3_pred_0": 482.93548679351807,
    "relax_model_5_multimer_v3_pred_0": 195.85835313796997
}