{
    "iptm+ptm": {
        "model_1_multimer_v3_pred_0": 0.8663478345491007,
        "model_2_multimer_v3_pred_0": 0.8693863772377484,
        "model_3_multimer_v3_pred_0": 0.867477236120316,
        "model_4_multimer_v3_pred_0": 0.8694238371835001,
        "model_5_multimer_v3_pred_0": 0.8602262847484002
    },
    "order": [
        "model_4_multimer_v3_pred_0",
        "model_2_multimer_v3_pred_0",
        "model_3_multimer_v3_pred_0",
        "model_1_multimer_v3_pred_0",
        "model_5_multimer_v3_pred_0"
    ]
}