{
    "features": 159.10662293434143,
    "process_features_model_1_multimer_v3_pred_0": 1.0728836059570312e-05,
    "predict_and_compile_model_1_multimer_v3_pred_0": 418.39750957489014,
    "relax_model_1_multimer_v3_pred_0": 205.23373198509216,
    "process_features_model_2_multimer_v3_pred_0": 1.33514404296875e-05,
    "predict_and_compile_model_2_multimer_v3_pred_0": 600.056357383728,
    "relax_model_2_multimer_v3_pred_0": 232.94887351989746,
    "process_features_model_3_multimer_v3_pred_0": 9.5367431640625e-06,
    "predict_and_compile_model_3_multimer_v3_pred_0": 544.471179485321,
    "relax_model_3_multimer_v3_pred_0": 227.39830684661865,
    "process_features_model_4_multimer_v3_pred_0": 9.5367431640625e-06,
    "predict_and_compile_model_4_multimer_v3_pred_0": 599.7210433483124,
    "relax_model_4_multimer_v3_pred_0": 341.31822633743286,
    "process_features_model_5_multimer_v3_pred_0": 1.1444091796875e-05,
    "predict_and_compile_model_5_multimer_v3_pred_0": 497.51864886283875,
    "relax_model_5_multimer_v3_pred_0": 409.221702337265
}