{
    "iptm+ptm": {
        "model_1_multimer_v3_pred_0": 0.6933709245345483,
        "model_2_multimer_v3_pred_0": 0.684853108450824,
        "model_3_multimer_v3_pred_0": 0.6513793195362916,
        "model_4_multimer_v3_pred_0": 0.6610687377237473,
        "model_5_multimer_v3_pred_0": 0.6687752948143401
    },
    "order": [
        "model_1_multimer_v3_pred_0",
        "model_2_multimer_v3_pred_0",
        "model_5_multimer_v3_pred_0",
        "model_4_multimer_v3_pred_0",
        "model_3_multimer_v3_pred_0"
    ]
}