{
    "features": 209.55141258239746,
    "process_features_model_1_multimer_v3_pred_0": 9.059906005859375e-06,
    "predict_and_compile_model_1_multimer_v3_pred_0": 1560.3819913864136,
    "relax_model_1_multimer_v3_pred_0": 346.99012780189514,
    "process_features_model_2_multimer_v3_pred_0": 5.7220458984375e-06,
    "predict_and_compile_model_2_multimer_v3_pred_0": 1554.9745879173279,
    "relax_model_2_multimer_v3_pred_0": 862.1706719398499,
    "process_features_model_3_multimer_v3_pred_0": 5.0067901611328125e-06,
    "predict_and_compile_model_3_multimer_v3_pred_0": 1150.2698171138763,
    "relax_model_3_multimer_v3_pred_0": 518.233273267746,
    "process_features_model_4_multimer_v3_pred_0": 5.0067901611328125e-06,
    "predict_and_compile_model_4_multimer_v3_pred_0": 1530.5505142211914,
    "relax_model_4_multimer_v3_pred_0": 211.02045488357544,
    "process_features_model_5_multimer_v3_pred_0": 9.298324584960938e-06,
    "predict_and_compile_model_5_multimer_v3_pred_0": 1536.2271687984467,
    "relax_model_5_multimer_v3_pred_0": 729.5732300281525
}