{
    "iptm+ptm": {
        "model_1_multimer_v3_pred_0": 0.549212004832012,
        "model_2_multimer_v3_pred_0": 0.4633050948813717,
        "model_3_multimer_v3_pred_0": 0.3490986734039632,
        "model_4_multimer_v3_pred_0": 0.46660430792059004,
        "model_5_multimer_v3_pred_0": 0.48452156749839537
    },
    "order": [
        "model_1_multimer_v3_pred_0",
        "model_5_multimer_v3_pred_0",
        "model_4_multimer_v3_pred_0",
        "model_2_multimer_v3_pred_0",
        "model_3_multimer_v3_pred_0"
    ]
}