{
    "features": 75.95790338516235,
    "process_features_model_1_multimer_v3_pred_0": 1.6689300537109375e-05,
    "predict_and_compile_model_1_multimer_v3_pred_0": 118.66591739654541,
    "relax_model_1_multimer_v3_pred_0": 306.9954025745392,
    "process_features_model_2_multimer_v3_pred_0": 5.245208740234375e-06,
    "predict_and_compile_model_2_multimer_v3_pred_0": 101.23953199386597,
    "relax_model_2_multimer_v3_pred_0": 241.58772945404053,
    "process_features_model_3_multimer_v3_pred_0": 6.4373016357421875e-06,
    "predict_and_compile_model_3_multimer_v3_pred_0": 136.2426300048828,
    "relax_model_3_multimer_v3_pred_0": 159.87736535072327,
    "process_features_model_4_multimer_v3_pred_0": 6.198883056640625e-06,
    "predict_and_compile_model_4_multimer_v3_pred_0": 102.66527104377747,
    "relax_model_4_multimer_v3_pred_0": 271.0544397830963,
    "process_features_model_5_multimer_v3_pred_0": 8.106231689453125e-06,
    "predict_and_compile_model_5_multimer_v3_pred_0": 119.81933641433716,
    "relax_model_5_multimer_v3_pred_0": 130.36131358146667
}