{
    "iptm+ptm": {
        "model_1_multimer_v3_pred_0": 0.7097376275965737,
        "model_2_multimer_v3_pred_0": 0.7415162307364931,
        "model_3_multimer_v3_pred_0": 0.7148022870061885,
        "model_4_multimer_v3_pred_0": 0.6948857375827735,
        "model_5_multimer_v3_pred_0": 0.7213066805070477
    },
    "order": [
        "model_2_multimer_v3_pred_0",
        "model_5_multimer_v3_pred_0",
        "model_3_multimer_v3_pred_0",
        "model_1_multimer_v3_pred_0",
        "model_4_multimer_v3_pred_0"
    ]
}