{
    "features": 232.4398992061615,
    "process_features_model_1_multimer_v3_pred_0": 9.298324584960938e-06,
    "predict_and_compile_model_1_multimer_v3_pred_0": 1397.1535243988037,
    "relax_model_1_multimer_v3_pred_0": 218.9741370677948,
    "process_features_model_2_multimer_v3_pred_0": 1.0251998901367188e-05,
    "predict_and_compile_model_2_multimer_v3_pred_0": 559.9388892650604,
    "relax_model_2_multimer_v3_pred_0": 179.74447059631348,
    "process_features_model_3_multimer_v3_pred_0": 9.059906005859375e-06,
    "predict_and_compile_model_3_multimer_v3_pred_0": 573.9974448680878,
    "relax_model_3_multimer_v3_pred_0": 638.3764820098877,
    "process_features_model_4_multimer_v3_pred_0": 9.059906005859375e-06,
    "predict_and_compile_model_4_multimer_v3_pred_0": 1374.6525838375092,
    "relax_model_4_multimer_v3_pred_0": 452.55852460861206,
    "process_features_model_5_multimer_v3_pred_0": 8.58306884765625e-06,
    "predict_and_compile_model_5_multimer_v3_pred_0": 1380.310207605362,
    "relax_model_5_multimer_v3_pred_0": 220.08414888381958
}