{
    "iptm+ptm": {
        "model_1_multimer_v3_pred_0": 0.7441580991653753,
        "model_2_multimer_v3_pred_0": 0.7365930468081618,
        "model_3_multimer_v3_pred_0": 0.747745623816885,
        "model_4_multimer_v3_pred_0": 0.7509576573343517,
        "model_5_multimer_v3_pred_0": 0.7606274152239184
    },
    "order": [
        "model_5_multimer_v3_pred_0",
        "model_4_multimer_v3_pred_0",
        "model_3_multimer_v3_pred_0",
        "model_1_multimer_v3_pred_0",
        "model_2_multimer_v3_pred_0"
    ]
}