{
    "features": 185.53511095046997,
    "process_features_model_1_multimer_v3_pred_0": 1.811981201171875e-05,
    "predict_and_compile_model_1_multimer_v3_pred_0": 533.4530296325684,
    "relax_model_1_multimer_v3_pred_0": 478.9685332775116,
    "process_features_model_2_multimer_v3_pred_0": 2.0742416381835938e-05,
    "predict_and_compile_model_2_multimer_v3_pred_0": 488.06267642974854,
    "relax_model_2_multimer_v3_pred_0": 379.53602385520935,
    "process_features_model_3_multimer_v3_pred_0": 7.152557373046875e-06,
    "predict_and_compile_model_3_multimer_v3_pred_0": 481.20963430404663,
    "relax_model_3_multimer_v3_pred_0": 409.0651521682739,
    "process_features_model_4_multimer_v3_pred_0": 8.821487426757812e-06,
    "predict_and_compile_model_4_multimer_v3_pred_0": 538.1988046169281,
    "relax_model_4_multimer_v3_pred_0": 299.2618169784546,
    "process_features_model_5_multimer_v3_pred_0": 8.106231689453125e-06,
    "predict_and_compile_model_5_multimer_v3_pred_0": 470.3172016143799,
    "relax_model_5_multimer_v3_pred_0": 262.8630917072296
}