{
    "iptm+ptm": {
        "model_1_multimer_v3_pred_0": 0.5635973982612279,
        "model_2_multimer_v3_pred_0": 0.5963512345757155,
        "model_3_multimer_v3_pred_0": 0.6245264409326511,
        "model_4_multimer_v3_pred_0": 0.608926301849669,
        "model_5_multimer_v3_pred_0": 0.5893223598011739
    },
    "order": [
        "model_3_multimer_v3_pred_0",
        "model_4_multimer_v3_pred_0",
        "model_2_multimer_v3_pred_0",
        "model_5_multimer_v3_pred_0",
        "model_1_multimer_v3_pred_0"
    ]
}