{
    "features": 209.7714865207672,
    "process_features_model_1_multimer_v3_pred_0": 6.175041198730469e-05,
    "predict_and_compile_model_1_multimer_v3_pred_0": 673.879380941391,
    "relax_model_1_multimer_v3_pred_0": 515.4130039215088,
    "process_features_model_2_multimer_v3_pred_0": 4.76837158203125e-06,
    "predict_and_compile_model_2_multimer_v3_pred_0": 1281.1616435050964,
    "relax_model_2_multimer_v3_pred_0": 535.8193025588989,
    "process_features_model_3_multimer_v3_pred_0": 5.7220458984375e-06,
    "predict_and_compile_model_3_multimer_v3_pred_0": 428.4389297962189,
    "relax_model_3_multimer_v3_pred_0": 175.26258993148804,
    "process_features_model_4_multimer_v3_pred_0": 9.059906005859375e-06,
    "predict_and_compile_model_4_multimer_v3_pred_0": 615.9950823783875,
    "relax_model_4_multimer_v3_pred_0": 567.6287388801575,
    "process_features_model_5_multimer_v3_pred_0": 5.7220458984375e-06,
    "predict_and_compile_model_5_multimer_v3_pred_0": 506.6322672367096,
    "relax_model_5_multimer_v3_pred_0": 218.66530990600586
}