{
    "iptm+ptm": {
        "model_1_multimer_v3_pred_0": 0.5542406106441631,
        "model_2_multimer_v3_pred_0": 0.5865141417862446,
        "model_3_multimer_v3_pred_0": 0.5762183561886425,
        "model_4_multimer_v3_pred_0": 0.5553449713019825,
        "model_5_multimer_v3_pred_0": 0.6016226194630983
    },
    "order": [
        "model_5_multimer_v3_pred_0",
        "model_2_multimer_v3_pred_0",
        "model_3_multimer_v3_pred_0",
        "model_4_multimer_v3_pred_0",
        "model_1_multimer_v3_pred_0"
    ]
}