{
    "features": 229.89826130867004,
    "process_features_model_1_multimer_v3_pred_0": 2.9802322387695312e-05,
    "predict_and_compile_model_1_multimer_v3_pred_0": 836.7594308853149,
    "relax_model_1_multimer_v3_pred_0": 654.6184456348419,
    "process_features_model_2_multimer_v3_pred_0": 5.4836273193359375e-06,
    "predict_and_compile_model_2_multimer_v3_pred_0": 547.2931053638458,
    "relax_model_2_multimer_v3_pred_0": 209.50509572029114,
    "process_features_model_3_multimer_v3_pred_0": 5.245208740234375e-06,
    "predict_and_compile_model_3_multimer_v3_pred_0": 438.29929780960083,
    "relax_model_3_multimer_v3_pred_0": 368.99130487442017,
    "process_features_model_4_multimer_v3_pred_0": 9.059906005859375e-06,
    "predict_and_compile_model_4_multimer_v3_pred_0": 1353.3695178031921,
    "relax_model_4_multimer_v3_pred_0": 444.7099895477295,
    "process_features_model_5_multimer_v3_pred_0": 7.152557373046875e-06,
    "predict_and_compile_model_5_multimer_v3_pred_0": 1356.064412355423,
    "relax_model_5_multimer_v3_pred_0": 443.88985991477966
}