{
    "iptm+ptm": {
        "model_1_multimer_v3_pred_0": 0.8439263545334321,
        "model_2_multimer_v3_pred_0": 0.8488008332409531,
        "model_3_multimer_v3_pred_0": 0.8309579677416385,
        "model_4_multimer_v3_pred_0": 0.841476519384421,
        "model_5_multimer_v3_pred_0": 0.8409896405766843
    },
    "order": [
        "model_2_multimer_v3_pred_0",
        "model_1_multimer_v3_pred_0",
        "model_4_multimer_v3_pred_0",
        "model_5_multimer_v3_pred_0",
        "model_3_multimer_v3_pred_0"
    ]
}