{
    "features": 215.7408390045166,
    "process_features_model_1_multimer_v3_pred_0": 4.839897155761719e-05,
    "predict_and_compile_model_1_multimer_v3_pred_0": 774.8752913475037,
    "relax_model_1_multimer_v3_pred_0": 302.87960386276245,
    "process_features_model_2_multimer_v3_pred_0": 4.76837158203125e-06,
    "predict_and_compile_model_2_multimer_v3_pred_0": 828.1880004405975,
    "relax_model_2_multimer_v3_pred_0": 628.1501462459564,
    "process_features_model_3_multimer_v3_pred_0": 5.4836273193359375e-06,
    "predict_and_compile_model_3_multimer_v3_pred_0": 646.4761805534363,
    "relax_model_3_multimer_v3_pred_0": 676.5108230113983,
    "process_features_model_4_multimer_v3_pred_0": 5.9604644775390625e-06,
    "predict_and_compile_model_4_multimer_v3_pred_0": 1026.1421992778778,
    "relax_model_4_multimer_v3_pred_0": 217.76580810546875,
    "process_features_model_5_multimer_v3_pred_0": 5.0067901611328125e-06,
    "predict_and_compile_model_5_multimer_v3_pred_0": 1440.982991695404,
    "relax_model_5_multimer_v3_pred_0": 200.31241989135742
}