{
    "iptm+ptm": {
        "model_1_multimer_v3_pred_0": 0.638134778533824,
        "model_2_multimer_v3_pred_0": 0.5992648865123114,
        "model_3_multimer_v3_pred_0": 0.555470529857367,
        "model_4_multimer_v3_pred_0": 0.5585710907531304,
        "model_5_multimer_v3_pred_0": 0.5349389167987195
    },
    "order": [
        "model_1_multimer_v3_pred_0",
        "model_2_multimer_v3_pred_0",
        "model_4_multimer_v3_pred_0",
        "model_3_multimer_v3_pred_0",
        "model_5_multimer_v3_pred_0"
    ]
}