{
    "features": 63.82977247238159,
    "process_features_model_1_multimer_v3_pred_0": 9.5367431640625e-06,
    "predict_and_compile_model_1_multimer_v3_pred_0": 115.14176678657532,
    "relax_model_1_multimer_v3_pred_0": 607.9350075721741,
    "process_features_model_2_multimer_v3_pred_0": 1.5735626220703125e-05,
    "predict_and_compile_model_2_multimer_v3_pred_0": 110.75833559036255,
    "relax_model_2_multimer_v3_pred_0": 267.7608160972595,
    "process_features_model_3_multimer_v3_pred_0": 1.2874603271484375e-05,
    "predict_and_compile_model_3_multimer_v3_pred_0": 115.19302940368652,
    "relax_model_3_multimer_v3_pred_0": 200.91823649406433,
    "process_features_model_4_multimer_v3_pred_0": 1.4066696166992188e-05,
    "predict_and_compile_model_4_multimer_v3_pred_0": 112.28687882423401,
    "relax_model_4_multimer_v3_pred_0": 206.71794247627258,
    "process_features_model_5_multimer_v3_pred_0": 1.3828277587890625e-05,
    "predict_and_compile_model_5_multimer_v3_pred_0": 111.00216674804688,
    "relax_model_5_multimer_v3_pred_0": 152.00441765785217
}