{
    "iptm+ptm": {
        "model_1_multimer_v3_pred_0": 0.9076302240927854,
        "model_2_multimer_v3_pred_0": 0.9058319582969203,
        "model_3_multimer_v3_pred_0": 0.9006492570302855,
        "model_4_multimer_v3_pred_0": 0.8847529284634397,
        "model_5_multimer_v3_pred_0": 0.9030874031719542
    },
    "order": [
        "model_1_multimer_v3_pred_0",
        "model_2_multimer_v3_pred_0",
        "model_5_multimer_v3_pred_0",
        "model_3_multimer_v3_pred_0",
        "model_4_multimer_v3_pred_0"
    ]
}