{
    "features": 152.64366102218628,
    "process_features_model_1_multimer_v3_pred_0": 3.170967102050781e-05,
    "predict_and_compile_model_1_multimer_v3_pred_0": 414.3473160266876,
    "relax_model_1_multimer_v3_pred_0": 178.2396695613861,
    "process_features_model_2_multimer_v3_pred_0": 1.1920928955078125e-05,
    "predict_and_compile_model_2_multimer_v3_pred_0": 416.66567969322205,
    "relax_model_2_multimer_v3_pred_0": 230.8774914741516,
    "process_features_model_3_multimer_v3_pred_0": 9.298324584960938e-06,
    "predict_and_compile_model_3_multimer_v3_pred_0": 462.1109561920166,
    "relax_model_3_multimer_v3_pred_0": 180.36097812652588,
    "process_features_model_4_multimer_v3_pred_0": 2.47955322265625e-05,
    "predict_and_compile_model_4_multimer_v3_pred_0": 457.7167944908142,
    "relax_model_4_multimer_v3_pred_0": 201.37387704849243,
    "process_features_model_5_multimer_v3_pred_0": 1.0728836059570312e-05,
    "predict_and_compile_model_5_multimer_v3_pred_0": 563.4380140304565,
    "relax_model_5_multimer_v3_pred_0": 185.3066976070404
}