{
    "iptm+ptm": {
        "model_1_multimer_v3_pred_0": 0.278109150667341,
        "model_2_multimer_v3_pred_0": 0.2695712399107517,
        "model_3_multimer_v3_pred_0": 0.28489415068876656,
        "model_4_multimer_v3_pred_0": 0.2584271773701805,
        "model_5_multimer_v3_pred_0": 0.2817933844129714
    },
    "order": [
        "model_3_multimer_v3_pred_0",
        "model_5_multimer_v3_pred_0",
        "model_1_multimer_v3_pred_0",
        "model_2_multimer_v3_pred_0",
        "model_4_multimer_v3_pred_0"
    ]
}