{
    "features": 92.4810061454773,
    "process_features_model_1_multimer_v3_pred_0": 1.4543533325195312e-05,
    "predict_and_compile_model_1_multimer_v3_pred_0": 335.247679233551,
    "relax_model_1_multimer_v3_pred_0": 878.2450480461121,
    "process_features_model_2_multimer_v3_pred_0": 5.4836273193359375e-06,
    "predict_and_compile_model_2_multimer_v3_pred_0": 327.27380204200745,
    "relax_model_2_multimer_v3_pred_0": 718.2427678108215,
    "process_features_model_3_multimer_v3_pred_0": 6.198883056640625e-06,
    "predict_and_compile_model_3_multimer_v3_pred_0": 134.7480652332306,
    "relax_model_3_multimer_v3_pred_0": 875.0958189964294,
    "process_features_model_4_multimer_v3_pred_0": 6.4373016357421875e-06,
    "predict_and_compile_model_4_multimer_v3_pred_0": 326.2217195034027,
    "relax_model_4_multimer_v3_pred_0": 2874.6907551288605,
    "process_features_model_5_multimer_v3_pred_0": 4.5299530029296875e-06,
    "predict_and_compile_model_5_multimer_v3_pred_0": 182.7654402256012,
    "relax_model_5_multimer_v3_pred_0": 722.0872650146484
}