{
    "iptm+ptm": {
        "model_1_multimer_v3_pred_0": 0.8045479465578128,
        "model_2_multimer_v3_pred_0": 0.7936347873167863,
        "model_3_multimer_v3_pred_0": 0.8234032471654429,
        "model_4_multimer_v3_pred_0": 0.7863137814303197,
        "model_5_multimer_v3_pred_0": 0.8179095223583758
    },
    "order": [
        "model_3_multimer_v3_pred_0",
        "model_5_multimer_v3_pred_0",
        "model_1_multimer_v3_pred_0",
        "model_2_multimer_v3_pred_0",
        "model_4_multimer_v3_pred_0"
    ]
}