{
    "features": 247.02980780601501,
    "process_features_model_1_multimer_v3_pred_0": 1.0251998901367188e-05,
    "predict_and_compile_model_1_multimer_v3_pred_0": 940.460883140564,
    "relax_model_1_multimer_v3_pred_0": 365.7180235385895,
    "process_features_model_2_multimer_v3_pred_0": 2.6464462280273438e-05,
    "predict_and_compile_model_2_multimer_v3_pred_0": 581.2335321903229,
    "relax_model_2_multimer_v3_pred_0": 1006.8323240280151,
    "process_features_model_3_multimer_v3_pred_0": 5.4836273193359375e-06,
    "predict_and_compile_model_3_multimer_v3_pred_0": 522.8096671104431,
    "relax_model_3_multimer_v3_pred_0": 418.9510748386383,
    "process_features_model_4_multimer_v3_pred_0": 5.7220458984375e-06,
    "predict_and_compile_model_4_multimer_v3_pred_0": 939.8638303279877,
    "relax_model_4_multimer_v3_pred_0": 321.04045724868774,
    "process_features_model_5_multimer_v3_pred_0": 5.4836273193359375e-06,
    "predict_and_compile_model_5_multimer_v3_pred_0": 873.4005699157715,
    "relax_model_5_multimer_v3_pred_0": 512.7558627128601
}