{
    "iptm+ptm": {
        "model_1_multimer_v3_pred_0": 0.3745073195940293,
        "model_2_multimer_v3_pred_0": 0.43167825125340537,
        "model_3_multimer_v3_pred_0": 0.4063206372509385,
        "model_4_multimer_v3_pred_0": 0.4386182136347585,
        "model_5_multimer_v3_pred_0": 0.41306662026216556
    },
    "order": [
        "model_4_multimer_v3_pred_0",
        "model_2_multimer_v3_pred_0",
        "model_5_multimer_v3_pred_0",
        "model_3_multimer_v3_pred_0",
        "model_1_multimer_v3_pred_0"
    ]
}