{
    "features": 269.4878933429718,
    "process_features_model_1_multimer_v3_pred_0": 9.298324584960938e-06,
    "predict_and_compile_model_1_multimer_v3_pred_0": 1449.1365315914154,
    "relax_model_1_multimer_v3_pred_0": 395.11327171325684,
    "process_features_model_2_multimer_v3_pred_0": 6.9141387939453125e-06,
    "predict_and_compile_model_2_multimer_v3_pred_0": 643.7468874454498,
    "relax_model_2_multimer_v3_pred_0": 357.2574939727783,
    "process_features_model_3_multimer_v3_pred_0": 5.9604644775390625e-06,
    "predict_and_compile_model_3_multimer_v3_pred_0": 897.0031342506409,
    "relax_model_3_multimer_v3_pred_0": 562.6537058353424,
    "process_features_model_4_multimer_v3_pred_0": 5.7220458984375e-06,
    "predict_and_compile_model_4_multimer_v3_pred_0": 1426.2193751335144,
    "relax_model_4_multimer_v3_pred_0": 333.9958562850952,
    "process_features_model_5_multimer_v3_pred_0": 5.245208740234375e-06,
    "predict_and_compile_model_5_multimer_v3_pred_0": 1428.4826917648315,
    "relax_model_5_multimer_v3_pred_0": 320.43285036087036
}