{
    "iptm+ptm": {
        "model_1_multimer_v3_pred_0": 0.6150596468789744,
        "model_2_multimer_v3_pred_0": 0.6181388560525194,
        "model_3_multimer_v3_pred_0": 0.6756848950871013,
        "model_4_multimer_v3_pred_0": 0.6862665933974389,
        "model_5_multimer_v3_pred_0": 0.6778271806902774
    },
    "order": [
        "model_4_multimer_v3_pred_0",
        "model_5_multimer_v3_pred_0",
        "model_3_multimer_v3_pred_0",
        "model_2_multimer_v3_pred_0",
        "model_1_multimer_v3_pred_0"
    ]
}