{
    "features": 211.1125361919403,
    "process_features_model_1_multimer_v3_pred_0": 3.409385681152344e-05,
    "predict_and_compile_model_1_multimer_v3_pred_0": 502.79229402542114,
    "relax_model_1_multimer_v3_pred_0": 187.07576847076416,
    "process_features_model_2_multimer_v3_pred_0": 5.9604644775390625e-06,
    "predict_and_compile_model_2_multimer_v3_pred_0": 800.1743564605713,
    "relax_model_2_multimer_v3_pred_0": 322.45807242393494,
    "process_features_model_3_multimer_v3_pred_0": 2.09808349609375e-05,
    "predict_and_compile_model_3_multimer_v3_pred_0": 682.4445900917053,
    "relax_model_3_multimer_v3_pred_0": 163.4750714302063,
    "process_features_model_4_multimer_v3_pred_0": 5.7220458984375e-06,
    "predict_and_compile_model_4_multimer_v3_pred_0": 1264.6853911876678,
    "relax_model_4_multimer_v3_pred_0": 187.0796763896942,
    "process_features_model_5_multimer_v3_pred_0": 5.7220458984375e-06,
    "predict_and_compile_model_5_multimer_v3_pred_0": 569.0337359905243,
    "relax_model_5_multimer_v3_pred_0": 165.93057799339294
}