{
    "iptm+ptm": {
        "model_1_multimer_v3_pred_0": 0.7646840561927379,
        "model_2_multimer_v3_pred_0": 0.7788455482188674,
        "model_3_multimer_v3_pred_0": 0.8040131071008636,
        "model_4_multimer_v3_pred_0": 0.7551996339304132,
        "model_5_multimer_v3_pred_0": 0.7791490561660642
    },
    "order": [
        "model_3_multimer_v3_pred_0",
        "model_5_multimer_v3_pred_0",
        "model_2_multimer_v3_pred_0",
        "model_1_multimer_v3_pred_0",
        "model_4_multimer_v3_pred_0"
    ]
}