{
    "features": 303.9261953830719,
    "process_features_model_1_multimer_v3_pred_0": 1.0967254638671875e-05,
    "predict_and_compile_model_1_multimer_v3_pred_0": 679.882072687149,
    "relax_model_1_multimer_v3_pred_0": 193.36178922653198,
    "process_features_model_2_multimer_v3_pred_0": 3.337860107421875e-05,
    "predict_and_compile_model_2_multimer_v3_pred_0": 518.195544719696,
    "relax_model_2_multimer_v3_pred_0": 177.52659344673157,
    "process_features_model_3_multimer_v3_pred_0": 5.7220458984375e-06,
    "predict_and_compile_model_3_multimer_v3_pred_0": 427.6676754951477,
    "relax_model_3_multimer_v3_pred_0": 274.1622393131256,
    "process_features_model_4_multimer_v3_pred_0": 3.910064697265625e-05,
    "predict_and_compile_model_4_multimer_v3_pred_0": 477.1017806529999,
    "relax_model_4_multimer_v3_pred_0": 273.7663469314575,
    "process_features_model_5_multimer_v3_pred_0": 6.4373016357421875e-06,
    "predict_and_compile_model_5_multimer_v3_pred_0": 404.8187243938446,
    "relax_model_5_multimer_v3_pred_0": 225.34341025352478
}