{
    "iptm+ptm": {
        "model_1_multimer_v3_pred_0": 0.6815860983472417,
        "model_2_multimer_v3_pred_0": 0.7206401410375108,
        "model_3_multimer_v3_pred_0": 0.6739094339297025,
        "model_4_multimer_v3_pred_0": 0.6285169216731659,
        "model_5_multimer_v3_pred_0": 0.6717173528414891
    },
    "order": [
        "model_2_multimer_v3_pred_0",
        "model_1_multimer_v3_pred_0",
        "model_3_multimer_v3_pred_0",
        "model_5_multimer_v3_pred_0",
        "model_4_multimer_v3_pred_0"
    ]
}