{
    "features": 257.0386881828308,
    "process_features_model_1_multimer_v3_pred_0": 1.049041748046875e-05,
    "predict_and_compile_model_1_multimer_v3_pred_0": 944.8515794277191,
    "process_features_model_2_multimer_v3_pred_0": 3.0040740966796875e-05,
    "predict_and_compile_model_2_multimer_v3_pred_0": 729.7641890048981,
    "process_features_model_3_multimer_v3_pred_0": 8.463859558105469e-05,
    "predict_and_compile_model_3_multimer_v3_pred_0": 1414.010521888733,
    "process_features_model_4_multimer_v3_pred_0": 1.4781951904296875e-05,
    "predict_and_compile_model_4_multimer_v3_pred_0": 1677.5910205841064,
    "process_features_model_5_multimer_v3_pred_0": 0.00010371208190917969,
    "predict_and_compile_model_5_multimer_v3_pred_0": 1678.05073928833
}