{
    "iptm+ptm": {
        "model_1_multimer_v3_pred_0": 0.8930522520786536,
        "model_2_multimer_v3_pred_0": 0.897576422720821,
        "model_3_multimer_v3_pred_0": 0.8904787409520721,
        "model_4_multimer_v3_pred_0": 0.8947493394886813,
        "model_5_multimer_v3_pred_0": 0.8994163739616738
    },
    "order": [
        "model_5_multimer_v3_pred_0",
        "model_2_multimer_v3_pred_0",
        "model_4_multimer_v3_pred_0",
        "model_1_multimer_v3_pred_0",
        "model_3_multimer_v3_pred_0"
    ]
}