{
    "features": 143.01620244979858,
    "process_features_model_1_multimer_v3_pred_0": 3.266334533691406e-05,
    "predict_and_compile_model_1_multimer_v3_pred_0": 1498.257050037384,
    "relax_model_1_multimer_v3_pred_0": 259.1303789615631,
    "process_features_model_2_multimer_v3_pred_0": 5.245208740234375e-06,
    "predict_and_compile_model_2_multimer_v3_pred_0": 602.1783785820007,
    "relax_model_2_multimer_v3_pred_0": 314.44090843200684,
    "process_features_model_3_multimer_v3_pred_0": 2.1219253540039062e-05,
    "predict_and_compile_model_3_multimer_v3_pred_0": 677.768301486969,
    "relax_model_3_multimer_v3_pred_0": 725.6552038192749,
    "process_features_model_4_multimer_v3_pred_0": 5.4836273193359375e-06,
    "predict_and_compile_model_4_multimer_v3_pred_0": 1477.1029722690582,
    "relax_model_4_multimer_v3_pred_0": 707.4492218494415,
    "process_features_model_5_multimer_v3_pred_0": 1.2874603271484375e-05,
    "predict_and_compile_model_5_multimer_v3_pred_0": 1489.430998802185,
    "relax_model_5_multimer_v3_pred_0": 640.0023775100708
}