{
    "iptm+ptm": {
        "model_1_multimer_v3_pred_0": 0.25958629651867643,
        "model_2_multimer_v3_pred_0": 0.2869896941844646,
        "model_3_multimer_v3_pred_0": 0.2744420654660497,
        "model_4_multimer_v3_pred_0": 0.2518659604572411,
        "model_5_multimer_v3_pred_0": 0.2731327577533255
    },
    "order": [
        "model_2_multimer_v3_pred_0",
        "model_3_multimer_v3_pred_0",
        "model_5_multimer_v3_pred_0",
        "model_1_multimer_v3_pred_0",
        "model_4_multimer_v3_pred_0"
    ]
}