{
    "features": 182.19805026054382,
    "process_features_model_1_multimer_v3_pred_0": 3.314018249511719e-05,
    "predict_and_compile_model_1_multimer_v3_pred_0": 3026.0655517578125,
    "relax_model_1_multimer_v3_pred_0": 397.17035031318665,
    "process_features_model_2_multimer_v3_pred_0": 6.67572021484375e-06,
    "predict_and_compile_model_2_multimer_v3_pred_0": 2607.903431415558,
    "relax_model_2_multimer_v3_pred_0": 1735.9980742931366,
    "process_features_model_3_multimer_v3_pred_0": 4.172325134277344e-05,
    "predict_and_compile_model_3_multimer_v3_pred_0": 1930.6696355342865,
    "relax_model_3_multimer_v3_pred_0": 1328.850105047226,
    "process_features_model_4_multimer_v3_pred_0": 8.821487426757812e-06,
    "predict_and_compile_model_4_multimer_v3_pred_0": 1750.7257189750671,
    "relax_model_4_multimer_v3_pred_0": 648.7317624092102,
    "process_features_model_5_multimer_v3_pred_0": 9.202957153320312e-05,
    "predict_and_compile_model_5_multimer_v3_pred_0": 1468.723031282425,
    "relax_model_5_multimer_v3_pred_0": 745.6680154800415
}