{
    "iptm+ptm": {
        "model_1_multimer_v3_pred_0": 0.8033958546381479,
        "model_2_multimer_v3_pred_0": 0.8041816232661997,
        "model_3_multimer_v3_pred_0": 0.8105022767837796,
        "model_4_multimer_v3_pred_0": 0.809539627553302,
        "model_5_multimer_v3_pred_0": 0.8258448840475129
    },
    "order": [
        "model_5_multimer_v3_pred_0",
        "model_3_multimer_v3_pred_0",
        "model_4_multimer_v3_pred_0",
        "model_2_multimer_v3_pred_0",
        "model_1_multimer_v3_pred_0"
    ]
}