{
    "features": 109.96879982948303,
    "process_features_model_1_multimer_v3_pred_0": 2.8848648071289062e-05,
    "predict_and_compile_model_1_multimer_v3_pred_0": 128.96061420440674,
    "relax_model_1_multimer_v3_pred_0": 321.85142970085144,
    "process_features_model_2_multimer_v3_pred_0": 9.5367431640625e-06,
    "predict_and_compile_model_2_multimer_v3_pred_0": 130.4821698665619,
    "relax_model_2_multimer_v3_pred_0": 332.8780884742737,
    "process_features_model_3_multimer_v3_pred_0": 8.344650268554688e-06,
    "predict_and_compile_model_3_multimer_v3_pred_0": 115.11517405509949,
    "relax_model_3_multimer_v3_pred_0": 326.4915692806244,
    "process_features_model_4_multimer_v3_pred_0": 8.344650268554688e-06,
    "predict_and_compile_model_4_multimer_v3_pred_0": 119.63336491584778,
    "relax_model_4_multimer_v3_pred_0": 303.6228606700897,
    "process_features_model_5_multimer_v3_pred_0": 7.867813110351562e-06,
    "predict_and_compile_model_5_multimer_v3_pred_0": 136.15563797950745,
    "relax_model_5_multimer_v3_pred_0": 326.4968557357788
}