{
    "iptm+ptm": {
        "model_1_multimer_v3_pred_0": 0.7900815345027006,
        "model_2_multimer_v3_pred_0": 0.7917787513563418,
        "model_3_multimer_v3_pred_0": 0.8320787191724537,
        "model_4_multimer_v3_pred_0": 0.83011610610765,
        "model_5_multimer_v3_pred_0": 0.8111825422406052
    },
    "order": [
        "model_3_multimer_v3_pred_0",
        "model_4_multimer_v3_pred_0",
        "model_5_multimer_v3_pred_0",
        "model_2_multimer_v3_pred_0",
        "model_1_multimer_v3_pred_0"
    ]
}