{
    "features": 196.03155827522278,
    "process_features_model_1_multimer_v3_pred_0": 1.4543533325195312e-05,
    "predict_and_compile_model_1_multimer_v3_pred_0": 400.5539929866791,
    "relax_model_1_multimer_v3_pred_0": 191.85318064689636,
    "process_features_model_2_multimer_v3_pred_0": 5.0067901611328125e-06,
    "predict_and_compile_model_2_multimer_v3_pred_0": 473.87320351600647,
    "relax_model_2_multimer_v3_pred_0": 258.11604738235474,
    "process_features_model_3_multimer_v3_pred_0": 6.198883056640625e-06,
    "predict_and_compile_model_3_multimer_v3_pred_0": 551.1951160430908,
    "relax_model_3_multimer_v3_pred_0": 247.1375274658203,
    "process_features_model_4_multimer_v3_pred_0": 5.4836273193359375e-06,
    "predict_and_compile_model_4_multimer_v3_pred_0": 531.2493033409119,
    "relax_model_4_multimer_v3_pred_0": 294.957394361496,
    "process_features_model_5_multimer_v3_pred_0": 9.775161743164062e-06,
    "predict_and_compile_model_5_multimer_v3_pred_0": 474.8028373718262,
    "relax_model_5_multimer_v3_pred_0": 276.58677339553833
}