{
    "iptm+ptm": {
        "model_1_multimer_v3_pred_0": 0.6927309570115713,
        "model_2_multimer_v3_pred_0": 0.6173197411003182,
        "model_3_multimer_v3_pred_0": 0.6018018646498843,
        "model_4_multimer_v3_pred_0": 0.7036169980279225,
        "model_5_multimer_v3_pred_0": 0.6553052310653981
    },
    "order": [
        "model_4_multimer_v3_pred_0",
        "model_1_multimer_v3_pred_0",
        "model_5_multimer_v3_pred_0",
        "model_2_multimer_v3_pred_0",
        "model_3_multimer_v3_pred_0"
    ]
}