{
    "features": 187.95811080932617,
    "process_features_model_1_multimer_v3_pred_0": 1.0728836059570312e-05,
    "predict_and_compile_model_1_multimer_v3_pred_0": 833.2148711681366,
    "relax_model_1_multimer_v3_pred_0": 295.1112713813782,
    "process_features_model_2_multimer_v3_pred_0": 9.059906005859375e-06,
    "predict_and_compile_model_2_multimer_v3_pred_0": 996.3587939739227,
    "relax_model_2_multimer_v3_pred_0": 210.18763494491577,
    "process_features_model_3_multimer_v3_pred_0": 5.245208740234375e-06,
    "predict_and_compile_model_3_multimer_v3_pred_0": 1794.1246182918549,
    "relax_model_3_multimer_v3_pred_0": 511.239994764328,
    "process_features_model_4_multimer_v3_pred_0": 5.245208740234375e-06,
    "predict_and_compile_model_4_multimer_v3_pred_0": 1761.6760559082031,
    "relax_model_4_multimer_v3_pred_0": 358.77384638786316,
    "process_features_model_5_multimer_v3_pred_0": 4.76837158203125e-06,
    "predict_and_compile_model_5_multimer_v3_pred_0": 1762.7234859466553,
    "relax_model_5_multimer_v3_pred_0": 669.2401928901672
}