{
    "iptm+ptm": {
        "model_1_multimer_v3_pred_0": 0.6055852892597707,
        "model_2_multimer_v3_pred_0": 0.6280196645451589,
        "model_3_multimer_v3_pred_0": 0.5022859235408224,
        "model_4_multimer_v3_pred_0": 0.49537107007833475,
        "model_5_multimer_v3_pred_0": 0.5126834090133686
    },
    "order": [
        "model_2_multimer_v3_pred_0",
        "model_1_multimer_v3_pred_0",
        "model_5_multimer_v3_pred_0",
        "model_3_multimer_v3_pred_0",
        "model_4_multimer_v3_pred_0"
    ]
}