{
    "features": 235.70674300193787,
    "process_features_model_1_multimer_v3_pred_0": 9.5367431640625e-06,
    "predict_and_compile_model_1_multimer_v3_pred_0": 922.0368304252625,
    "relax_model_1_multimer_v3_pred_0": 252.4908082485199,
    "process_features_model_2_multimer_v3_pred_0": 5.459785461425781e-05,
    "predict_and_compile_model_2_multimer_v3_pred_0": 848.3760414123535,
    "relax_model_2_multimer_v3_pred_0": 277.99402046203613,
    "process_features_model_3_multimer_v3_pred_0": 5.0067901611328125e-06,
    "predict_and_compile_model_3_multimer_v3_pred_0": 566.104572057724,
    "relax_model_3_multimer_v3_pred_0": 825.0531499385834,
    "process_features_model_4_multimer_v3_pred_0": 5.7220458984375e-06,
    "predict_and_compile_model_4_multimer_v3_pred_0": 1040.5037083625793,
    "relax_model_4_multimer_v3_pred_0": 278.30260586738586,
    "process_features_model_5_multimer_v3_pred_0": 5.245208740234375e-06,
    "predict_and_compile_model_5_multimer_v3_pred_0": 1578.028235912323,
    "relax_model_5_multimer_v3_pred_0": 297.2136492729187
}