{
    "iptm+ptm": {
        "model_1_multimer_v3_pred_0": 0.6742756306166446,
        "model_2_multimer_v3_pred_0": 0.6831991231846266,
        "model_3_multimer_v3_pred_0": 0.6732969820532188,
        "model_4_multimer_v3_pred_0": 0.6705995888323234,
        "model_5_multimer_v3_pred_0": 0.6889258354430694
    },
    "order": [
        "model_5_multimer_v3_pred_0",
        "model_2_multimer_v3_pred_0",
        "model_1_multimer_v3_pred_0",
        "model_3_multimer_v3_pred_0",
        "model_4_multimer_v3_pred_0"
    ]
}