{
    "features": 105.83263039588928,
    "process_features_model_1_multimer_v3_pred_0": 2.0742416381835938e-05,
    "predict_and_compile_model_1_multimer_v3_pred_0": 199.3652617931366,
    "relax_model_1_multimer_v3_pred_0": 181.3897898197174,
    "process_features_model_2_multimer_v3_pred_0": 6.67572021484375e-06,
    "predict_and_compile_model_2_multimer_v3_pred_0": 147.29508781433105,
    "relax_model_2_multimer_v3_pred_0": 381.51958656311035,
    "process_features_model_3_multimer_v3_pred_0": 9.059906005859375e-06,
    "predict_and_compile_model_3_multimer_v3_pred_0": 207.894944190979,
    "relax_model_3_multimer_v3_pred_0": 345.5237066745758,
    "process_features_model_4_multimer_v3_pred_0": 7.867813110351562e-06,
    "predict_and_compile_model_4_multimer_v3_pred_0": 154.40647339820862,
    "relax_model_4_multimer_v3_pred_0": 350.53564858436584,
    "process_features_model_5_multimer_v3_pred_0": 9.298324584960938e-06,
    "predict_and_compile_model_5_multimer_v3_pred_0": 148.7984058856964,
    "relax_model_5_multimer_v3_pred_0": 169.72885060310364
}