{
    "iptm+ptm": {
        "model_1_multimer_v3_pred_0": 0.5388238761503817,
        "model_2_multimer_v3_pred_0": 0.5702593446229142,
        "model_3_multimer_v3_pred_0": 0.510628416013147,
        "model_4_multimer_v3_pred_0": 0.5161378152702764,
        "model_5_multimer_v3_pred_0": 0.5479375450931623
    },
    "order": [
        "model_2_multimer_v3_pred_0",
        "model_5_multimer_v3_pred_0",
        "model_1_multimer_v3_pred_0",
        "model_4_multimer_v3_pred_0",
        "model_3_multimer_v3_pred_0"
    ]
}