{
    "features": 267.4297516345978,
    "process_features_model_1_multimer_v3_pred_0": 9.775161743164062e-06,
    "predict_and_compile_model_1_multimer_v3_pred_0": 1004.9169702529907,
    "relax_model_1_multimer_v3_pred_0": 423.959840297699,
    "process_features_model_2_multimer_v3_pred_0": 8.344650268554688e-06,
    "predict_and_compile_model_2_multimer_v3_pred_0": 714.7989766597748,
    "relax_model_2_multimer_v3_pred_0": 478.95917296409607,
    "process_features_model_3_multimer_v3_pred_0": 1.6450881958007812e-05,
    "predict_and_compile_model_3_multimer_v3_pred_0": 1572.5713336467743,
    "relax_model_3_multimer_v3_pred_0": 770.877557516098,
    "process_features_model_4_multimer_v3_pred_0": 8.821487426757812e-06,
    "predict_and_compile_model_4_multimer_v3_pred_0": 1471.7991054058075,
    "relax_model_4_multimer_v3_pred_0": 627.9174113273621,
    "process_features_model_5_multimer_v3_pred_0": 1.7404556274414062e-05,
    "predict_and_compile_model_5_multimer_v3_pred_0": 1293.825036764145,
    "relax_model_5_multimer_v3_pred_0": 224.20477294921875
}