{
    "iptm+ptm": {
        "model_1_multimer_v3_pred_0": 0.43639503342840114,
        "model_2_multimer_v3_pred_0": 0.4761541448471527,
        "model_3_multimer_v3_pred_0": 0.22460454274684266,
        "model_4_multimer_v3_pred_0": 0.40989914784589854,
        "model_5_multimer_v3_pred_0": 0.40804913388132985
    },
    "order": [
        "model_2_multimer_v3_pred_0",
        "model_1_multimer_v3_pred_0",
        "model_4_multimer_v3_pred_0",
        "model_5_multimer_v3_pred_0",
        "model_3_multimer_v3_pred_0"
    ]
}