{
    "features": 311.0485420227051,
    "process_features_model_1_multimer_v3_pred_0": 1.0967254638671875e-05,
    "predict_and_compile_model_1_multimer_v3_pred_0": 1339.702815771103,
    "relax_model_1_multimer_v3_pred_0": 247.52932953834534,
    "process_features_model_2_multimer_v3_pred_0": 1.3589859008789062e-05,
    "predict_and_compile_model_2_multimer_v3_pred_0": 962.5975515842438,
    "relax_model_2_multimer_v3_pred_0": 276.80981373786926,
    "process_features_model_3_multimer_v3_pred_0": 4.1484832763671875e-05,
    "predict_and_compile_model_3_multimer_v3_pred_0": 1252.6108071804047,
    "relax_model_3_multimer_v3_pred_0": 1062.888489484787,
    "process_features_model_4_multimer_v3_pred_0": 2.956390380859375e-05,
    "predict_and_compile_model_4_multimer_v3_pred_0": 1080.3031558990479,
    "relax_model_4_multimer_v3_pred_0": 331.0550355911255,
    "process_features_model_5_multimer_v3_pred_0": 8.58306884765625e-06,
    "predict_and_compile_model_5_multimer_v3_pred_0": 1656.5261640548706,
    "relax_model_5_multimer_v3_pred_0": 616.0602562427521
}