{
    "iptm+ptm": {
        "model_1_multimer_v3_pred_0": 0.6926951419000443,
        "model_2_multimer_v3_pred_0": 0.7137847266573396,
        "model_3_multimer_v3_pred_0": 0.7096046983000173,
        "model_4_multimer_v3_pred_0": 0.6813046346699078,
        "model_5_multimer_v3_pred_0": 0.7062831442920152
    },
    "order": [
        "model_2_multimer_v3_pred_0",
        "model_3_multimer_v3_pred_0",
        "model_5_multimer_v3_pred_0",
        "model_1_multimer_v3_pred_0",
        "model_4_multimer_v3_pred_0"
    ]
}