{
    "features": 312.49276781082153,
    "process_features_model_1_multimer_v3_pred_0": 1.049041748046875e-05,
    "predict_and_compile_model_1_multimer_v3_pred_0": 1487.4772429466248,
    "relax_model_1_multimer_v3_pred_0": 232.88560152053833,
    "process_features_model_2_multimer_v3_pred_0": 3.266334533691406e-05,
    "predict_and_compile_model_2_multimer_v3_pred_0": 1500.841412305832,
    "relax_model_2_multimer_v3_pred_0": 270.5415906906128,
    "process_features_model_3_multimer_v3_pred_0": 2.2172927856445312e-05,
    "predict_and_compile_model_3_multimer_v3_pred_0": 1322.002225637436,
    "relax_model_3_multimer_v3_pred_0": 792.9129848480225,
    "process_features_model_4_multimer_v3_pred_0": 1.0251998901367188e-05,
    "predict_and_compile_model_4_multimer_v3_pred_0": 1487.523527622223,
    "relax_model_4_multimer_v3_pred_0": 453.67398381233215,
    "process_features_model_5_multimer_v3_pred_0": 5.9604644775390625e-06,
    "predict_and_compile_model_5_multimer_v3_pred_0": 1095.890123128891,
    "relax_model_5_multimer_v3_pred_0": 751.0858297348022
}