{
    "iptm+ptm": {
        "model_1_multimer_v3_pred_0": 0.8144252748337163,
        "model_2_multimer_v3_pred_0": 0.8076879357157425,
        "model_3_multimer_v3_pred_0": 0.7922161138869255,
        "model_4_multimer_v3_pred_0": 0.8001499548622097,
        "model_5_multimer_v3_pred_0": 0.8003321876995413
    },
    "order": [
        "model_1_multimer_v3_pred_0",
        "model_2_multimer_v3_pred_0",
        "model_5_multimer_v3_pred_0",
        "model_4_multimer_v3_pred_0",
        "model_3_multimer_v3_pred_0"
    ]
}