{
    "features": 196.20155477523804,
    "process_features_model_1_multimer_v3_pred_0": 1.5497207641601562e-05,
    "predict_and_compile_model_1_multimer_v3_pred_0": 416.49587869644165,
    "relax_model_1_multimer_v3_pred_0": 393.4099028110504,
    "process_features_model_2_multimer_v3_pred_0": 1.0013580322265625e-05,
    "predict_and_compile_model_2_multimer_v3_pred_0": 474.2707724571228,
    "relax_model_2_multimer_v3_pred_0": 277.1089344024658,
    "process_features_model_3_multimer_v3_pred_0": 2.6464462280273438e-05,
    "predict_and_compile_model_3_multimer_v3_pred_0": 479.3512306213379,
    "relax_model_3_multimer_v3_pred_0": 240.91119813919067,
    "process_features_model_4_multimer_v3_pred_0": 2.5987625122070312e-05,
    "predict_and_compile_model_4_multimer_v3_pred_0": 435.82327914237976,
    "relax_model_4_multimer_v3_pred_0": 284.35632038116455,
    "process_features_model_5_multimer_v3_pred_0": 7.152557373046875e-06,
    "predict_and_compile_model_5_multimer_v3_pred_0": 527.3832602500916,
    "relax_model_5_multimer_v3_pred_0": 339.9733967781067
}