{
    "iptm+ptm": {
        "model_1_multimer_v3_pred_0": 0.7951238381597203,
        "model_2_multimer_v3_pred_0": 0.7951253266251419,
        "model_3_multimer_v3_pred_0": 0.798238969296167,
        "model_4_multimer_v3_pred_0": 0.7984493681208544,
        "model_5_multimer_v3_pred_0": 0.7841081022603884
    },
    "order": [
        "model_4_multimer_v3_pred_0",
        "model_3_multimer_v3_pred_0",
        "model_2_multimer_v3_pred_0",
        "model_1_multimer_v3_pred_0",
        "model_5_multimer_v3_pred_0"
    ]
}