{
    "features": 142.24169540405273,
    "process_features_model_1_multimer_v3_pred_0": 1.0967254638671875e-05,
    "predict_and_compile_model_1_multimer_v3_pred_0": 583.1706817150116,
    "relax_model_1_multimer_v3_pred_0": 213.10703134536743,
    "process_features_model_2_multimer_v3_pred_0": 1.1920928955078125e-05,
    "predict_and_compile_model_2_multimer_v3_pred_0": 1523.9318780899048,
    "relax_model_2_multimer_v3_pred_0": 350.6434392929077,
    "process_features_model_3_multimer_v3_pred_0": 2.86102294921875e-05,
    "predict_and_compile_model_3_multimer_v3_pred_0": 1223.5331082344055,
    "relax_model_3_multimer_v3_pred_0": 725.9568982124329,
    "process_features_model_4_multimer_v3_pred_0": 9.5367431640625e-06,
    "predict_and_compile_model_4_multimer_v3_pred_0": 1132.5420370101929,
    "relax_model_4_multimer_v3_pred_0": 282.87630105018616,
    "process_features_model_5_multimer_v3_pred_0": 1.0013580322265625e-05,
    "predict_and_compile_model_5_multimer_v3_pred_0": 576.5425415039062,
    "relax_model_5_multimer_v3_pred_0": 981.6171369552612
}