{
    "iptm+ptm": {
        "model_1_multimer_v3_pred_0": 0.8555533939145578,
        "model_2_multimer_v3_pred_0": 0.8568208691759518,
        "model_3_multimer_v3_pred_0": 0.8627793726738773,
        "model_4_multimer_v3_pred_0": 0.8584465101393097,
        "model_5_multimer_v3_pred_0": 0.8696781090091397
    },
    "order": [
        "model_5_multimer_v3_pred_0",
        "model_3_multimer_v3_pred_0",
        "model_4_multimer_v3_pred_0",
        "model_2_multimer_v3_pred_0",
        "model_1_multimer_v3_pred_0"
    ]
}