{
    "features": 146.60004997253418,
    "process_features_model_1_multimer_v3_pred_0": 1.71661376953125e-05,
    "predict_and_compile_model_1_multimer_v3_pred_0": 507.8313937187195,
    "relax_model_1_multimer_v3_pred_0": 276.8941750526428,
    "process_features_model_2_multimer_v3_pred_0": 9.775161743164062e-06,
    "predict_and_compile_model_2_multimer_v3_pred_0": 494.57485365867615,
    "relax_model_2_multimer_v3_pred_0": 322.3743281364441,
    "process_features_model_3_multimer_v3_pred_0": 8.344650268554688e-06,
    "predict_and_compile_model_3_multimer_v3_pred_0": 1630.0051620006561,
    "relax_model_3_multimer_v3_pred_0": 436.1210436820984,
    "process_features_model_4_multimer_v3_pred_0": 1.4543533325195312e-05,
    "predict_and_compile_model_4_multimer_v3_pred_0": 549.959011554718,
    "relax_model_4_multimer_v3_pred_0": 402.12914633750916,
    "process_features_model_5_multimer_v3_pred_0": 9.059906005859375e-06,
    "predict_and_compile_model_5_multimer_v3_pred_0": 822.9667644500732,
    "relax_model_5_multimer_v3_pred_0": 366.05899024009705
}