{
    "iptm+ptm": {
        "model_1_multimer_v3_pred_0": 0.8675775229097258,
        "model_2_multimer_v3_pred_0": 0.8704850726110859,
        "model_3_multimer_v3_pred_0": 0.8724168163097367,
        "model_4_multimer_v3_pred_0": 0.863498388728329,
        "model_5_multimer_v3_pred_0": 0.8782249126112895
    },
    "order": [
        "model_5_multimer_v3_pred_0",
        "model_3_multimer_v3_pred_0",
        "model_2_multimer_v3_pred_0",
        "model_1_multimer_v3_pred_0",
        "model_4_multimer_v3_pred_0"
    ]
}