{
    "features": 160.36804151535034,
    "process_features_model_1_multimer_v3_pred_0": 1.239776611328125e-05,
    "predict_and_compile_model_1_multimer_v3_pred_0": 1764.1817409992218,
    "relax_model_1_multimer_v3_pred_0": 911.8477139472961,
    "process_features_model_2_multimer_v3_pred_0": 5.0067901611328125e-06,
    "predict_and_compile_model_2_multimer_v3_pred_0": 1758.7023446559906,
    "relax_model_2_multimer_v3_pred_0": 490.01035594940186,
    "process_features_model_3_multimer_v3_pred_0": 9.775161743164062e-06,
    "predict_and_compile_model_3_multimer_v3_pred_0": 1444.8909730911255,
    "relax_model_3_multimer_v3_pred_0": 606.6700735092163,
    "process_features_model_4_multimer_v3_pred_0": 5.9604644775390625e-06,
    "predict_and_compile_model_4_multimer_v3_pred_0": 1738.7184765338898,
    "relax_model_4_multimer_v3_pred_0": 626.1924493312836,
    "process_features_model_5_multimer_v3_pred_0": 6.4373016357421875e-06,
    "predict_and_compile_model_5_multimer_v3_pred_0": 754.030211687088,
    "relax_model_5_multimer_v3_pred_0": 548.0575211048126
}