{
    "iptm+ptm": {
        "model_1_multimer_v3_pred_0": 0.8808360187043899,
        "model_2_multimer_v3_pred_0": 0.896898492949571,
        "model_3_multimer_v3_pred_0": 0.9020358812779188,
        "model_4_multimer_v3_pred_0": 0.8828383074529946,
        "model_5_multimer_v3_pred_0": 0.9101599356107563
    },
    "order": [
        "model_5_multimer_v3_pred_0",
        "model_3_multimer_v3_pred_0",
        "model_2_multimer_v3_pred_0",
        "model_4_multimer_v3_pred_0",
        "model_1_multimer_v3_pred_0"
    ]
}