{
    "features": 188.10641980171204,
    "process_features_model_1_multimer_v3_pred_0": 3.266334533691406e-05,
    "predict_and_compile_model_1_multimer_v3_pred_0": 1404.4869906902313,
    "process_features_model_2_multimer_v3_pred_0": 2.3126602172851562e-05,
    "predict_and_compile_model_2_multimer_v3_pred_0": 1096.4697213172913,
    "process_features_model_3_multimer_v3_pred_0": 2.1219253540039062e-05,
    "predict_and_compile_model_3_multimer_v3_pred_0": 860.4869539737701,
    "process_features_model_4_multimer_v3_pred_0": 8.821487426757812e-06,
    "predict_and_compile_model_4_multimer_v3_pred_0": 555.7059369087219,
    "process_features_model_5_multimer_v3_pred_0": 2.193450927734375e-05,
    "predict_and_compile_model_5_multimer_v3_pred_0": 500.60295724868774
}