{
    "iptm+ptm": {
        "model_1_multimer_v3_pred_0": 0.7580640182189609,
        "model_2_multimer_v3_pred_0": 0.8500164497869909,
        "model_3_multimer_v3_pred_0": 0.824111741328788,
        "model_4_multimer_v3_pred_0": 0.8398351438821198,
        "model_5_multimer_v3_pred_0": 0.8359917606274994
    },
    "order": [
        "model_2_multimer_v3_pred_0",
        "model_4_multimer_v3_pred_0",
        "model_5_multimer_v3_pred_0",
        "model_3_multimer_v3_pred_0",
        "model_1_multimer_v3_pred_0"
    ]
}