{
    "features": 191.5274167060852,
    "process_features_model_1_multimer_v3_pred_0": 2.7418136596679688e-05,
    "predict_and_compile_model_1_multimer_v3_pred_0": 596.5232672691345,
    "relax_model_1_multimer_v3_pred_0": 146.61996722221375,
    "process_features_model_2_multimer_v3_pred_0": 5.0067901611328125e-06,
    "predict_and_compile_model_2_multimer_v3_pred_0": 387.2934424877167,
    "relax_model_2_multimer_v3_pred_0": 131.51778721809387,
    "process_features_model_3_multimer_v3_pred_0": 1.5497207641601562e-05,
    "predict_and_compile_model_3_multimer_v3_pred_0": 498.52104091644287,
    "relax_model_3_multimer_v3_pred_0": 189.4739065170288,
    "process_features_model_4_multimer_v3_pred_0": 1.71661376953125e-05,
    "predict_and_compile_model_4_multimer_v3_pred_0": 441.2121248245239,
    "relax_model_4_multimer_v3_pred_0": 342.68071842193604,
    "process_features_model_5_multimer_v3_pred_0": 5.0067901611328125e-06,
    "predict_and_compile_model_5_multimer_v3_pred_0": 491.5889518260956,
    "relax_model_5_multimer_v3_pred_0": 219.14996361732483
}