{
    "iptm+ptm": {
        "model_1_multimer_v3_pred_0": 0.5586850344708082,
        "model_2_multimer_v3_pred_0": 0.7297736573192345,
        "model_3_multimer_v3_pred_0": 0.7083291605710014,
        "model_4_multimer_v3_pred_0": 0.6402049334939185,
        "model_5_multimer_v3_pred_0": 0.6163200679283996
    },
    "order": [
        "model_2_multimer_v3_pred_0",
        "model_3_multimer_v3_pred_0",
        "model_4_multimer_v3_pred_0",
        "model_5_multimer_v3_pred_0",
        "model_1_multimer_v3_pred_0"
    ]
}