{
    "features": 229.75585436820984,
    "process_features_model_1_multimer_v3_pred_0": 3.7670135498046875e-05,
    "predict_and_compile_model_1_multimer_v3_pred_0": 1415.5322637557983,
    "relax_model_1_multimer_v3_pred_0": 169.0686113834381,
    "process_features_model_2_multimer_v3_pred_0": 5.7220458984375e-06,
    "predict_and_compile_model_2_multimer_v3_pred_0": 513.942834854126,
    "relax_model_2_multimer_v3_pred_0": 1018.6327567100525,
    "process_features_model_3_multimer_v3_pred_0": 6.4373016357421875e-06,
    "predict_and_compile_model_3_multimer_v3_pred_0": 884.2714338302612,
    "relax_model_3_multimer_v3_pred_0": 224.62743473052979,
    "process_features_model_4_multimer_v3_pred_0": 5.4836273193359375e-06,
    "predict_and_compile_model_4_multimer_v3_pred_0": 628.8660805225372,
    "relax_model_4_multimer_v3_pred_0": 180.0378656387329,
    "process_features_model_5_multimer_v3_pred_0": 6.67572021484375e-06,
    "predict_and_compile_model_5_multimer_v3_pred_0": 926.5356512069702,
    "relax_model_5_multimer_v3_pred_0": 277.71513628959656
}