{
    "iptm+ptm": {
        "model_1_multimer_v3_pred_0": 0.8155898086679925,
        "model_2_multimer_v3_pred_0": 0.8086896543108764,
        "model_3_multimer_v3_pred_0": 0.8563090119439613,
        "model_4_multimer_v3_pred_0": 0.8264063375044939,
        "model_5_multimer_v3_pred_0": 0.8288606241560753
    },
    "order": [
        "model_3_multimer_v3_pred_0",
        "model_5_multimer_v3_pred_0",
        "model_4_multimer_v3_pred_0",
        "model_1_multimer_v3_pred_0",
        "model_2_multimer_v3_pred_0"
    ]
}