{
    "features": 258.05907678604126,
    "process_features_model_1_multimer_v3_pred_0": 3.075599670410156e-05,
    "predict_and_compile_model_1_multimer_v3_pred_0": 717.8287031650543,
    "relax_model_1_multimer_v3_pred_0": 215.68355202674866,
    "process_features_model_2_multimer_v3_pred_0": 1.0013580322265625e-05,
    "predict_and_compile_model_2_multimer_v3_pred_0": 1423.8600583076477,
    "relax_model_2_multimer_v3_pred_0": 463.7058310508728,
    "process_features_model_3_multimer_v3_pred_0": 4.5299530029296875e-06,
    "predict_and_compile_model_3_multimer_v3_pred_0": 1291.7590301036835,
    "relax_model_3_multimer_v3_pred_0": 617.9071798324585,
    "process_features_model_4_multimer_v3_pred_0": 4.291534423828125e-06,
    "predict_and_compile_model_4_multimer_v3_pred_0": 646.5847098827362,
    "relax_model_4_multimer_v3_pred_0": 1006.0924654006958,
    "process_features_model_5_multimer_v3_pred_0": 2.002716064453125e-05,
    "predict_and_compile_model_5_multimer_v3_pred_0": 1604.4924929141998,
    "relax_model_5_multimer_v3_pred_0": 170.3809094429016
}