{
    "iptm+ptm": {
        "model_1_multimer_v3_pred_0": 0.7427599590440641,
        "model_2_multimer_v3_pred_0": 0.7391824429920121,
        "model_3_multimer_v3_pred_0": 0.7246638820141,
        "model_4_multimer_v3_pred_0": 0.7460049246899739,
        "model_5_multimer_v3_pred_0": 0.7516360991112842
    },
    "order": [
        "model_5_multimer_v3_pred_0",
        "model_4_multimer_v3_pred_0",
        "model_1_multimer_v3_pred_0",
        "model_2_multimer_v3_pred_0",
        "model_3_multimer_v3_pred_0"
    ]
}