{
    "features": 93.73788380622864,
    "process_features_model_1_multimer_v3_pred_0": 1.5497207641601562e-05,
    "predict_and_compile_model_1_multimer_v3_pred_0": 110.00148344039917,
    "relax_model_1_multimer_v3_pred_0": 287.1393954753876,
    "process_features_model_2_multimer_v3_pred_0": 5.7220458984375e-06,
    "predict_and_compile_model_2_multimer_v3_pred_0": 111.6105489730835,
    "relax_model_2_multimer_v3_pred_0": 792.8615429401398,
    "process_features_model_3_multimer_v3_pred_0": 5.4836273193359375e-06,
    "predict_and_compile_model_3_multimer_v3_pred_0": 107.47171545028687,
    "relax_model_3_multimer_v3_pred_0": 316.3897223472595,
    "process_features_model_4_multimer_v3_pred_0": 5.7220458984375e-06,
    "predict_and_compile_model_4_multimer_v3_pred_0": 93.42690253257751,
    "relax_model_4_multimer_v3_pred_0": 305.8003177642822,
    "process_features_model_5_multimer_v3_pred_0": 4.76837158203125e-06,
    "predict_and_compile_model_5_multimer_v3_pred_0": 120.549076795578,
    "relax_model_5_multimer_v3_pred_0": 466.0992331504822
}