{
    "iptm+ptm": {
        "model_1_multimer_v3_pred_0": 0.6305906662091882,
        "model_2_multimer_v3_pred_0": 0.6255496972742127,
        "model_3_multimer_v3_pred_0": 0.6249089293636019,
        "model_4_multimer_v3_pred_0": 0.6369324680804802,
        "model_5_multimer_v3_pred_0": 0.6128236176322567
    },
    "order": [
        "model_4_multimer_v3_pred_0",
        "model_1_multimer_v3_pred_0",
        "model_2_multimer_v3_pred_0",
        "model_3_multimer_v3_pred_0",
        "model_5_multimer_v3_pred_0"
    ]
}