{
    "features": 625.0499784946442,
    "process_features_model_1_multimer_v3_pred_0": 1.4543533325195312e-05,
    "predict_and_compile_model_1_multimer_v3_pred_0": 8072.498550891876,
    "relax_model_1_multimer_v3_pred_0": 4411.812544345856,
    "process_features_model_2_multimer_v3_pred_0": 1.7642974853515625e-05,
    "predict_and_compile_model_2_multimer_v3_pred_0": 8042.037889719009,
    "relax_model_2_multimer_v3_pred_0": 4737.067905902863,
    "process_features_model_3_multimer_v3_pred_0": 5.245208740234375e-06,
    "predict_and_compile_model_3_multimer_v3_pred_0": 8055.5834267139435,
    "relax_model_3_multimer_v3_pred_0": 5634.6076991558075,
    "process_features_model_4_multimer_v3_pred_0": 2.193450927734375e-05,
    "predict_and_compile_model_4_multimer_v3_pred_0": 7876.003908872604,
    "relax_model_4_multimer_v3_pred_0": 5514.4236669540405,
    "process_features_model_5_multimer_v3_pred_0": 6.67572021484375e-06,
    "predict_and_compile_model_5_multimer_v3_pred_0": 7880.734751462936,
    "relax_model_5_multimer_v3_pred_0": 5989.632480621338
}