{
    "iptm+ptm": {
        "model_1_multimer_v3_pred_0": 0.7968474505882671,
        "model_2_multimer_v3_pred_0": 0.7888703476436008,
        "model_3_multimer_v3_pred_0": 0.7978858704822673,
        "model_4_multimer_v3_pred_0": 0.8240215974608505,
        "model_5_multimer_v3_pred_0": 0.7927739247434709
    },
    "order": [
        "model_4_multimer_v3_pred_0",
        "model_3_multimer_v3_pred_0",
        "model_1_multimer_v3_pred_0",
        "model_5_multimer_v3_pred_0",
        "model_2_multimer_v3_pred_0"
    ]
}