{
    "features": 186.7971465587616,
    "process_features_model_1_multimer_v3_pred_0": 1.0251998901367188e-05,
    "predict_and_compile_model_1_multimer_v3_pred_0": 486.0427553653717,
    "relax_model_1_multimer_v3_pred_0": 543.041122674942,
    "process_features_model_2_multimer_v3_pred_0": 6.4373016357421875e-06,
    "predict_and_compile_model_2_multimer_v3_pred_0": 565.8027801513672,
    "relax_model_2_multimer_v3_pred_0": 291.9681429862976,
    "process_features_model_3_multimer_v3_pred_0": 5.245208740234375e-06,
    "predict_and_compile_model_3_multimer_v3_pred_0": 492.7862937450409,
    "relax_model_3_multimer_v3_pred_0": 480.8769862651825,
    "process_features_model_4_multimer_v3_pred_0": 4.0531158447265625e-06,
    "predict_and_compile_model_4_multimer_v3_pred_0": 484.5159423351288,
    "relax_model_4_multimer_v3_pred_0": 295.7886691093445,
    "process_features_model_5_multimer_v3_pred_0": 5.4836273193359375e-06,
    "predict_and_compile_model_5_multimer_v3_pred_0": 492.1945254802704,
    "relax_model_5_multimer_v3_pred_0": 430.1499922275543
}