{
    "iptm+ptm": {
        "model_1_multimer_v3_pred_0": 0.6215789282585429,
        "model_2_multimer_v3_pred_0": 0.6869037454543625,
        "model_3_multimer_v3_pred_0": 0.6595155566432893,
        "model_4_multimer_v3_pred_0": 0.6764011965364863,
        "model_5_multimer_v3_pred_0": 0.6151519643204202
    },
    "order": [
        "model_2_multimer_v3_pred_0",
        "model_4_multimer_v3_pred_0",
        "model_3_multimer_v3_pred_0",
        "model_1_multimer_v3_pred_0",
        "model_5_multimer_v3_pred_0"
    ]
}