{
    "features": 163.58412837982178,
    "process_features_model_1_multimer_v3_pred_0": 9.059906005859375e-06,
    "predict_and_compile_model_1_multimer_v3_pred_0": 739.8855829238892,
    "relax_model_1_multimer_v3_pred_0": 267.3586039543152,
    "process_features_model_2_multimer_v3_pred_0": 5.4836273193359375e-06,
    "predict_and_compile_model_2_multimer_v3_pred_0": 1674.5049107074738,
    "relax_model_2_multimer_v3_pred_0": 696.0296359062195,
    "process_features_model_3_multimer_v3_pred_0": 2.7894973754882812e-05,
    "predict_and_compile_model_3_multimer_v3_pred_0": 680.9022045135498,
    "relax_model_3_multimer_v3_pred_0": 666.9385282993317,
    "process_features_model_4_multimer_v3_pred_0": 6.9141387939453125e-06,
    "predict_and_compile_model_4_multimer_v3_pred_0": 802.8587625026703,
    "relax_model_4_multimer_v3_pred_0": 900.3725259304047,
    "process_features_model_5_multimer_v3_pred_0": 6.127357482910156e-05,
    "predict_and_compile_model_5_multimer_v3_pred_0": 592.4272978305817,
    "relax_model_5_multimer_v3_pred_0": 741.690256357193
}