{
    "iptm+ptm": {
        "model_1_multimer_v3_pred_0": 0.7054089948970874,
        "model_2_multimer_v3_pred_0": 0.7100404888026968,
        "model_3_multimer_v3_pred_0": 0.6898068095950685,
        "model_4_multimer_v3_pred_0": 0.6787811585485994,
        "model_5_multimer_v3_pred_0": 0.7128445137188567
    },
    "order": [
        "model_5_multimer_v3_pred_0",
        "model_2_multimer_v3_pred_0",
        "model_1_multimer_v3_pred_0",
        "model_3_multimer_v3_pred_0",
        "model_4_multimer_v3_pred_0"
    ]
}