{
    "features": 227.93685245513916,
    "process_features_model_1_multimer_v3_pred_0": 1.8596649169921875e-05,
    "predict_and_compile_model_1_multimer_v3_pred_0": 869.5900733470917,
    "relax_model_1_multimer_v3_pred_0": 228.03153586387634,
    "process_features_model_2_multimer_v3_pred_0": 5.4836273193359375e-06,
    "predict_and_compile_model_2_multimer_v3_pred_0": 843.1366667747498,
    "relax_model_2_multimer_v3_pred_0": 722.0078344345093,
    "process_features_model_3_multimer_v3_pred_0": 8.344650268554688e-06,
    "predict_and_compile_model_3_multimer_v3_pred_0": 1478.4053754806519,
    "relax_model_3_multimer_v3_pred_0": 1042.8399307727814,
    "process_features_model_4_multimer_v3_pred_0": 5.7220458984375e-06,
    "predict_and_compile_model_4_multimer_v3_pred_0": 1472.3881962299347,
    "relax_model_4_multimer_v3_pred_0": 375.7797043323517,
    "process_features_model_5_multimer_v3_pred_0": 4.76837158203125e-06,
    "predict_and_compile_model_5_multimer_v3_pred_0": 1459.43492603302,
    "relax_model_5_multimer_v3_pred_0": 173.037358045578
}