{
    "iptm+ptm": {
        "model_1_multimer_v3_pred_0": 0.6683080817453639,
        "model_2_multimer_v3_pred_0": 0.7135173283865008,
        "model_3_multimer_v3_pred_0": 0.713839188452308,
        "model_4_multimer_v3_pred_0": 0.7184897270051648,
        "model_5_multimer_v3_pred_0": 0.7232955437798023
    },
    "order": [
        "model_5_multimer_v3_pred_0",
        "model_4_multimer_v3_pred_0",
        "model_3_multimer_v3_pred_0",
        "model_2_multimer_v3_pred_0",
        "model_1_multimer_v3_pred_0"
    ]
}