{
    "features": 151.06654906272888,
    "process_features_model_1_multimer_v3_pred_0": 9.775161743164062e-06,
    "predict_and_compile_model_1_multimer_v3_pred_0": 552.805778503418,
    "relax_model_1_multimer_v3_pred_0": 360.39206409454346,
    "process_features_model_2_multimer_v3_pred_0": 1.2874603271484375e-05,
    "predict_and_compile_model_2_multimer_v3_pred_0": 409.3263826370239,
    "relax_model_2_multimer_v3_pred_0": 277.463250875473,
    "process_features_model_3_multimer_v3_pred_0": 1.2159347534179688e-05,
    "predict_and_compile_model_3_multimer_v3_pred_0": 481.665771484375,
    "relax_model_3_multimer_v3_pred_0": 217.57796502113342,
    "process_features_model_4_multimer_v3_pred_0": 1.7404556274414062e-05,
    "predict_and_compile_model_4_multimer_v3_pred_0": 473.4477345943451,
    "relax_model_4_multimer_v3_pred_0": 454.26278805732727,
    "process_features_model_5_multimer_v3_pred_0": 2.47955322265625e-05,
    "predict_and_compile_model_5_multimer_v3_pred_0": 402.3864061832428,
    "relax_model_5_multimer_v3_pred_0": 490.5667893886566
}