{
    "iptm+ptm": {
        "model_1_multimer_v3_pred_0": 0.6322122360253739,
        "model_2_multimer_v3_pred_0": 0.6984381097188417,
        "model_3_multimer_v3_pred_0": 0.6840192865442712,
        "model_4_multimer_v3_pred_0": 0.6271627340393235,
        "model_5_multimer_v3_pred_0": 0.6489587307610061
    },
    "order": [
        "model_2_multimer_v3_pred_0",
        "model_3_multimer_v3_pred_0",
        "model_5_multimer_v3_pred_0",
        "model_1_multimer_v3_pred_0",
        "model_4_multimer_v3_pred_0"
    ]
}