{
    "features": 764.331013917923,
    "process_features_model_1_multimer_v3_pred_0": 1.0728836059570312e-05,
    "predict_and_compile_model_1_multimer_v3_pred_0": 1693.7313277721405,
    "relax_model_1_multimer_v3_pred_0": 735.7769856452942,
    "process_features_model_2_multimer_v3_pred_0": 5.245208740234375e-06,
    "predict_and_compile_model_2_multimer_v3_pred_0": 1317.5018467903137,
    "relax_model_2_multimer_v3_pred_0": 706.2505848407745,
    "process_features_model_3_multimer_v3_pred_0": 5.4836273193359375e-06,
    "predict_and_compile_model_3_multimer_v3_pred_0": 1535.4516365528107,
    "relax_model_3_multimer_v3_pred_0": 497.478502035141,
    "process_features_model_4_multimer_v3_pred_0": 5.245208740234375e-06,
    "predict_and_compile_model_4_multimer_v3_pred_0": 1654.2006976604462,
    "relax_model_4_multimer_v3_pred_0": 494.32872915267944,
    "process_features_model_5_multimer_v3_pred_0": 7.62939453125e-06,
    "predict_and_compile_model_5_multimer_v3_pred_0": 1322.111379623413,
    "relax_model_5_multimer_v3_pred_0": 522.5466265678406
}