{
    "iptm+ptm": {
        "model_1_multimer_v3_pred_0": 0.7301501192229419,
        "model_2_multimer_v3_pred_0": 0.7250064829982185,
        "model_3_multimer_v3_pred_0": 0.7702405445725884,
        "model_4_multimer_v3_pred_0": 0.7788655971570194,
        "model_5_multimer_v3_pred_0": 0.7558163767123816
    },
    "order": [
        "model_4_multimer_v3_pred_0",
        "model_3_multimer_v3_pred_0",
        "model_5_multimer_v3_pred_0",
        "model_1_multimer_v3_pred_0",
        "model_2_multimer_v3_pred_0"
    ]
}