{
    "features": 183.44902205467224,
    "process_features_model_1_multimer_v3_pred_0": 1.4543533325195312e-05,
    "predict_and_compile_model_1_multimer_v3_pred_0": 1407.7125935554504,
    "relax_model_1_multimer_v3_pred_0": 194.18534421920776,
    "process_features_model_2_multimer_v3_pred_0": 5.7220458984375e-06,
    "predict_and_compile_model_2_multimer_v3_pred_0": 1427.7299871444702,
    "relax_model_2_multimer_v3_pred_0": 624.0816249847412,
    "process_features_model_3_multimer_v3_pred_0": 2.5033950805664062e-05,
    "predict_and_compile_model_3_multimer_v3_pred_0": 1440.6754684448242,
    "relax_model_3_multimer_v3_pred_0": 231.28478932380676,
    "process_features_model_4_multimer_v3_pred_0": 5.4836273193359375e-06,
    "predict_and_compile_model_4_multimer_v3_pred_0": 1411.6460103988647,
    "relax_model_4_multimer_v3_pred_0": 319.8234701156616,
    "process_features_model_5_multimer_v3_pred_0": 5.0067901611328125e-06,
    "predict_and_compile_model_5_multimer_v3_pred_0": 1404.119479894638,
    "relax_model_5_multimer_v3_pred_0": 375.2284634113312
}