{
    "iptm+ptm": {
        "model_1_multimer_v3_pred_0": 0.4913411306329789,
        "model_2_multimer_v3_pred_0": 0.5855714908778726,
        "model_3_multimer_v3_pred_0": 0.49519355926534114,
        "model_4_multimer_v3_pred_0": 0.6628395975623744,
        "model_5_multimer_v3_pred_0": 0.5278426980176796
    },
    "order": [
        "model_4_multimer_v3_pred_0",
        "model_2_multimer_v3_pred_0",
        "model_5_multimer_v3_pred_0",
        "model_3_multimer_v3_pred_0",
        "model_1_multimer_v3_pred_0"
    ]
}