{
    "features": 251.7183792591095,
    "process_features_model_1_multimer_v3_pred_0": 1.0251998901367188e-05,
    "predict_and_compile_model_1_multimer_v3_pred_0": 1656.2493398189545,
    "relax_model_1_multimer_v3_pred_0": 298.6888015270233,
    "process_features_model_2_multimer_v3_pred_0": 4.76837158203125e-06,
    "predict_and_compile_model_2_multimer_v3_pred_0": 786.3855793476105,
    "relax_model_2_multimer_v3_pred_0": 299.71705436706543,
    "process_features_model_3_multimer_v3_pred_0": 5.245208740234375e-06,
    "predict_and_compile_model_3_multimer_v3_pred_0": 1218.6563184261322,
    "relax_model_3_multimer_v3_pred_0": 953.8367645740509,
    "process_features_model_4_multimer_v3_pred_0": 5.4836273193359375e-06,
    "predict_and_compile_model_4_multimer_v3_pred_0": 638.8637063503265,
    "relax_model_4_multimer_v3_pred_0": 646.8536577224731,
    "process_features_model_5_multimer_v3_pred_0": 5.4836273193359375e-06,
    "predict_and_compile_model_5_multimer_v3_pred_0": 1268.502197265625,
    "relax_model_5_multimer_v3_pred_0": 505.5620503425598
}