{
    "iptm+ptm": {
        "model_1_multimer_v3_pred_0": 0.7543967795008588,
        "model_2_multimer_v3_pred_0": 0.7488691534535675,
        "model_3_multimer_v3_pred_0": 0.7736488673490756,
        "model_4_multimer_v3_pred_0": 0.7582132106973554,
        "model_5_multimer_v3_pred_0": 0.7626867788838672
    },
    "order": [
        "model_3_multimer_v3_pred_0",
        "model_5_multimer_v3_pred_0",
        "model_4_multimer_v3_pred_0",
        "model_1_multimer_v3_pred_0",
        "model_2_multimer_v3_pred_0"
    ]
}