{
    "features": 212.22729587554932,
    "process_features_model_1_multimer_v3_pred_0": 3.24249267578125e-05,
    "predict_and_compile_model_1_multimer_v3_pred_0": 981.4684953689575,
    "relax_model_1_multimer_v3_pred_0": 678.6761240959167,
    "process_features_model_2_multimer_v3_pred_0": 3.4809112548828125e-05,
    "predict_and_compile_model_2_multimer_v3_pred_0": 902.4742655754089,
    "relax_model_2_multimer_v3_pred_0": 491.0714964866638,
    "process_features_model_3_multimer_v3_pred_0": 9.298324584960938e-06,
    "predict_and_compile_model_3_multimer_v3_pred_0": 622.2343456745148,
    "relax_model_3_multimer_v3_pred_0": 744.6171791553497,
    "process_features_model_4_multimer_v3_pred_0": 1.1682510375976562e-05,
    "predict_and_compile_model_4_multimer_v3_pred_0": 692.9656472206116,
    "relax_model_4_multimer_v3_pred_0": 783.5410377979279,
    "process_features_model_5_multimer_v3_pred_0": 1.0251998901367188e-05,
    "predict_and_compile_model_5_multimer_v3_pred_0": 561.3988447189331,
    "relax_model_5_multimer_v3_pred_0": 341.57310605049133
}