{
    "iptm+ptm": {
        "model_1_multimer_v3_pred_0": 0.5180344712782217,
        "model_2_multimer_v3_pred_0": 0.84705023715923,
        "model_3_multimer_v3_pred_0": 0.8108951289559038,
        "model_4_multimer_v3_pred_0": 0.8302128685027718,
        "model_5_multimer_v3_pred_0": 0.8186020577782381
    },
    "order": [
        "model_2_multimer_v3_pred_0",
        "model_4_multimer_v3_pred_0",
        "model_5_multimer_v3_pred_0",
        "model_3_multimer_v3_pred_0",
        "model_1_multimer_v3_pred_0"
    ]
}