{
    "features": 172.72569465637207,
    "process_features_model_1_multimer_v3_pred_0": 2.9325485229492188e-05,
    "predict_and_compile_model_1_multimer_v3_pred_0": 447.34517526626587,
    "relax_model_1_multimer_v3_pred_0": 188.09555649757385,
    "process_features_model_2_multimer_v3_pred_0": 1.0967254638671875e-05,
    "predict_and_compile_model_2_multimer_v3_pred_0": 436.10566091537476,
    "relax_model_2_multimer_v3_pred_0": 194.6880989074707,
    "process_features_model_3_multimer_v3_pred_0": 8.821487426757812e-06,
    "predict_and_compile_model_3_multimer_v3_pred_0": 503.1230380535126,
    "relax_model_3_multimer_v3_pred_0": 133.51737141609192,
    "process_features_model_4_multimer_v3_pred_0": 8.344650268554688e-06,
    "predict_and_compile_model_4_multimer_v3_pred_0": 584.5834484100342,
    "relax_model_4_multimer_v3_pred_0": 184.78235745429993,
    "process_features_model_5_multimer_v3_pred_0": 1.5497207641601562e-05,
    "predict_and_compile_model_5_multimer_v3_pred_0": 454.01775908470154,
    "relax_model_5_multimer_v3_pred_0": 219.9964575767517
}