{
    "iptm+ptm": {
        "model_1_multimer_v3_pred_0": 0.8322716188576045,
        "model_2_multimer_v3_pred_0": 0.8094573433812576,
        "model_3_multimer_v3_pred_0": 0.9049922441832005,
        "model_4_multimer_v3_pred_0": 0.7945997571250288,
        "model_5_multimer_v3_pred_0": 0.9116958388251756
    },
    "order": [
        "model_5_multimer_v3_pred_0",
        "model_3_multimer_v3_pred_0",
        "model_1_multimer_v3_pred_0",
        "model_2_multimer_v3_pred_0",
        "model_4_multimer_v3_pred_0"
    ]
}