{
    "features": 255.3905508518219,
    "process_features_model_1_multimer_v3_pred_0": 4.267692565917969e-05,
    "predict_and_compile_model_1_multimer_v3_pred_0": 1349.3118011951447,
    "relax_model_1_multimer_v3_pred_0": 173.4392282962799,
    "process_features_model_2_multimer_v3_pred_0": 2.6702880859375e-05,
    "predict_and_compile_model_2_multimer_v3_pred_0": 1418.2027397155762,
    "relax_model_2_multimer_v3_pred_0": 280.35856461524963,
    "process_features_model_3_multimer_v3_pred_0": 2.7179718017578125e-05,
    "predict_and_compile_model_3_multimer_v3_pred_0": 647.6475975513458,
    "relax_model_3_multimer_v3_pred_0": 187.3968644142151,
    "process_features_model_4_multimer_v3_pred_0": 2.4557113647460938e-05,
    "predict_and_compile_model_4_multimer_v3_pred_0": 579.841114282608,
    "relax_model_4_multimer_v3_pred_0": 228.4109492301941,
    "process_features_model_5_multimer_v3_pred_0": 2.8371810913085938e-05,
    "predict_and_compile_model_5_multimer_v3_pred_0": 1407.3950824737549,
    "relax_model_5_multimer_v3_pred_0": 300.5686812400818
}