{
    "iptm+ptm": {
        "model_1_multimer_v3_pred_0": 0.7153202259217213,
        "model_2_multimer_v3_pred_0": 0.5918279110046128,
        "model_3_multimer_v3_pred_0": 0.6727423088539191,
        "model_4_multimer_v3_pred_0": 0.6219038106606212,
        "model_5_multimer_v3_pred_0": 0.6693069490561048
    },
    "order": [
        "model_1_multimer_v3_pred_0",
        "model_3_multimer_v3_pred_0",
        "model_5_multimer_v3_pred_0",
        "model_4_multimer_v3_pred_0",
        "model_2_multimer_v3_pred_0"
    ]
}