{
    "features": 203.76073384284973,
    "process_features_model_1_multimer_v3_pred_0": 2.3365020751953125e-05,
    "predict_and_compile_model_1_multimer_v3_pred_0": 1502.0666704177856,
    "relax_model_1_multimer_v3_pred_0": 262.2153606414795,
    "process_features_model_2_multimer_v3_pred_0": 5.245208740234375e-06,
    "predict_and_compile_model_2_multimer_v3_pred_0": 1110.963282585144,
    "relax_model_2_multimer_v3_pred_0": 653.4446341991425,
    "process_features_model_3_multimer_v3_pred_0": 5.0067901611328125e-06,
    "predict_and_compile_model_3_multimer_v3_pred_0": 664.7792935371399,
    "relax_model_3_multimer_v3_pred_0": 656.5964601039886,
    "process_features_model_4_multimer_v3_pred_0": 5.7220458984375e-06,
    "predict_and_compile_model_4_multimer_v3_pred_0": 794.4036827087402,
    "relax_model_4_multimer_v3_pred_0": 485.6990234851837,
    "process_features_model_5_multimer_v3_pred_0": 1.0013580322265625e-05,
    "predict_and_compile_model_5_multimer_v3_pred_0": 1491.1821100711823,
    "relax_model_5_multimer_v3_pred_0": 423.38269543647766
}