{
    "iptm+ptm": {
        "model_1_multimer_v3_pred_0": 0.7719509907696008,
        "model_2_multimer_v3_pred_0": 0.776880815664653,
        "model_3_multimer_v3_pred_0": 0.7786318597973969,
        "model_4_multimer_v3_pred_0": 0.8038709576925731,
        "model_5_multimer_v3_pred_0": 0.8064369005524098
    },
    "order": [
        "model_5_multimer_v3_pred_0",
        "model_4_multimer_v3_pred_0",
        "model_3_multimer_v3_pred_0",
        "model_2_multimer_v3_pred_0",
        "model_1_multimer_v3_pred_0"
    ]
}