{
    "features": 63.03144025802612,
    "process_features_model_1_multimer_v3_pred_0": 1.3589859008789062e-05,
    "predict_and_compile_model_1_multimer_v3_pred_0": 453.47876358032227,
    "relax_model_1_multimer_v3_pred_0": 224.85153722763062,
    "process_features_model_2_multimer_v3_pred_0": 7.3909759521484375e-06,
    "predict_and_compile_model_2_multimer_v3_pred_0": 553.1688015460968,
    "relax_model_2_multimer_v3_pred_0": 198.18331217765808,
    "process_features_model_3_multimer_v3_pred_0": 2.4080276489257812e-05,
    "predict_and_compile_model_3_multimer_v3_pred_0": 572.9492228031158,
    "relax_model_3_multimer_v3_pred_0": 209.08078622817993,
    "process_features_model_4_multimer_v3_pred_0": 1.1682510375976562e-05,
    "predict_and_compile_model_4_multimer_v3_pred_0": 537.3938250541687,
    "relax_model_4_multimer_v3_pred_0": 172.4299795627594,
    "process_features_model_5_multimer_v3_pred_0": 8.106231689453125e-06,
    "predict_and_compile_model_5_multimer_v3_pred_0": 506.74403262138367,
    "relax_model_5_multimer_v3_pred_0": 202.6471230983734
}