{
    "iptm+ptm": {
        "model_1_multimer_v3_pred_0": 0.4598428004510946,
        "model_2_multimer_v3_pred_0": 0.5159933073948579,
        "model_3_multimer_v3_pred_0": 0.5124468272913808,
        "model_4_multimer_v3_pred_0": 0.5500608810499263,
        "model_5_multimer_v3_pred_0": 0.5078663942977454
    },
    "order": [
        "model_4_multimer_v3_pred_0",
        "model_2_multimer_v3_pred_0",
        "model_3_multimer_v3_pred_0",
        "model_5_multimer_v3_pred_0",
        "model_1_multimer_v3_pred_0"
    ]
}