{
    "features": 103.93802380561829,
    "process_features_model_1_multimer_v3_pred_0": 1.0967254638671875e-05,
    "predict_and_compile_model_1_multimer_v3_pred_0": 1514.7195267677307,
    "relax_model_1_multimer_v3_pred_0": 965.2655076980591,
    "process_features_model_2_multimer_v3_pred_0": 5.7220458984375e-06,
    "predict_and_compile_model_2_multimer_v3_pred_0": 1732.8404409885406,
    "relax_model_2_multimer_v3_pred_0": 1198.5180604457855,
    "process_features_model_3_multimer_v3_pred_0": 6.198883056640625e-06,
    "predict_and_compile_model_3_multimer_v3_pred_0": 599.6427373886108,
    "relax_model_3_multimer_v3_pred_0": 1959.4720010757446,
    "process_features_model_4_multimer_v3_pred_0": 6.9141387939453125e-06,
    "predict_and_compile_model_4_multimer_v3_pred_0": 1702.8328776359558,
    "relax_model_4_multimer_v3_pred_0": 1160.3916141986847,
    "process_features_model_5_multimer_v3_pred_0": 5.7220458984375e-06,
    "predict_and_compile_model_5_multimer_v3_pred_0": 1721.2364687919617,
    "relax_model_5_multimer_v3_pred_0": 946.044778585434
}