{
    "iptm+ptm": {
        "model_1_multimer_v3_pred_0": 0.7616240609004866,
        "model_2_multimer_v3_pred_0": 0.793005008793287,
        "model_3_multimer_v3_pred_0": 0.7734325527247927,
        "model_4_multimer_v3_pred_0": 0.7888188442577146,
        "model_5_multimer_v3_pred_0": 0.748209698206494
    },
    "order": [
        "model_2_multimer_v3_pred_0",
        "model_4_multimer_v3_pred_0",
        "model_3_multimer_v3_pred_0",
        "model_1_multimer_v3_pred_0",
        "model_5_multimer_v3_pred_0"
    ]
}