{
    "features": 140.35033679008484,
    "process_features_model_1_multimer_v3_pred_0": 1.4543533325195312e-05,
    "predict_and_compile_model_1_multimer_v3_pred_0": 731.6089286804199,
    "relax_model_1_multimer_v3_pred_0": 176.50625920295715,
    "process_features_model_2_multimer_v3_pred_0": 2.4318695068359375e-05,
    "predict_and_compile_model_2_multimer_v3_pred_0": 1412.148653268814,
    "relax_model_2_multimer_v3_pred_0": 296.93882608413696,
    "process_features_model_3_multimer_v3_pred_0": 2.09808349609375e-05,
    "predict_and_compile_model_3_multimer_v3_pred_0": 598.6628189086914,
    "relax_model_3_multimer_v3_pred_0": 207.28093338012695,
    "process_features_model_4_multimer_v3_pred_0": 1.3589859008789062e-05,
    "predict_and_compile_model_4_multimer_v3_pred_0": 1695.6439805030823,
    "relax_model_4_multimer_v3_pred_0": 222.39827966690063,
    "process_features_model_5_multimer_v3_pred_0": 9.775161743164062e-06,
    "predict_and_compile_model_5_multimer_v3_pred_0": 1653.8612949848175,
    "relax_model_5_multimer_v3_pred_0": 503.8595197200775
}