{
    "iptm+ptm": {
        "model_1_multimer_v3_pred_0": 0.6810907238961914,
        "model_2_multimer_v3_pred_0": 0.7059937724815339,
        "model_3_multimer_v3_pred_0": 0.6627581103026432,
        "model_4_multimer_v3_pred_0": 0.6985233685165874,
        "model_5_multimer_v3_pred_0": 0.6668919797670615
    },
    "order": [
        "model_2_multimer_v3_pred_0",
        "model_4_multimer_v3_pred_0",
        "model_1_multimer_v3_pred_0",
        "model_5_multimer_v3_pred_0",
        "model_3_multimer_v3_pred_0"
    ]
}