{
    "features": 154.57631850242615,
    "process_features_model_1_multimer_v3_pred_0": 3.314018249511719e-05,
    "predict_and_compile_model_1_multimer_v3_pred_0": 568.4059686660767,
    "relax_model_1_multimer_v3_pred_0": 212.84377574920654,
    "process_features_model_2_multimer_v3_pred_0": 1.33514404296875e-05,
    "predict_and_compile_model_2_multimer_v3_pred_0": 445.5559968948364,
    "relax_model_2_multimer_v3_pred_0": 293.49463987350464,
    "process_features_model_3_multimer_v3_pred_0": 8.344650268554688e-06,
    "predict_and_compile_model_3_multimer_v3_pred_0": 538.6599922180176,
    "relax_model_3_multimer_v3_pred_0": 205.64347290992737,
    "process_features_model_4_multimer_v3_pred_0": 1.811981201171875e-05,
    "predict_and_compile_model_4_multimer_v3_pred_0": 398.05367517471313,
    "relax_model_4_multimer_v3_pred_0": 275.3809473514557,
    "process_features_model_5_multimer_v3_pred_0": 9.059906005859375e-06,
    "predict_and_compile_model_5_multimer_v3_pred_0": 468.4421558380127,
    "relax_model_5_multimer_v3_pred_0": 262.24771213531494
}