{
    "iptm+ptm": {
        "model_1_multimer_v3_pred_0": 0.6380384672868225,
        "model_2_multimer_v3_pred_0": 0.8152706303080596,
        "model_3_multimer_v3_pred_0": 0.7919842706190781,
        "model_4_multimer_v3_pred_0": 0.6590160372842861,
        "model_5_multimer_v3_pred_0": 0.7547690844759175
    },
    "order": [
        "model_2_multimer_v3_pred_0",
        "model_3_multimer_v3_pred_0",
        "model_5_multimer_v3_pred_0",
        "model_4_multimer_v3_pred_0",
        "model_1_multimer_v3_pred_0"
    ]
}