{
    "features": 174.56553196907043,
    "process_features_model_1_multimer_v3_pred_0": 9.012222290039062e-05,
    "predict_and_compile_model_1_multimer_v3_pred_0": 1339.818591594696,
    "relax_model_1_multimer_v3_pred_0": 216.473215341568,
    "process_features_model_2_multimer_v3_pred_0": 5.4836273193359375e-06,
    "predict_and_compile_model_2_multimer_v3_pred_0": 1128.4942898750305,
    "relax_model_2_multimer_v3_pred_0": 235.34209275245667,
    "process_features_model_3_multimer_v3_pred_0": 6.9141387939453125e-06,
    "predict_and_compile_model_3_multimer_v3_pred_0": 974.3302342891693,
    "relax_model_3_multimer_v3_pred_0": 274.60998344421387,
    "process_features_model_4_multimer_v3_pred_0": 5.7220458984375e-06,
    "predict_and_compile_model_4_multimer_v3_pred_0": 937.2771949768066,
    "relax_model_4_multimer_v3_pred_0": 197.41018342971802,
    "process_features_model_5_multimer_v3_pred_0": 7.557868957519531e-05,
    "predict_and_compile_model_5_multimer_v3_pred_0": 1341.3245310783386,
    "relax_model_5_multimer_v3_pred_0": 247.8125777244568
}