{
    "iptm+ptm": {
        "model_1_multimer_v3_pred_0": 0.628791210418066,
        "model_2_multimer_v3_pred_0": 0.6623231721539518,
        "model_3_multimer_v3_pred_0": 0.6751234543243909,
        "model_4_multimer_v3_pred_0": 0.656282081529368,
        "model_5_multimer_v3_pred_0": 0.6570451241773424
    },
    "order": [
        "model_3_multimer_v3_pred_0",
        "model_2_multimer_v3_pred_0",
        "model_5_multimer_v3_pred_0",
        "model_4_multimer_v3_pred_0",
        "model_1_multimer_v3_pred_0"
    ]
}