{
    "features": 89.34006953239441,
    "process_features_model_1_multimer_v3_pred_0": 2.2649765014648438e-05,
    "predict_and_compile_model_1_multimer_v3_pred_0": 109.99286317825317,
    "relax_model_1_multimer_v3_pred_0": 358.96446466445923,
    "process_features_model_2_multimer_v3_pred_0": 4.291534423828125e-06,
    "predict_and_compile_model_2_multimer_v3_pred_0": 108.46346426010132,
    "relax_model_2_multimer_v3_pred_0": 381.2712562084198,
    "process_features_model_3_multimer_v3_pred_0": 6.4373016357421875e-06,
    "predict_and_compile_model_3_multimer_v3_pred_0": 109.49543285369873,
    "relax_model_3_multimer_v3_pred_0": 361.07182455062866,
    "process_features_model_4_multimer_v3_pred_0": 7.152557373046875e-06,
    "predict_and_compile_model_4_multimer_v3_pred_0": 106.39257025718689,
    "relax_model_4_multimer_v3_pred_0": 381.6932055950165,
    "process_features_model_5_multimer_v3_pred_0": 7.3909759521484375e-06,
    "predict_and_compile_model_5_multimer_v3_pred_0": 110.30396008491516,
    "relax_model_5_multimer_v3_pred_0": 578.2221381664276
}