{
    "iptm+ptm": {
        "model_1_multimer_v3_pred_0": 0.7535433077708924,
        "model_2_multimer_v3_pred_0": 0.7533243514057925,
        "model_3_multimer_v3_pred_0": 0.7713818105559697,
        "model_4_multimer_v3_pred_0": 0.7521753117190237,
        "model_5_multimer_v3_pred_0": 0.758474375338087
    },
    "order": [
        "model_3_multimer_v3_pred_0",
        "model_5_multimer_v3_pred_0",
        "model_1_multimer_v3_pred_0",
        "model_2_multimer_v3_pred_0",
        "model_4_multimer_v3_pred_0"
    ]
}