{
    "features": 214.75656962394714,
    "process_features_model_1_multimer_v3_pred_0": 2.8371810913085938e-05,
    "predict_and_compile_model_1_multimer_v3_pred_0": 612.3952488899231,
    "relax_model_1_multimer_v3_pred_0": 693.9788255691528,
    "process_features_model_2_multimer_v3_pred_0": 9.775161743164062e-06,
    "predict_and_compile_model_2_multimer_v3_pred_0": 555.699224948883,
    "relax_model_2_multimer_v3_pred_0": 200.06655645370483,
    "process_features_model_3_multimer_v3_pred_0": 6.4373016357421875e-06,
    "predict_and_compile_model_3_multimer_v3_pred_0": 624.1540694236755,
    "relax_model_3_multimer_v3_pred_0": 352.83373498916626,
    "process_features_model_4_multimer_v3_pred_0": 1.239776611328125e-05,
    "predict_and_compile_model_4_multimer_v3_pred_0": 962.3630528450012,
    "relax_model_4_multimer_v3_pred_0": 829.5203194618225,
    "process_features_model_5_multimer_v3_pred_0": 7.867813110351562e-06,
    "predict_and_compile_model_5_multimer_v3_pred_0": 892.421718120575,
    "relax_model_5_multimer_v3_pred_0": 312.6983733177185
}