{
    "iptm+ptm": {
        "model_1_multimer_v3_pred_0": 0.8438676284823008,
        "model_2_multimer_v3_pred_0": 0.8457009163970528,
        "model_3_multimer_v3_pred_0": 0.8431477038285422,
        "model_4_multimer_v3_pred_0": 0.8635490714798877,
        "model_5_multimer_v3_pred_0": 0.8518167502759428
    },
    "order": [
        "model_4_multimer_v3_pred_0",
        "model_5_multimer_v3_pred_0",
        "model_2_multimer_v3_pred_0",
        "model_1_multimer_v3_pred_0",
        "model_3_multimer_v3_pred_0"
    ]
}