{
    "features": 266.64626359939575,
    "process_features_model_1_multimer_v3_pred_0": 9.5367431640625e-06,
    "predict_and_compile_model_1_multimer_v3_pred_0": 1558.899442434311,
    "relax_model_1_multimer_v3_pred_0": 562.2532579898834,
    "process_features_model_2_multimer_v3_pred_0": 2.0503997802734375e-05,
    "predict_and_compile_model_2_multimer_v3_pred_0": 755.014999628067,
    "relax_model_2_multimer_v3_pred_0": 713.3802156448364,
    "process_features_model_3_multimer_v3_pred_0": 1.0013580322265625e-05,
    "predict_and_compile_model_3_multimer_v3_pred_0": 629.5191204547882,
    "relax_model_3_multimer_v3_pred_0": 732.1798567771912,
    "process_features_model_4_multimer_v3_pred_0": 2.193450927734375e-05,
    "predict_and_compile_model_4_multimer_v3_pred_0": 1552.2618198394775,
    "relax_model_4_multimer_v3_pred_0": 272.16051840782166,
    "process_features_model_5_multimer_v3_pred_0": 1.1920928955078125e-05,
    "predict_and_compile_model_5_multimer_v3_pred_0": 675.2705166339874,
    "relax_model_5_multimer_v3_pred_0": 348.06146335601807
}