{
    "iptm+ptm": {
        "model_1_multimer_v3_pred_0": 0.4393467067006599,
        "model_2_multimer_v3_pred_0": 0.469486117704471,
        "model_3_multimer_v3_pred_0": 0.4426596024672443,
        "model_4_multimer_v3_pred_0": 0.4895092487607151,
        "model_5_multimer_v3_pred_0": 0.47838876725531954
    },
    "order": [
        "model_4_multimer_v3_pred_0",
        "model_5_multimer_v3_pred_0",
        "model_2_multimer_v3_pred_0",
        "model_3_multimer_v3_pred_0",
        "model_1_multimer_v3_pred_0"
    ]
}