{
    "features": 155.80437326431274,
    "process_features_model_1_multimer_v3_pred_0": 1.239776611328125e-05,
    "predict_and_compile_model_1_multimer_v3_pred_0": 1433.3669612407684,
    "relax_model_1_multimer_v3_pred_0": 275.4582769870758,
    "process_features_model_2_multimer_v3_pred_0": 6.67572021484375e-06,
    "predict_and_compile_model_2_multimer_v3_pred_0": 1291.8090353012085,
    "relax_model_2_multimer_v3_pred_0": 384.3037097454071,
    "process_features_model_3_multimer_v3_pred_0": 6.4373016357421875e-06,
    "predict_and_compile_model_3_multimer_v3_pred_0": 1106.085692167282,
    "relax_model_3_multimer_v3_pred_0": 814.3675355911255,
    "process_features_model_4_multimer_v3_pred_0": 5.9604644775390625e-06,
    "predict_and_compile_model_4_multimer_v3_pred_0": 1413.3337168693542,
    "relax_model_4_multimer_v3_pred_0": 637.2520468235016,
    "process_features_model_5_multimer_v3_pred_0": 5.7220458984375e-06,
    "predict_and_compile_model_5_multimer_v3_pred_0": 1416.5890064239502,
    "relax_model_5_multimer_v3_pred_0": 612.4840276241302
}