{
    "iptm+ptm": {
        "model_1_multimer_v3_pred_0": 0.7045101851364803,
        "model_2_multimer_v3_pred_0": 0.7020519310992503,
        "model_3_multimer_v3_pred_0": 0.6859412962972535,
        "model_4_multimer_v3_pred_0": 0.6865191245348214,
        "model_5_multimer_v3_pred_0": 0.7118837940481115
    },
    "order": [
        "model_5_multimer_v3_pred_0",
        "model_1_multimer_v3_pred_0",
        "model_2_multimer_v3_pred_0",
        "model_4_multimer_v3_pred_0",
        "model_3_multimer_v3_pred_0"
    ]
}