{
    "features": 179.12903785705566,
    "process_features_model_1_multimer_v3_pred_0": 1.6450881958007812e-05,
    "predict_and_compile_model_1_multimer_v3_pred_0": 714.19864153862,
    "relax_model_1_multimer_v3_pred_0": 235.58798503875732,
    "process_features_model_2_multimer_v3_pred_0": 7.152557373046875e-06,
    "predict_and_compile_model_2_multimer_v3_pred_0": 760.996340751648,
    "relax_model_2_multimer_v3_pred_0": 583.5287618637085,
    "process_features_model_3_multimer_v3_pred_0": 5.7220458984375e-06,
    "predict_and_compile_model_3_multimer_v3_pred_0": 728.3549308776855,
    "relax_model_3_multimer_v3_pred_0": 764.9988615512848,
    "process_features_model_4_multimer_v3_pred_0": 7.3909759521484375e-06,
    "predict_and_compile_model_4_multimer_v3_pred_0": 882.7879147529602,
    "relax_model_4_multimer_v3_pred_0": 797.147926568985,
    "process_features_model_5_multimer_v3_pred_0": 5.245208740234375e-06,
    "predict_and_compile_model_5_multimer_v3_pred_0": 1483.7357530593872,
    "relax_model_5_multimer_v3_pred_0": 579.6570971012115
}