{
    "iptm+ptm": {
        "model_1_multimer_v3_pred_0": 0.859692205393273,
        "model_2_multimer_v3_pred_0": 0.8608730699125229,
        "model_3_multimer_v3_pred_0": 0.8846945201161233,
        "model_4_multimer_v3_pred_0": 0.8749688711676044,
        "model_5_multimer_v3_pred_0": 0.8827984978598862
    },
    "order": [
        "model_3_multimer_v3_pred_0",
        "model_5_multimer_v3_pred_0",
        "model_4_multimer_v3_pred_0",
        "model_2_multimer_v3_pred_0",
        "model_1_multimer_v3_pred_0"
    ]
}