{
    "features": 154.04158401489258,
    "process_features_model_1_multimer_v3_pred_0": 3.361701965332031e-05,
    "predict_and_compile_model_1_multimer_v3_pred_0": 606.6979358196259,
    "relax_model_1_multimer_v3_pred_0": 325.0659852027893,
    "process_features_model_2_multimer_v3_pred_0": 5.4836273193359375e-06,
    "predict_and_compile_model_2_multimer_v3_pred_0": 390.4646005630493,
    "relax_model_2_multimer_v3_pred_0": 193.32448506355286,
    "process_features_model_3_multimer_v3_pred_0": 5.7220458984375e-06,
    "predict_and_compile_model_3_multimer_v3_pred_0": 498.851687669754,
    "relax_model_3_multimer_v3_pred_0": 475.33181285858154,
    "process_features_model_4_multimer_v3_pred_0": 4.5299530029296875e-06,
    "predict_and_compile_model_4_multimer_v3_pred_0": 957.5443756580353,
    "relax_model_4_multimer_v3_pred_0": 150.82982635498047,
    "process_features_model_5_multimer_v3_pred_0": 5.0067901611328125e-06,
    "predict_and_compile_model_5_multimer_v3_pred_0": 622.0891933441162,
    "relax_model_5_multimer_v3_pred_0": 188.4242799282074
}