{
    "iptm+ptm": {
        "model_1_multimer_v3_pred_0": 0.5252934503340306,
        "model_2_multimer_v3_pred_0": 0.4872181559948907,
        "model_3_multimer_v3_pred_0": 0.5322382795224699,
        "model_4_multimer_v3_pred_0": 0.5315214553457913,
        "model_5_multimer_v3_pred_0": 0.5345984320014769
    },
    "order": [
        "model_5_multimer_v3_pred_0",
        "model_3_multimer_v3_pred_0",
        "model_4_multimer_v3_pred_0",
        "model_1_multimer_v3_pred_0",
        "model_2_multimer_v3_pred_0"
    ]
}