{
    "features": 319.00208806991577,
    "process_features_model_1_multimer_v3_pred_0": 1.4781951904296875e-05,
    "predict_and_compile_model_1_multimer_v3_pred_0": 696.5506594181061,
    "relax_model_1_multimer_v3_pred_0": 321.1819143295288,
    "process_features_model_2_multimer_v3_pred_0": 7.3909759521484375e-06,
    "predict_and_compile_model_2_multimer_v3_pred_0": 656.0353455543518,
    "relax_model_2_multimer_v3_pred_0": 296.00630617141724,
    "process_features_model_3_multimer_v3_pred_0": 5.4836273193359375e-06,
    "predict_and_compile_model_3_multimer_v3_pred_0": 1678.7464666366577,
    "relax_model_3_multimer_v3_pred_0": 300.2359867095947,
    "process_features_model_4_multimer_v3_pred_0": 5.245208740234375e-06,
    "predict_and_compile_model_4_multimer_v3_pred_0": 1629.2324373722076,
    "relax_model_4_multimer_v3_pred_0": 345.0576527118683,
    "process_features_model_5_multimer_v3_pred_0": 5.9604644775390625e-06,
    "predict_and_compile_model_5_multimer_v3_pred_0": 1093.360756635666,
    "relax_model_5_multimer_v3_pred_0": 393.4508981704712
}