{
    "iptm+ptm": {
        "model_1_multimer_v3_pred_0": 0.6418629715780124,
        "model_2_multimer_v3_pred_0": 0.6466728200839121,
        "model_3_multimer_v3_pred_0": 0.6815422918020585,
        "model_4_multimer_v3_pred_0": 0.7229987467240419,
        "model_5_multimer_v3_pred_0": 0.6795811922825474
    },
    "order": [
        "model_4_multimer_v3_pred_0",
        "model_3_multimer_v3_pred_0",
        "model_5_multimer_v3_pred_0",
        "model_2_multimer_v3_pred_0",
        "model_1_multimer_v3_pred_0"
    ]
}