{
    "features": 241.70223093032837,
    "process_features_model_1_multimer_v3_pred_0": 2.002716064453125e-05,
    "predict_and_compile_model_1_multimer_v3_pred_0": 1983.5240035057068,
    "relax_model_1_multimer_v3_pred_0": 1290.645509004593,
    "process_features_model_2_multimer_v3_pred_0": 1.0251998901367188e-05,
    "predict_and_compile_model_2_multimer_v3_pred_0": 1993.3678801059723,
    "relax_model_2_multimer_v3_pred_0": 1295.5771505832672,
    "process_features_model_3_multimer_v3_pred_0": 2.0503997802734375e-05,
    "predict_and_compile_model_3_multimer_v3_pred_0": 1991.4490151405334,
    "relax_model_3_multimer_v3_pred_0": 904.3383643627167,
    "process_features_model_4_multimer_v3_pred_0": 8.106231689453125e-06,
    "predict_and_compile_model_4_multimer_v3_pred_0": 1940.8781654834747,
    "relax_model_4_multimer_v3_pred_0": 1438.607059955597,
    "process_features_model_5_multimer_v3_pred_0": 1.2159347534179688e-05,
    "predict_and_compile_model_5_multimer_v3_pred_0": 1939.3961310386658,
    "relax_model_5_multimer_v3_pred_0": 419.55580282211304
}