{
    "iptm+ptm": {
        "model_1_multimer_v3_pred_0": 0.8349087586597854,
        "model_2_multimer_v3_pred_0": 0.8279938147965688,
        "model_3_multimer_v3_pred_0": 0.675861534726099,
        "model_4_multimer_v3_pred_0": 0.8325515745822697,
        "model_5_multimer_v3_pred_0": 0.8537231661170994
    },
    "order": [
        "model_5_multimer_v3_pred_0",
        "model_1_multimer_v3_pred_0",
        "model_4_multimer_v3_pred_0",
        "model_2_multimer_v3_pred_0",
        "model_3_multimer_v3_pred_0"
    ]
}