{
    "features": 207.63877367973328,
    "process_features_model_1_multimer_v3_pred_0": 3.1948089599609375e-05,
    "predict_and_compile_model_1_multimer_v3_pred_0": 1377.6194067001343,
    "relax_model_1_multimer_v3_pred_0": 233.80098128318787,
    "process_features_model_2_multimer_v3_pred_0": 6.67572021484375e-06,
    "predict_and_compile_model_2_multimer_v3_pred_0": 1085.1741390228271,
    "relax_model_2_multimer_v3_pred_0": 335.5472402572632,
    "process_features_model_3_multimer_v3_pred_0": 1.430511474609375e-05,
    "predict_and_compile_model_3_multimer_v3_pred_0": 1388.641615152359,
    "relax_model_3_multimer_v3_pred_0": 461.0351417064667,
    "process_features_model_4_multimer_v3_pred_0": 5.7220458984375e-06,
    "predict_and_compile_model_4_multimer_v3_pred_0": 725.9145021438599,
    "relax_model_4_multimer_v3_pred_0": 421.9082314968109,
    "process_features_model_5_multimer_v3_pred_0": 5.0067901611328125e-06,
    "predict_and_compile_model_5_multimer_v3_pred_0": 1056.7512774467468,
    "relax_model_5_multimer_v3_pred_0": 225.60394835472107
}