{
    "iptm+ptm": {
        "model_1_multimer_v3_pred_0": 0.8590689684939821,
        "model_2_multimer_v3_pred_0": 0.8635775349588938,
        "model_3_multimer_v3_pred_0": 0.8604799157505479,
        "model_4_multimer_v3_pred_0": 0.8625888376078102,
        "model_5_multimer_v3_pred_0": 0.8716020406310867
    },
    "order": [
        "model_5_multimer_v3_pred_0",
        "model_2_multimer_v3_pred_0",
        "model_4_multimer_v3_pred_0",
        "model_3_multimer_v3_pred_0",
        "model_1_multimer_v3_pred_0"
    ]
}