{
    "features": 139.73301124572754,
    "process_features_model_1_multimer_v3_pred_0": 1.1682510375976562e-05,
    "predict_and_compile_model_1_multimer_v3_pred_0": 576.3953940868378,
    "relax_model_1_multimer_v3_pred_0": 289.1949815750122,
    "process_features_model_2_multimer_v3_pred_0": 9.775161743164062e-06,
    "predict_and_compile_model_2_multimer_v3_pred_0": 512.3529939651489,
    "relax_model_2_multimer_v3_pred_0": 244.25143933296204,
    "process_features_model_3_multimer_v3_pred_0": 9.059906005859375e-06,
    "predict_and_compile_model_3_multimer_v3_pred_0": 1653.9662606716156,
    "relax_model_3_multimer_v3_pred_0": 312.138733625412,
    "process_features_model_4_multimer_v3_pred_0": 1.33514404296875e-05,
    "predict_and_compile_model_4_multimer_v3_pred_0": 851.3159239292145,
    "relax_model_4_multimer_v3_pred_0": 406.45576548576355,
    "process_features_model_5_multimer_v3_pred_0": 9.298324584960938e-06,
    "predict_and_compile_model_5_multimer_v3_pred_0": 839.9233341217041,
    "relax_model_5_multimer_v3_pred_0": 347.80343747138977
}