{
    "iptm+ptm": {
        "model_1_multimer_v3_pred_0": 0.7678795729269681,
        "model_2_multimer_v3_pred_0": 0.3617776192431989,
        "model_3_multimer_v3_pred_0": 0.821363678273302,
        "model_4_multimer_v3_pred_0": 0.7814130786499766,
        "model_5_multimer_v3_pred_0": 0.6829531294889082
    },
    "order": [
        "model_3_multimer_v3_pred_0",
        "model_4_multimer_v3_pred_0",
        "model_1_multimer_v3_pred_0",
        "model_5_multimer_v3_pred_0",
        "model_2_multimer_v3_pred_0"
    ]
}