{
    "features": 168.68919110298157,
    "process_features_model_1_multimer_v3_pred_0": 2.4080276489257812e-05,
    "predict_and_compile_model_1_multimer_v3_pred_0": 617.7636971473694,
    "relax_model_1_multimer_v3_pred_0": 383.1021282672882,
    "process_features_model_2_multimer_v3_pred_0": 7.152557373046875e-06,
    "predict_and_compile_model_2_multimer_v3_pred_0": 483.93230724334717,
    "relax_model_2_multimer_v3_pred_0": 387.6501522064209,
    "process_features_model_3_multimer_v3_pred_0": 5.245208740234375e-06,
    "predict_and_compile_model_3_multimer_v3_pred_0": 500.21025037765503,
    "relax_model_3_multimer_v3_pred_0": 324.69775581359863,
    "process_features_model_4_multimer_v3_pred_0": 7.867813110351562e-06,
    "predict_and_compile_model_4_multimer_v3_pred_0": 612.5733890533447,
    "relax_model_4_multimer_v3_pred_0": 293.6958963871002,
    "process_features_model_5_multimer_v3_pred_0": 5.7220458984375e-06,
    "predict_and_compile_model_5_multimer_v3_pred_0": 471.9352605342865,
    "relax_model_5_multimer_v3_pred_0": 344.89226365089417
}