{
    "iptm+ptm": {
        "model_1_multimer_v3_pred_0": 0.7463852339648603,
        "model_2_multimer_v3_pred_0": 0.7382953580845839,
        "model_3_multimer_v3_pred_0": 0.8034946063813194,
        "model_4_multimer_v3_pred_0": 0.7617526870915902,
        "model_5_multimer_v3_pred_0": 0.7720024599419203
    },
    "order": [
        "model_3_multimer_v3_pred_0",
        "model_5_multimer_v3_pred_0",
        "model_4_multimer_v3_pred_0",
        "model_1_multimer_v3_pred_0",
        "model_2_multimer_v3_pred_0"
    ]
}