{
    "features": 177.44773292541504,
    "process_features_model_1_multimer_v3_pred_0": 1.0013580322265625e-05,
    "predict_and_compile_model_1_multimer_v3_pred_0": 1628.0465779304504,
    "relax_model_1_multimer_v3_pred_0": 801.1116344928741,
    "process_features_model_2_multimer_v3_pred_0": 9.059906005859375e-06,
    "predict_and_compile_model_2_multimer_v3_pred_0": 1646.0381572246552,
    "relax_model_2_multimer_v3_pred_0": 829.0454564094543,
    "process_features_model_3_multimer_v3_pred_0": 7.82012939453125e-05,
    "predict_and_compile_model_3_multimer_v3_pred_0": 777.6618809700012,
    "relax_model_3_multimer_v3_pred_0": 710.2902135848999,
    "process_features_model_4_multimer_v3_pred_0": 5.9604644775390625e-06,
    "predict_and_compile_model_4_multimer_v3_pred_0": 944.9853613376617,
    "relax_model_4_multimer_v3_pred_0": 610.1026511192322,
    "process_features_model_5_multimer_v3_pred_0": 5.0067901611328125e-06,
    "predict_and_compile_model_5_multimer_v3_pred_0": 1019.4923706054688,
    "relax_model_5_multimer_v3_pred_0": 834.7169578075409
}