{
    "iptm+ptm": {
        "model_1_multimer_v3_pred_0": 0.43581818595424815,
        "model_2_multimer_v3_pred_0": 0.548328026919362,
        "model_3_multimer_v3_pred_0": 0.55152061637786,
        "model_4_multimer_v3_pred_0": 0.48770127249178297,
        "model_5_multimer_v3_pred_0": 0.5494514575275606
    },
    "order": [
        "model_3_multimer_v3_pred_0",
        "model_5_multimer_v3_pred_0",
        "model_2_multimer_v3_pred_0",
        "model_4_multimer_v3_pred_0",
        "model_1_multimer_v3_pred_0"
    ]
}