{
    "features": 277.97889971733093,
    "process_features_model_1_multimer_v3_pred_0": 3.2901763916015625e-05,
    "predict_and_compile_model_1_multimer_v3_pred_0": 496.1059219837189,
    "relax_model_1_multimer_v3_pred_0": 213.22963666915894,
    "process_features_model_2_multimer_v3_pred_0": 2.4080276489257812e-05,
    "predict_and_compile_model_2_multimer_v3_pred_0": 490.5398700237274,
    "relax_model_2_multimer_v3_pred_0": 193.01034283638,
    "process_features_model_3_multimer_v3_pred_0": 1.52587890625e-05,
    "predict_and_compile_model_3_multimer_v3_pred_0": 427.68610525131226,
    "relax_model_3_multimer_v3_pred_0": 324.02286195755005,
    "process_features_model_4_multimer_v3_pred_0": 2.765655517578125e-05,
    "predict_and_compile_model_4_multimer_v3_pred_0": 1055.6074650287628,
    "relax_model_4_multimer_v3_pred_0": 290.5447964668274,
    "process_features_model_5_multimer_v3_pred_0": 1.0728836059570312e-05,
    "predict_and_compile_model_5_multimer_v3_pred_0": 534.0887236595154,
    "relax_model_5_multimer_v3_pred_0": 136.4519908428192
}