{
    "iptm+ptm": {
        "model_1_multimer_v3_pred_0": 0.3611352187442117,
        "model_2_multimer_v3_pred_0": 0.3858727987251059,
        "model_3_multimer_v3_pred_0": 0.4058545865992146,
        "model_4_multimer_v3_pred_0": 0.46617512969466024,
        "model_5_multimer_v3_pred_0": 0.4127528395298419
    },
    "order": [
        "model_4_multimer_v3_pred_0",
        "model_5_multimer_v3_pred_0",
        "model_3_multimer_v3_pred_0",
        "model_2_multimer_v3_pred_0",
        "model_1_multimer_v3_pred_0"
    ]
}