{
    "features": 256.1145873069763,
    "process_features_model_1_multimer_v3_pred_0": 1.1682510375976562e-05,
    "predict_and_compile_model_1_multimer_v3_pred_0": 1454.6967170238495,
    "relax_model_1_multimer_v3_pred_0": 587.884920835495,
    "process_features_model_2_multimer_v3_pred_0": 6.4373016357421875e-06,
    "predict_and_compile_model_2_multimer_v3_pred_0": 949.5758693218231,
    "relax_model_2_multimer_v3_pred_0": 458.2303988933563,
    "process_features_model_3_multimer_v3_pred_0": 5.4836273193359375e-06,
    "predict_and_compile_model_3_multimer_v3_pred_0": 444.81910252571106,
    "relax_model_3_multimer_v3_pred_0": 401.60515570640564,
    "process_features_model_4_multimer_v3_pred_0": 5.9604644775390625e-06,
    "predict_and_compile_model_4_multimer_v3_pred_0": 1410.702666759491,
    "relax_model_4_multimer_v3_pred_0": 231.46823573112488,
    "process_features_model_5_multimer_v3_pred_0": 5.0067901611328125e-06,
    "predict_and_compile_model_5_multimer_v3_pred_0": 1349.1925013065338,
    "relax_model_5_multimer_v3_pred_0": 395.6499845981598
}