{
    "iptm+ptm": {
        "model_1_multimer_v3_pred_0": 0.8021292287823831,
        "model_2_multimer_v3_pred_0": 0.7929754870894716,
        "model_3_multimer_v3_pred_0": 0.7989780093444523,
        "model_4_multimer_v3_pred_0": 0.7613919050939906,
        "model_5_multimer_v3_pred_0": 0.8046512291537511
    },
    "order": [
        "model_5_multimer_v3_pred_0",
        "model_1_multimer_v3_pred_0",
        "model_3_multimer_v3_pred_0",
        "model_2_multimer_v3_pred_0",
        "model_4_multimer_v3_pred_0"
    ]
}