{
    "features": 298.8183138370514,
    "process_features_model_1_multimer_v3_pred_0": 1.0013580322265625e-05,
    "predict_and_compile_model_1_multimer_v3_pred_0": 1668.2559020519257,
    "relax_model_1_multimer_v3_pred_0": 768.6286702156067,
    "process_features_model_2_multimer_v3_pred_0": 5.4836273193359375e-06,
    "predict_and_compile_model_2_multimer_v3_pred_0": 1064.7866787910461,
    "relax_model_2_multimer_v3_pred_0": 640.135258436203,
    "process_features_model_3_multimer_v3_pred_0": 3.790855407714844e-05,
    "predict_and_compile_model_3_multimer_v3_pred_0": 723.143590927124,
    "relax_model_3_multimer_v3_pred_0": 661.9647648334503,
    "process_features_model_4_multimer_v3_pred_0": 2.193450927734375e-05,
    "predict_and_compile_model_4_multimer_v3_pred_0": 1177.9722344875336,
    "relax_model_4_multimer_v3_pred_0": 941.3679473400116,
    "process_features_model_5_multimer_v3_pred_0": 4.76837158203125e-06,
    "predict_and_compile_model_5_multimer_v3_pred_0": 1585.9661614894867,
    "relax_model_5_multimer_v3_pred_0": 857.0743381977081
}