{
    "iptm+ptm": {
        "model_1_multimer_v3_pred_0": 0.5992714198354514,
        "model_2_multimer_v3_pred_0": 0.619228858369956,
        "model_3_multimer_v3_pred_0": 0.6367252874748229,
        "model_4_multimer_v3_pred_0": 0.6355250912850301,
        "model_5_multimer_v3_pred_0": 0.6166081359111837
    },
    "order": [
        "model_3_multimer_v3_pred_0",
        "model_4_multimer_v3_pred_0",
        "model_2_multimer_v3_pred_0",
        "model_5_multimer_v3_pred_0",
        "model_1_multimer_v3_pred_0"
    ]
}