{
    "features": 184.035413980484,
    "process_features_model_1_multimer_v3_pred_0": 2.384185791015625e-05,
    "predict_and_compile_model_1_multimer_v3_pred_0": 767.2243309020996,
    "relax_model_1_multimer_v3_pred_0": 230.89916682243347,
    "process_features_model_2_multimer_v3_pred_0": 5.0067901611328125e-06,
    "predict_and_compile_model_2_multimer_v3_pred_0": 475.9751567840576,
    "relax_model_2_multimer_v3_pred_0": 151.95635843276978,
    "process_features_model_3_multimer_v3_pred_0": 6.198883056640625e-06,
    "predict_and_compile_model_3_multimer_v3_pred_0": 711.0202946662903,
    "relax_model_3_multimer_v3_pred_0": 281.38348293304443,
    "process_features_model_4_multimer_v3_pred_0": 6.67572021484375e-06,
    "predict_and_compile_model_4_multimer_v3_pred_0": 1293.5438051223755,
    "relax_model_4_multimer_v3_pred_0": 211.6030626296997,
    "process_features_model_5_multimer_v3_pred_0": 1.52587890625e-05,
    "predict_and_compile_model_5_multimer_v3_pred_0": 1315.717458486557,
    "relax_model_5_multimer_v3_pred_0": 262.4460337162018
}