{
    "iptm+ptm": {
        "model_1_multimer_v3_pred_0": 0.8142710673451541,
        "model_2_multimer_v3_pred_0": 0.8140189396272329,
        "model_3_multimer_v3_pred_0": 0.6682729410947874,
        "model_4_multimer_v3_pred_0": 0.7252961393161497,
        "model_5_multimer_v3_pred_0": 0.7749400924803821
    },
    "order": [
        "model_1_multimer_v3_pred_0",
        "model_2_multimer_v3_pred_0",
        "model_5_multimer_v3_pred_0",
        "model_4_multimer_v3_pred_0",
        "model_3_multimer_v3_pred_0"
    ]
}