{
    "features": 125.66810083389282,
    "process_features_model_1_multimer_v3_pred_0": 1.33514404296875e-05,
    "predict_and_compile_model_1_multimer_v3_pred_0": 445.665714263916,
    "relax_model_1_multimer_v3_pred_0": 199.59846138954163,
    "process_features_model_2_multimer_v3_pred_0": 9.059906005859375e-06,
    "predict_and_compile_model_2_multimer_v3_pred_0": 347.0793583393097,
    "relax_model_2_multimer_v3_pred_0": 131.7448809146881,
    "process_features_model_3_multimer_v3_pred_0": 5.245208740234375e-06,
    "predict_and_compile_model_3_multimer_v3_pred_0": 443.2759449481964,
    "relax_model_3_multimer_v3_pred_0": 408.42595648765564,
    "process_features_model_4_multimer_v3_pred_0": 5.0067901611328125e-06,
    "predict_and_compile_model_4_multimer_v3_pred_0": 405.07621145248413,
    "relax_model_4_multimer_v3_pred_0": 180.84350848197937,
    "process_features_model_5_multimer_v3_pred_0": 5.245208740234375e-06,
    "predict_and_compile_model_5_multimer_v3_pred_0": 1157.005591392517,
    "relax_model_5_multimer_v3_pred_0": 210.76652193069458
}