{
    "iptm+ptm": {
        "model_1_multimer_v3_pred_0": 0.8028172926462088,
        "model_2_multimer_v3_pred_0": 0.7740152816436311,
        "model_3_multimer_v3_pred_0": 0.7486898542492533,
        "model_4_multimer_v3_pred_0": 0.7888454319900221,
        "model_5_multimer_v3_pred_0": 0.7827568104159701
    },
    "order": [
        "model_1_multimer_v3_pred_0",
        "model_4_multimer_v3_pred_0",
        "model_5_multimer_v3_pred_0",
        "model_2_multimer_v3_pred_0",
        "model_3_multimer_v3_pred_0"
    ]
}