{
    "features": 214.83585166931152,
    "process_features_model_1_multimer_v3_pred_0": 1.3113021850585938e-05,
    "predict_and_compile_model_1_multimer_v3_pred_0": 1017.2306385040283,
    "relax_model_1_multimer_v3_pred_0": 441.0993661880493,
    "process_features_model_2_multimer_v3_pred_0": 5.0067901611328125e-06,
    "predict_and_compile_model_2_multimer_v3_pred_0": 439.4959170818329,
    "relax_model_2_multimer_v3_pred_0": 304.5020315647125,
    "process_features_model_3_multimer_v3_pred_0": 2.0265579223632812e-05,
    "predict_and_compile_model_3_multimer_v3_pred_0": 843.7520053386688,
    "relax_model_3_multimer_v3_pred_0": 424.2519507408142,
    "process_features_model_4_multimer_v3_pred_0": 2.4318695068359375e-05,
    "predict_and_compile_model_4_multimer_v3_pred_0": 671.9725465774536,
    "relax_model_4_multimer_v3_pred_0": 216.90211391448975,
    "process_features_model_5_multimer_v3_pred_0": 4.291534423828125e-06,
    "predict_and_compile_model_5_multimer_v3_pred_0": 1347.1494760513306,
    "relax_model_5_multimer_v3_pred_0": 316.6119909286499
}