{
    "iptm+ptm": {
        "model_1_multimer_v3_pred_0": 0.8261843668255434,
        "model_2_multimer_v3_pred_0": 0.8301630458499746,
        "model_3_multimer_v3_pred_0": 0.8576611976224637,
        "model_4_multimer_v3_pred_0": 0.8389421661611172,
        "model_5_multimer_v3_pred_0": 0.8318200285368452
    },
    "order": [
        "model_3_multimer_v3_pred_0",
        "model_4_multimer_v3_pred_0",
        "model_5_multimer_v3_pred_0",
        "model_2_multimer_v3_pred_0",
        "model_1_multimer_v3_pred_0"
    ]
}