{
    "features": 299.6415145397186,
    "process_features_model_1_multimer_v3_pred_0": 2.3365020751953125e-05,
    "predict_and_compile_model_1_multimer_v3_pred_0": 684.8252103328705,
    "relax_model_1_multimer_v3_pred_0": 519.8307666778564,
    "process_features_model_2_multimer_v3_pred_0": 6.4373016357421875e-06,
    "predict_and_compile_model_2_multimer_v3_pred_0": 579.4973268508911,
    "relax_model_2_multimer_v3_pred_0": 939.0454041957855,
    "process_features_model_3_multimer_v3_pred_0": 5.245208740234375e-06,
    "predict_and_compile_model_3_multimer_v3_pred_0": 656.8808674812317,
    "relax_model_3_multimer_v3_pred_0": 928.9311707019806,
    "process_features_model_4_multimer_v3_pred_0": 5.245208740234375e-06,
    "predict_and_compile_model_4_multimer_v3_pred_0": 1316.3471186161041,
    "relax_model_4_multimer_v3_pred_0": 798.290593624115,
    "process_features_model_5_multimer_v3_pred_0": 7.62939453125e-06,
    "predict_and_compile_model_5_multimer_v3_pred_0": 937.7588171958923,
    "relax_model_5_multimer_v3_pred_0": 757.8292603492737
}