{
    "iptm+ptm": {
        "model_1_multimer_v3_pred_0": 0.8700638173284638,
        "model_2_multimer_v3_pred_0": 0.6694981992685242,
        "model_3_multimer_v3_pred_0": 0.8682472543548924,
        "model_4_multimer_v3_pred_0": 0.8526408517967389,
        "model_5_multimer_v3_pred_0": 0.8568903031289777
    },
    "order": [
        "model_1_multimer_v3_pred_0",
        "model_3_multimer_v3_pred_0",
        "model_5_multimer_v3_pred_0",
        "model_4_multimer_v3_pred_0",
        "model_2_multimer_v3_pred_0"
    ]
}