{
    "features": 165.58978748321533,
    "process_features_model_1_multimer_v3_pred_0": 3.0517578125e-05,
    "predict_and_compile_model_1_multimer_v3_pred_0": 1349.3210361003876,
    "relax_model_1_multimer_v3_pred_0": 177.77897238731384,
    "process_features_model_2_multimer_v3_pred_0": 6.4373016357421875e-06,
    "predict_and_compile_model_2_multimer_v3_pred_0": 725.4455018043518,
    "relax_model_2_multimer_v3_pred_0": 251.5442488193512,
    "process_features_model_3_multimer_v3_pred_0": 5.7220458984375e-06,
    "predict_and_compile_model_3_multimer_v3_pred_0": 526.7455606460571,
    "relax_model_3_multimer_v3_pred_0": 477.02129793167114,
    "process_features_model_4_multimer_v3_pred_0": 4.76837158203125e-06,
    "predict_and_compile_model_4_multimer_v3_pred_0": 1445.3228616714478,
    "relax_model_4_multimer_v3_pred_0": 237.30985283851624,
    "process_features_model_5_multimer_v3_pred_0": 5.7220458984375e-06,
    "predict_and_compile_model_5_multimer_v3_pred_0": 1080.6899316310883,
    "relax_model_5_multimer_v3_pred_0": 232.50875544548035
}