{
    "iptm+ptm": {
        "model_1_multimer_v3_pred_0": 0.5347392560834348,
        "model_2_multimer_v3_pred_0": 0.521402784100107,
        "model_3_multimer_v3_pred_0": 0.5773937987839203,
        "model_4_multimer_v3_pred_0": 0.5481611514793354,
        "model_5_multimer_v3_pred_0": 0.5888243084763587
    },
    "order": [
        "model_5_multimer_v3_pred_0",
        "model_3_multimer_v3_pred_0",
        "model_4_multimer_v3_pred_0",
        "model_1_multimer_v3_pred_0",
        "model_2_multimer_v3_pred_0"
    ]
}