{
    "features": 312.7938094139099,
    "process_features_model_1_multimer_v3_pred_0": 1.049041748046875e-05,
    "predict_and_compile_model_1_multimer_v3_pred_0": 1715.679890871048,
    "process_features_model_2_multimer_v3_pred_0": 1.0013580322265625e-05,
    "predict_and_compile_model_2_multimer_v3_pred_0": 1719.3668766021729,
    "process_features_model_3_multimer_v3_pred_0": 1.33514404296875e-05,
    "predict_and_compile_model_3_multimer_v3_pred_0": 887.6855113506317,
    "process_features_model_4_multimer_v3_pred_0": 2.9325485229492188e-05,
    "predict_and_compile_model_4_multimer_v3_pred_0": 1708.515916109085,
    "process_features_model_5_multimer_v3_pred_0": 2.384185791015625e-05,
    "predict_and_compile_model_5_multimer_v3_pred_0": 1685.3093173503876
}