{
    "iptm+ptm": {
        "model_1_multimer_v3_pred_0": 0.861174038931425,
        "model_2_multimer_v3_pred_0": 0.8651894373059272,
        "model_3_multimer_v3_pred_0": 0.8485270941245687,
        "model_4_multimer_v3_pred_0": 0.8398400268589137,
        "model_5_multimer_v3_pred_0": 0.8466060915158754
    },
    "order": [
        "model_2_multimer_v3_pred_0",
        "model_1_multimer_v3_pred_0",
        "model_3_multimer_v3_pred_0",
        "model_5_multimer_v3_pred_0",
        "model_4_multimer_v3_pred_0"
    ]
}