{
    "features": 222.70181465148926,
    "process_features_model_1_multimer_v3_pred_0": 1.0013580322265625e-05,
    "predict_and_compile_model_1_multimer_v3_pred_0": 416.69671392440796,
    "relax_model_1_multimer_v3_pred_0": 276.8686566352844,
    "process_features_model_2_multimer_v3_pred_0": 1.1920928955078125e-05,
    "predict_and_compile_model_2_multimer_v3_pred_0": 452.63536190986633,
    "relax_model_2_multimer_v3_pred_0": 252.87015008926392,
    "process_features_model_3_multimer_v3_pred_0": 1.1682510375976562e-05,
    "predict_and_compile_model_3_multimer_v3_pred_0": 456.1406772136688,
    "relax_model_3_multimer_v3_pred_0": 379.2161409854889,
    "process_features_model_4_multimer_v3_pred_0": 2.384185791015625e-05,
    "predict_and_compile_model_4_multimer_v3_pred_0": 392.56367564201355,
    "relax_model_4_multimer_v3_pred_0": 345.4095883369446,
    "process_features_model_5_multimer_v3_pred_0": 2.7179718017578125e-05,
    "predict_and_compile_model_5_multimer_v3_pred_0": 420.0374503135681,
    "relax_model_5_multimer_v3_pred_0": 316.25004720687866
}