{
    "iptm+ptm": {
        "model_1_multimer_v3_pred_0": 0.7972692093545883,
        "model_2_multimer_v3_pred_0": 0.8077326113352852,
        "model_3_multimer_v3_pred_0": 0.8124158881281943,
        "model_4_multimer_v3_pred_0": 0.8068595737164036,
        "model_5_multimer_v3_pred_0": 0.8158612355535048
    },
    "order": [
        "model_5_multimer_v3_pred_0",
        "model_3_multimer_v3_pred_0",
        "model_2_multimer_v3_pred_0",
        "model_4_multimer_v3_pred_0",
        "model_1_multimer_v3_pred_0"
    ]
}