{
    "features": 202.21670293807983,
    "process_features_model_1_multimer_v3_pred_0": 9.059906005859375e-06,
    "predict_and_compile_model_1_multimer_v3_pred_0": 534.6501777172089,
    "relax_model_1_multimer_v3_pred_0": 207.93847274780273,
    "process_features_model_2_multimer_v3_pred_0": 4.100799560546875e-05,
    "predict_and_compile_model_2_multimer_v3_pred_0": 479.47408628463745,
    "relax_model_2_multimer_v3_pred_0": 261.80378246307373,
    "process_features_model_3_multimer_v3_pred_0": 6.9141387939453125e-06,
    "predict_and_compile_model_3_multimer_v3_pred_0": 479.02682638168335,
    "relax_model_3_multimer_v3_pred_0": 251.33171892166138,
    "process_features_model_4_multimer_v3_pred_0": 6.198883056640625e-06,
    "predict_and_compile_model_4_multimer_v3_pred_0": 461.8547477722168,
    "relax_model_4_multimer_v3_pred_0": 266.2843403816223,
    "process_features_model_5_multimer_v3_pred_0": 1.9073486328125e-05,
    "predict_and_compile_model_5_multimer_v3_pred_0": 525.5272164344788,
    "relax_model_5_multimer_v3_pred_0": 316.6964247226715
}