{
    "iptm+ptm": {
        "model_1_multimer_v3_pred_0": 0.8791410909235337,
        "model_2_multimer_v3_pred_0": 0.8787363582005349,
        "model_3_multimer_v3_pred_0": 0.8556391920043532,
        "model_4_multimer_v3_pred_0": 0.8565088845369108,
        "model_5_multimer_v3_pred_0": 0.8391946226612863
    },
    "order": [
        "model_1_multimer_v3_pred_0",
        "model_2_multimer_v3_pred_0",
        "model_4_multimer_v3_pred_0",
        "model_3_multimer_v3_pred_0",
        "model_5_multimer_v3_pred_0"
    ]
}