{
    "features": 225.04423570632935,
    "process_features_model_1_multimer_v3_pred_0": 3.528594970703125e-05,
    "predict_and_compile_model_1_multimer_v3_pred_0": 1712.6350808143616,
    "relax_model_1_multimer_v3_pred_0": 690.4006931781769,
    "process_features_model_2_multimer_v3_pred_0": 1.0967254638671875e-05,
    "predict_and_compile_model_2_multimer_v3_pred_0": 1711.452959537506,
    "relax_model_2_multimer_v3_pred_0": 1016.8679029941559,
    "process_features_model_3_multimer_v3_pred_0": 1.0251998901367188e-05,
    "predict_and_compile_model_3_multimer_v3_pred_0": 1725.3294939994812,
    "relax_model_3_multimer_v3_pred_0": 1989.7693045139313,
    "process_features_model_4_multimer_v3_pred_0": 8.106231689453125e-06,
    "predict_and_compile_model_4_multimer_v3_pred_0": 1690.922474861145,
    "relax_model_4_multimer_v3_pred_0": 1367.7572667598724,
    "process_features_model_5_multimer_v3_pred_0": 1.2636184692382812e-05,
    "predict_and_compile_model_5_multimer_v3_pred_0": 1696.9217681884766,
    "relax_model_5_multimer_v3_pred_0": 499.27738642692566
}