{
    "iptm+ptm": {
        "model_1_multimer_v3_pred_0": 0.8184376043621483,
        "model_2_multimer_v3_pred_0": 0.7935636134967023,
        "model_3_multimer_v3_pred_0": 0.8031741855648035,
        "model_4_multimer_v3_pred_0": 0.8074174747598107,
        "model_5_multimer_v3_pred_0": 0.808865925066164
    },
    "order": [
        "model_1_multimer_v3_pred_0",
        "model_5_multimer_v3_pred_0",
        "model_4_multimer_v3_pred_0",
        "model_3_multimer_v3_pred_0",
        "model_2_multimer_v3_pred_0"
    ]
}