{
    "features": 184.61470556259155,
    "process_features_model_1_multimer_v3_pred_0": 3.719329833984375e-05,
    "predict_and_compile_model_1_multimer_v3_pred_0": 663.8912403583527,
    "relax_model_1_multimer_v3_pred_0": 182.30338430404663,
    "process_features_model_2_multimer_v3_pred_0": 5.4836273193359375e-06,
    "predict_and_compile_model_2_multimer_v3_pred_0": 495.6235671043396,
    "relax_model_2_multimer_v3_pred_0": 181.2851598262787,
    "process_features_model_3_multimer_v3_pred_0": 5.7220458984375e-06,
    "predict_and_compile_model_3_multimer_v3_pred_0": 1384.8125791549683,
    "relax_model_3_multimer_v3_pred_0": 229.43171906471252,
    "process_features_model_4_multimer_v3_pred_0": 5.9604644775390625e-06,
    "predict_and_compile_model_4_multimer_v3_pred_0": 1363.5887520313263,
    "relax_model_4_multimer_v3_pred_0": 259.29402470588684,
    "process_features_model_5_multimer_v3_pred_0": 5.7220458984375e-06,
    "predict_and_compile_model_5_multimer_v3_pred_0": 938.2102160453796,
    "relax_model_5_multimer_v3_pred_0": 431.03236532211304
}