{
    "iptm+ptm": {
        "model_1_multimer_v3_pred_0": 0.8108891647923921,
        "model_2_multimer_v3_pred_0": 0.7957910670112763,
        "model_3_multimer_v3_pred_0": 0.8170026262104467,
        "model_4_multimer_v3_pred_0": 0.8127289180570165,
        "model_5_multimer_v3_pred_0": 0.8118133091618038
    },
    "order": [
        "model_3_multimer_v3_pred_0",
        "model_4_multimer_v3_pred_0",
        "model_5_multimer_v3_pred_0",
        "model_1_multimer_v3_pred_0",
        "model_2_multimer_v3_pred_0"
    ]
}