{
    "features": 129.5674057006836,
    "process_features_model_1_multimer_v3_pred_0": 2.574920654296875e-05,
    "predict_and_compile_model_1_multimer_v3_pred_0": 562.5375463962555,
    "relax_model_1_multimer_v3_pred_0": 263.2871446609497,
    "process_features_model_2_multimer_v3_pred_0": 8.821487426757812e-06,
    "predict_and_compile_model_2_multimer_v3_pred_0": 505.98172426223755,
    "relax_model_2_multimer_v3_pred_0": 294.39674067497253,
    "process_features_model_3_multimer_v3_pred_0": 2.4318695068359375e-05,
    "predict_and_compile_model_3_multimer_v3_pred_0": 1249.8621246814728,
    "relax_model_3_multimer_v3_pred_0": 216.5016520023346,
    "process_features_model_4_multimer_v3_pred_0": 8.58306884765625e-06,
    "predict_and_compile_model_4_multimer_v3_pred_0": 698.6919662952423,
    "relax_model_4_multimer_v3_pred_0": 228.90059757232666,
    "process_features_model_5_multimer_v3_pred_0": 2.4557113647460938e-05,
    "predict_and_compile_model_5_multimer_v3_pred_0": 1413.0970056056976,
    "relax_model_5_multimer_v3_pred_0": 416.21226835250854
}