{
    "iptm+ptm": {
        "model_1_multimer_v3_pred_0": 0.6133944151513862,
        "model_2_multimer_v3_pred_0": 0.6370507684445651,
        "model_3_multimer_v3_pred_0": 0.6334625086120906,
        "model_4_multimer_v3_pred_0": 0.6316455443678234,
        "model_5_multimer_v3_pred_0": 0.6178553849767898
    },
    "order": [
        "model_2_multimer_v3_pred_0",
        "model_3_multimer_v3_pred_0",
        "model_4_multimer_v3_pred_0",
        "model_5_multimer_v3_pred_0",
        "model_1_multimer_v3_pred_0"
    ]
}