{
    "features": 165.6069188117981,
    "process_features_model_1_multimer_v3_pred_0": 2.5510787963867188e-05,
    "predict_and_compile_model_1_multimer_v3_pred_0": 1907.9038879871368,
    "relax_model_1_multimer_v3_pred_0": 1019.6409711837769,
    "process_features_model_2_multimer_v3_pred_0": 8.106231689453125e-06,
    "predict_and_compile_model_2_multimer_v3_pred_0": 1902.5393137931824,
    "relax_model_2_multimer_v3_pred_0": 1075.1623508930206,
    "process_features_model_3_multimer_v3_pred_0": 5.9604644775390625e-06,
    "predict_and_compile_model_3_multimer_v3_pred_0": 1930.4491312503815,
    "relax_model_3_multimer_v3_pred_0": 1512.2373430728912,
    "process_features_model_4_multimer_v3_pred_0": 5.9604644775390625e-06,
    "predict_and_compile_model_4_multimer_v3_pred_0": 1859.1641130447388,
    "relax_model_4_multimer_v3_pred_0": 1125.6136610507965,
    "process_features_model_5_multimer_v3_pred_0": 5.245208740234375e-06,
    "predict_and_compile_model_5_multimer_v3_pred_0": 1850.9984123706818,
    "relax_model_5_multimer_v3_pred_0": 1350.9860653877258
}