{
    "iptm+ptm": {
        "model_1_multimer_v3_pred_0": 0.5212532806071759,
        "model_2_multimer_v3_pred_0": 0.829384051432461,
        "model_3_multimer_v3_pred_0": 0.8074162492755209,
        "model_4_multimer_v3_pred_0": 0.8278786399785606,
        "model_5_multimer_v3_pred_0": 0.7782824872664311
    },
    "order": [
        "model_2_multimer_v3_pred_0",
        "model_4_multimer_v3_pred_0",
        "model_3_multimer_v3_pred_0",
        "model_5_multimer_v3_pred_0",
        "model_1_multimer_v3_pred_0"
    ]
}