{
    "features": 183.24312734603882,
    "process_features_model_1_multimer_v3_pred_0": 2.6941299438476562e-05,
    "predict_and_compile_model_1_multimer_v3_pred_0": 859.0459353923798,
    "relax_model_1_multimer_v3_pred_0": 186.26256585121155,
    "process_features_model_2_multimer_v3_pred_0": 4.5299530029296875e-06,
    "predict_and_compile_model_2_multimer_v3_pred_0": 393.50829577445984,
    "relax_model_2_multimer_v3_pred_0": 130.4037206172943,
    "process_features_model_3_multimer_v3_pred_0": 4.5299530029296875e-06,
    "predict_and_compile_model_3_multimer_v3_pred_0": 441.52229928970337,
    "relax_model_3_multimer_v3_pred_0": 200.73552083969116,
    "process_features_model_4_multimer_v3_pred_0": 4.291534423828125e-06,
    "predict_and_compile_model_4_multimer_v3_pred_0": 432.82551193237305,
    "relax_model_4_multimer_v3_pred_0": 121.3162910938263,
    "process_features_model_5_multimer_v3_pred_0": 5.9604644775390625e-06,
    "predict_and_compile_model_5_multimer_v3_pred_0": 536.9234991073608,
    "relax_model_5_multimer_v3_pred_0": 909.0666036605835
}