{
    "iptm+ptm": {
        "model_1_multimer_v3_pred_0": 0.8327023189189339,
        "model_2_multimer_v3_pred_0": 0.8458968258489162,
        "model_3_multimer_v3_pred_0": 0.8200879380205113,
        "model_4_multimer_v3_pred_0": 0.8171208206019567,
        "model_5_multimer_v3_pred_0": 0.8158882064764006
    },
    "order": [
        "model_2_multimer_v3_pred_0",
        "model_1_multimer_v3_pred_0",
        "model_3_multimer_v3_pred_0",
        "model_4_multimer_v3_pred_0",
        "model_5_multimer_v3_pred_0"
    ]
}