{
    "features": 225.78181838989258,
    "process_features_model_1_multimer_v3_pred_0": 9.107589721679688e-05,
    "predict_and_compile_model_1_multimer_v3_pred_0": 1710.666656255722,
    "relax_model_1_multimer_v3_pred_0": 1321.6490387916565,
    "process_features_model_2_multimer_v3_pred_0": 3.528594970703125e-05,
    "predict_and_compile_model_2_multimer_v3_pred_0": 1696.2370839118958,
    "relax_model_2_multimer_v3_pred_0": 1385.0365476608276,
    "process_features_model_3_multimer_v3_pred_0": 1.049041748046875e-05,
    "predict_and_compile_model_3_multimer_v3_pred_0": 1718.6337966918945,
    "relax_model_3_multimer_v3_pred_0": 716.3244731426239,
    "process_features_model_4_multimer_v3_pred_0": 2.0742416381835938e-05,
    "predict_and_compile_model_4_multimer_v3_pred_0": 1465.0227415561676,
    "relax_model_4_multimer_v3_pred_0": 870.854649066925,
    "process_features_model_5_multimer_v3_pred_0": 9.298324584960938e-06,
    "predict_and_compile_model_5_multimer_v3_pred_0": 1683.1409027576447,
    "relax_model_5_multimer_v3_pred_0": 1021.9650316238403
}