{
    "iptm+ptm": {
        "model_1_multimer_v3_pred_0": 0.6880151560061447,
        "model_2_multimer_v3_pred_0": 0.730178082709289,
        "model_3_multimer_v3_pred_0": 0.6841622863028887,
        "model_4_multimer_v3_pred_0": 0.6700354630035258,
        "model_5_multimer_v3_pred_0": 0.6897952259135695
    },
    "order": [
        "model_2_multimer_v3_pred_0",
        "model_5_multimer_v3_pred_0",
        "model_1_multimer_v3_pred_0",
        "model_3_multimer_v3_pred_0",
        "model_4_multimer_v3_pred_0"
    ]
}