{
    "features": 277.11581921577454,
    "process_features_model_1_multimer_v3_pred_0": 9.5367431640625e-06,
    "predict_and_compile_model_1_multimer_v3_pred_0": 1700.2512092590332,
    "process_features_model_2_multimer_v3_pred_0": 2.765655517578125e-05,
    "predict_and_compile_model_2_multimer_v3_pred_0": 800.3644018173218,
    "process_features_model_3_multimer_v3_pred_0": 2.0742416381835938e-05,
    "predict_and_compile_model_3_multimer_v3_pred_0": 1637.2506313323975,
    "process_features_model_4_multimer_v3_pred_0": 2.288818359375e-05,
    "predict_and_compile_model_4_multimer_v3_pred_0": 1683.6945970058441,
    "process_features_model_5_multimer_v3_pred_0": 6.175041198730469e-05,
    "predict_and_compile_model_5_multimer_v3_pred_0": 1678.296185016632
}