{
    "iptm+ptm": {
        "model_1_multimer_v3_pred_0": 0.8975066782349012,
        "model_2_multimer_v3_pred_0": 0.8888804918755798,
        "model_3_multimer_v3_pred_0": 0.9030623620445603,
        "model_4_multimer_v3_pred_0": 0.8994930673942519,
        "model_5_multimer_v3_pred_0": 0.9054852006336023
    },
    "order": [
        "model_5_multimer_v3_pred_0",
        "model_3_multimer_v3_pred_0",
        "model_4_multimer_v3_pred_0",
        "model_1_multimer_v3_pred_0",
        "model_2_multimer_v3_pred_0"
    ]
}