{
    "features": 171.81752038002014,
    "process_features_model_1_multimer_v3_pred_0": 1.0251998901367188e-05,
    "predict_and_compile_model_1_multimer_v3_pred_0": 615.429295539856,
    "relax_model_1_multimer_v3_pred_0": 218.95832633972168,
    "process_features_model_2_multimer_v3_pred_0": 6.9141387939453125e-06,
    "predict_and_compile_model_2_multimer_v3_pred_0": 413.69865226745605,
    "relax_model_2_multimer_v3_pred_0": 271.5938186645508,
    "process_features_model_3_multimer_v3_pred_0": 6.198883056640625e-06,
    "predict_and_compile_model_3_multimer_v3_pred_0": 421.4826169013977,
    "relax_model_3_multimer_v3_pred_0": 212.79834580421448,
    "process_features_model_4_multimer_v3_pred_0": 2.956390380859375e-05,
    "predict_and_compile_model_4_multimer_v3_pred_0": 427.4819667339325,
    "relax_model_4_multimer_v3_pred_0": 200.76865434646606,
    "process_features_model_5_multimer_v3_pred_0": 9.298324584960938e-06,
    "predict_and_compile_model_5_multimer_v3_pred_0": 442.0538799762726,
    "relax_model_5_multimer_v3_pred_0": 297.5563395023346
}