{
    "iptm+ptm": {
        "model_1_multimer_v3_pred_0": 0.8427113703968593,
        "model_2_multimer_v3_pred_0": 0.8052644823511923,
        "model_3_multimer_v3_pred_0": 0.8239526124939626,
        "model_4_multimer_v3_pred_0": 0.8071951416874515,
        "model_5_multimer_v3_pred_0": 0.8006108454308936
    },
    "order": [
        "model_1_multimer_v3_pred_0",
        "model_3_multimer_v3_pred_0",
        "model_4_multimer_v3_pred_0",
        "model_2_multimer_v3_pred_0",
        "model_5_multimer_v3_pred_0"
    ]
}