{
    "features": 153.71533393859863,
    "process_features_model_1_multimer_v3_pred_0": 4.673004150390625e-05,
    "predict_and_compile_model_1_multimer_v3_pred_0": 628.1565685272217,
    "process_features_model_2_multimer_v3_pred_0": 4.6253204345703125e-05,
    "predict_and_compile_model_2_multimer_v3_pred_0": 1238.643658876419,
    "process_features_model_3_multimer_v3_pred_0": 1.6450881958007812e-05,
    "predict_and_compile_model_3_multimer_v3_pred_0": 425.3902633190155,
    "process_features_model_4_multimer_v3_pred_0": 9.059906005859375e-06,
    "predict_and_compile_model_4_multimer_v3_pred_0": 519.3368935585022,
    "process_features_model_5_multimer_v3_pred_0": 8.821487426757812e-06,
    "predict_and_compile_model_5_multimer_v3_pred_0": 421.56239891052246
}