{
    "iptm+ptm": {
        "model_1_multimer_v3_pred_0": 0.5213750032685316,
        "model_2_multimer_v3_pred_0": 0.5492434084030346,
        "model_3_multimer_v3_pred_0": 0.4506263906977908,
        "model_4_multimer_v3_pred_0": 0.4714885738470992,
        "model_5_multimer_v3_pred_0": 0.45469603460867036
    },
    "order": [
        "model_2_multimer_v3_pred_0",
        "model_1_multimer_v3_pred_0",
        "model_4_multimer_v3_pred_0",
        "model_5_multimer_v3_pred_0",
        "model_3_multimer_v3_pred_0"
    ]
}