{
    "features": 484.0446267127991,
    "process_features_model_1_multimer_v3_pred_0": 3.9577484130859375e-05,
    "predict_and_compile_model_1_multimer_v3_pred_0": 630.1887645721436,
    "relax_model_1_multimer_v3_pred_0": 660.7458605766296,
    "process_features_model_2_multimer_v3_pred_0": 1.5497207641601562e-05,
    "predict_and_compile_model_2_multimer_v3_pred_0": 600.7258200645447,
    "relax_model_2_multimer_v3_pred_0": 748.3611822128296,
    "process_features_model_3_multimer_v3_pred_0": 3.147125244140625e-05,
    "predict_and_compile_model_3_multimer_v3_pred_0": 600.7768661975861,
    "relax_model_3_multimer_v3_pred_0": 898.7875373363495,
    "process_features_model_4_multimer_v3_pred_0": 1.4781951904296875e-05,
    "predict_and_compile_model_4_multimer_v3_pred_0": 656.7489759922028,
    "relax_model_4_multimer_v3_pred_0": 947.9934096336365,
    "process_features_model_5_multimer_v3_pred_0": 1.0251998901367188e-05,
    "predict_and_compile_model_5_multimer_v3_pred_0": 909.7306509017944,
    "relax_model_5_multimer_v3_pred_0": 810.2149524688721
}