{
    "iptm+ptm": {
        "model_1_multimer_v3_pred_0": 0.781913774917407,
        "model_2_multimer_v3_pred_0": 0.8294351046699971,
        "model_3_multimer_v3_pred_0": 0.844103102112183,
        "model_4_multimer_v3_pred_0": 0.831423890864323,
        "model_5_multimer_v3_pred_0": 0.8540167133247776
    },
    "order": [
        "model_5_multimer_v3_pred_0",
        "model_3_multimer_v3_pred_0",
        "model_4_multimer_v3_pred_0",
        "model_2_multimer_v3_pred_0",
        "model_1_multimer_v3_pred_0"
    ]
}