{
    "features": 168.98144555091858,
    "process_features_model_1_multimer_v3_pred_0": 9.775161743164062e-06,
    "predict_and_compile_model_1_multimer_v3_pred_0": 447.6295716762543,
    "relax_model_1_multimer_v3_pred_0": 346.85075879096985,
    "process_features_model_2_multimer_v3_pred_0": 5.0067901611328125e-06,
    "predict_and_compile_model_2_multimer_v3_pred_0": 881.7337484359741,
    "relax_model_2_multimer_v3_pred_0": 201.36566400527954,
    "process_features_model_3_multimer_v3_pred_0": 5.245208740234375e-06,
    "predict_and_compile_model_3_multimer_v3_pred_0": 569.157956123352,
    "relax_model_3_multimer_v3_pred_0": 335.15954303741455,
    "process_features_model_4_multimer_v3_pred_0": 5.9604644775390625e-06,
    "predict_and_compile_model_4_multimer_v3_pred_0": 568.3661789894104,
    "relax_model_4_multimer_v3_pred_0": 530.7758238315582,
    "process_features_model_5_multimer_v3_pred_0": 5.7220458984375e-06,
    "predict_and_compile_model_5_multimer_v3_pred_0": 1164.46533036232,
    "relax_model_5_multimer_v3_pred_0": 553.3272867202759
}