{
    "iptm+ptm": {
        "model_1_multimer_v3_pred_0": 0.8747902959727905,
        "model_2_multimer_v3_pred_0": 0.8826955595975658,
        "model_3_multimer_v3_pred_0": 0.8556205425020553,
        "model_4_multimer_v3_pred_0": 0.8692481223654607,
        "model_5_multimer_v3_pred_0": 0.880211825028942
    },
    "order": [
        "model_2_multimer_v3_pred_0",
        "model_5_multimer_v3_pred_0",
        "model_1_multimer_v3_pred_0",
        "model_4_multimer_v3_pred_0",
        "model_3_multimer_v3_pred_0"
    ]
}