{
    "features": 214.9063515663147,
    "process_features_model_1_multimer_v3_pred_0": 9.298324584960938e-06,
    "predict_and_compile_model_1_multimer_v3_pred_0": 780.3088231086731,
    "relax_model_1_multimer_v3_pred_0": 421.6294150352478,
    "process_features_model_2_multimer_v3_pred_0": 9.059906005859375e-06,
    "predict_and_compile_model_2_multimer_v3_pred_0": 1490.2318587303162,
    "relax_model_2_multimer_v3_pred_0": 225.82990741729736,
    "process_features_model_3_multimer_v3_pred_0": 6.4373016357421875e-06,
    "predict_and_compile_model_3_multimer_v3_pred_0": 541.6794064044952,
    "relax_model_3_multimer_v3_pred_0": 766.1876311302185,
    "process_features_model_4_multimer_v3_pred_0": 6.198883056640625e-06,
    "predict_and_compile_model_4_multimer_v3_pred_0": 1476.9454185962677,
    "relax_model_4_multimer_v3_pred_0": 564.6146111488342,
    "process_features_model_5_multimer_v3_pred_0": 1.1205673217773438e-05,
    "predict_and_compile_model_5_multimer_v3_pred_0": 1460.0364787578583,
    "relax_model_5_multimer_v3_pred_0": 525.6994533538818
}