{
    "iptm+ptm": {
        "model_1_multimer_v3_pred_0": 0.7447700372269616,
        "model_2_multimer_v3_pred_0": 0.5826755283104612,
        "model_3_multimer_v3_pred_0": 0.534603507260707,
        "model_4_multimer_v3_pred_0": 0.6614830036037366,
        "model_5_multimer_v3_pred_0": 0.6403379480873546
    },
    "order": [
        "model_1_multimer_v3_pred_0",
        "model_4_multimer_v3_pred_0",
        "model_5_multimer_v3_pred_0",
        "model_2_multimer_v3_pred_0",
        "model_3_multimer_v3_pred_0"
    ]
}