{
    "features": 90.48409914970398,
    "process_features_model_1_multimer_v3_pred_0": 1.2874603271484375e-05,
    "predict_and_compile_model_1_multimer_v3_pred_0": 484.31488132476807,
    "relax_model_1_multimer_v3_pred_0": 174.51393628120422,
    "process_features_model_2_multimer_v3_pred_0": 1.0967254638671875e-05,
    "predict_and_compile_model_2_multimer_v3_pred_0": 372.92839527130127,
    "relax_model_2_multimer_v3_pred_0": 156.22848415374756,
    "process_features_model_3_multimer_v3_pred_0": 7.867813110351562e-06,
    "predict_and_compile_model_3_multimer_v3_pred_0": 331.53015661239624,
    "relax_model_3_multimer_v3_pred_0": 137.79410481452942,
    "process_features_model_4_multimer_v3_pred_0": 8.821487426757812e-06,
    "predict_and_compile_model_4_multimer_v3_pred_0": 336.81441473960876,
    "relax_model_4_multimer_v3_pred_0": 187.17248034477234,
    "process_features_model_5_multimer_v3_pred_0": 1.71661376953125e-05,
    "predict_and_compile_model_5_multimer_v3_pred_0": 326.3830761909485,
    "relax_model_5_multimer_v3_pred_0": 126.6337685585022
}