{
    "iptm+ptm": {
        "model_1_multimer_v3_pred_0": 0.635870720009214,
        "model_2_multimer_v3_pred_0": 0.6363757252973787,
        "model_3_multimer_v3_pred_0": 0.6479535249201716,
        "model_4_multimer_v3_pred_0": 0.6535139312461984,
        "model_5_multimer_v3_pred_0": 0.6409753860860777
    },
    "order": [
        "model_4_multimer_v3_pred_0",
        "model_3_multimer_v3_pred_0",
        "model_5_multimer_v3_pred_0",
        "model_2_multimer_v3_pred_0",
        "model_1_multimer_v3_pred_0"
    ]
}