{
    "features": 798.494387626648,
    "process_features_model_1_multimer_v3_pred_0": 6.127357482910156e-05,
    "predict_and_compile_model_1_multimer_v3_pred_0": 7571.5235686302185,
    "relax_model_1_multimer_v3_pred_0": 3371.6293358802795,
    "process_features_model_2_multimer_v3_pred_0": 5.316734313964844e-05,
    "predict_and_compile_model_2_multimer_v3_pred_0": 7590.377613544464,
    "relax_model_2_multimer_v3_pred_0": 2965.2597765922546,
    "process_features_model_3_multimer_v3_pred_0": 5.7220458984375e-06,
    "predict_and_compile_model_3_multimer_v3_pred_0": 7527.007084608078,
    "relax_model_3_multimer_v3_pred_0": 3477.887421607971,
    "process_features_model_4_multimer_v3_pred_0": 7.867813110351562e-06,
    "predict_and_compile_model_4_multimer_v3_pred_0": 7338.942247867584,
    "relax_model_4_multimer_v3_pred_0": 1624.3616313934326,
    "process_features_model_5_multimer_v3_pred_0": 8.106231689453125e-06,
    "predict_and_compile_model_5_multimer_v3_pred_0": 7355.7916431427,
    "relax_model_5_multimer_v3_pred_0": 5468.8766140937805
}