{
    "iptm+ptm": {
        "model_1_multimer_v3_pred_0": 0.852615350604445,
        "model_2_multimer_v3_pred_0": 0.8565855938841753,
        "model_3_multimer_v3_pred_0": 0.8604943124705315,
        "model_4_multimer_v3_pred_0": 0.8751604898421963,
        "model_5_multimer_v3_pred_0": 0.8726304521876325
    },
    "order": [
        "model_4_multimer_v3_pred_0",
        "model_5_multimer_v3_pred_0",
        "model_3_multimer_v3_pred_0",
        "model_2_multimer_v3_pred_0",
        "model_1_multimer_v3_pred_0"
    ]
}