{
    "features": 188.172057390213,
    "process_features_model_1_multimer_v3_pred_0": 2.4080276489257812e-05,
    "predict_and_compile_model_1_multimer_v3_pred_0": 971.7731902599335,
    "relax_model_1_multimer_v3_pred_0": 320.9260094165802,
    "process_features_model_2_multimer_v3_pred_0": 5.4836273193359375e-06,
    "predict_and_compile_model_2_multimer_v3_pred_0": 710.9008829593658,
    "relax_model_2_multimer_v3_pred_0": 275.6135005950928,
    "process_features_model_3_multimer_v3_pred_0": 6.008148193359375e-05,
    "predict_and_compile_model_3_multimer_v3_pred_0": 526.4701704978943,
    "relax_model_3_multimer_v3_pred_0": 174.7477970123291,
    "process_features_model_4_multimer_v3_pred_0": 5.0067901611328125e-06,
    "predict_and_compile_model_4_multimer_v3_pred_0": 698.36683177948,
    "relax_model_4_multimer_v3_pred_0": 205.11236786842346,
    "process_features_model_5_multimer_v3_pred_0": 5.245208740234375e-06,
    "predict_and_compile_model_5_multimer_v3_pred_0": 636.9639511108398,
    "relax_model_5_multimer_v3_pred_0": 286.11219477653503
}