{
    "iptm+ptm": {
        "model_1_multimer_v3_pred_0": 0.8280947946947526,
        "model_2_multimer_v3_pred_0": 0.8398166803900248,
        "model_3_multimer_v3_pred_0": 0.824531723272245,
        "model_4_multimer_v3_pred_0": 0.7918358899158282,
        "model_5_multimer_v3_pred_0": 0.8306803250474301
    },
    "order": [
        "model_2_multimer_v3_pred_0",
        "model_5_multimer_v3_pred_0",
        "model_1_multimer_v3_pred_0",
        "model_3_multimer_v3_pred_0",
        "model_4_multimer_v3_pred_0"
    ]
}