{
    "features": 314.01847219467163,
    "process_features_model_1_multimer_v3_pred_0": 1.7404556274414062e-05,
    "predict_and_compile_model_1_multimer_v3_pred_0": 525.2485089302063,
    "relax_model_1_multimer_v3_pred_0": 311.51370787620544,
    "process_features_model_2_multimer_v3_pred_0": 8.106231689453125e-06,
    "predict_and_compile_model_2_multimer_v3_pred_0": 555.8334724903107,
    "relax_model_2_multimer_v3_pred_0": 298.82416796684265,
    "process_features_model_3_multimer_v3_pred_0": 5.9604644775390625e-06,
    "predict_and_compile_model_3_multimer_v3_pred_0": 564.235292673111,
    "relax_model_3_multimer_v3_pred_0": 406.1756839752197,
    "process_features_model_4_multimer_v3_pred_0": 3.504753112792969e-05,
    "predict_and_compile_model_4_multimer_v3_pred_0": 485.4846706390381,
    "relax_model_4_multimer_v3_pred_0": 302.8775050640106,
    "process_features_model_5_multimer_v3_pred_0": 6.198883056640625e-06,
    "predict_and_compile_model_5_multimer_v3_pred_0": 436.32733273506165,
    "relax_model_5_multimer_v3_pred_0": 281.84960985183716
}