{
    "iptm+ptm": {
        "model_1_multimer_v3_pred_0": 0.9136896726459749,
        "model_2_multimer_v3_pred_0": 0.9129082284801949,
        "model_3_multimer_v3_pred_0": 0.9052321047124252,
        "model_4_multimer_v3_pred_0": 0.9134843595310187,
        "model_5_multimer_v3_pred_0": 0.9100934422625867
    },
    "order": [
        "model_1_multimer_v3_pred_0",
        "model_4_multimer_v3_pred_0",
        "model_2_multimer_v3_pred_0",
        "model_5_multimer_v3_pred_0",
        "model_3_multimer_v3_pred_0"
    ]
}