{
    "features": 135.59006571769714,
    "process_features_model_1_multimer_v3_pred_0": 1.0728836059570312e-05,
    "predict_and_compile_model_1_multimer_v3_pred_0": 611.4127781391144,
    "relax_model_1_multimer_v3_pred_0": 431.8721225261688,
    "process_features_model_2_multimer_v3_pred_0": 5.0067901611328125e-06,
    "predict_and_compile_model_2_multimer_v3_pred_0": 746.7678093910217,
    "relax_model_2_multimer_v3_pred_0": 352.96883726119995,
    "process_features_model_3_multimer_v3_pred_0": 4.76837158203125e-06,
    "predict_and_compile_model_3_multimer_v3_pred_0": 1035.7397410869598,
    "relax_model_3_multimer_v3_pred_0": 567.1939237117767,
    "process_features_model_4_multimer_v3_pred_0": 5.9604644775390625e-06,
    "predict_and_compile_model_4_multimer_v3_pred_0": 1543.9564650058746,
    "relax_model_4_multimer_v3_pred_0": 386.20066142082214,
    "process_features_model_5_multimer_v3_pred_0": 4.76837158203125e-06,
    "predict_and_compile_model_5_multimer_v3_pred_0": 664.4672615528107,
    "relax_model_5_multimer_v3_pred_0": 428.8089106082916
}