{
    "iptm+ptm": {
        "model_1_multimer_v3_pred_0": 0.706295091840489,
        "model_2_multimer_v3_pred_0": 0.7385659920523342,
        "model_3_multimer_v3_pred_0": 0.7063241566054521,
        "model_4_multimer_v3_pred_0": 0.6950667026495154,
        "model_5_multimer_v3_pred_0": 0.7081807155532942
    },
    "order": [
        "model_2_multimer_v3_pred_0",
        "model_5_multimer_v3_pred_0",
        "model_3_multimer_v3_pred_0",
        "model_1_multimer_v3_pred_0",
        "model_4_multimer_v3_pred_0"
    ]
}