{
    "features": 288.68092584609985,
    "process_features_model_1_multimer_v3_pred_0": 1.0251998901367188e-05,
    "predict_and_compile_model_1_multimer_v3_pred_0": 1396.8656282424927,
    "relax_model_1_multimer_v3_pred_0": 262.9102854728699,
    "process_features_model_2_multimer_v3_pred_0": 5.555152893066406e-05,
    "predict_and_compile_model_2_multimer_v3_pred_0": 643.3751361370087,
    "relax_model_2_multimer_v3_pred_0": 225.80630493164062,
    "process_features_model_3_multimer_v3_pred_0": 2.7894973754882812e-05,
    "predict_and_compile_model_3_multimer_v3_pred_0": 571.790203332901,
    "relax_model_3_multimer_v3_pred_0": 799.2886762619019,
    "process_features_model_4_multimer_v3_pred_0": 6.67572021484375e-06,
    "predict_and_compile_model_4_multimer_v3_pred_0": 1370.0956888198853,
    "relax_model_4_multimer_v3_pred_0": 546.008697271347,
    "process_features_model_5_multimer_v3_pred_0": 2.47955322265625e-05,
    "predict_and_compile_model_5_multimer_v3_pred_0": 1155.0322473049164,
    "relax_model_5_multimer_v3_pred_0": 148.91707682609558
}