{
    "iptm+ptm": {
        "model_1_multimer_v3_pred_0": 0.8144628511449825,
        "model_2_multimer_v3_pred_0": 0.7874933643489497,
        "model_3_multimer_v3_pred_0": 0.7558020638929173,
        "model_4_multimer_v3_pred_0": 0.7382318201717838,
        "model_5_multimer_v3_pred_0": 0.7753199357156362
    },
    "order": [
        "model_1_multimer_v3_pred_0",
        "model_2_multimer_v3_pred_0",
        "model_5_multimer_v3_pred_0",
        "model_3_multimer_v3_pred_0",
        "model_4_multimer_v3_pred_0"
    ]
}