{
    "features": 99.67331433296204,
    "process_features_model_1_multimer_v3_pred_0": 9.298324584960938e-06,
    "predict_and_compile_model_1_multimer_v3_pred_0": 386.7027328014374,
    "relax_model_1_multimer_v3_pred_0": 288.71885323524475,
    "process_features_model_2_multimer_v3_pred_0": 2.6464462280273438e-05,
    "predict_and_compile_model_2_multimer_v3_pred_0": 460.1620144844055,
    "relax_model_2_multimer_v3_pred_0": 147.3810305595398,
    "process_features_model_3_multimer_v3_pred_0": 7.62939453125e-06,
    "predict_and_compile_model_3_multimer_v3_pred_0": 401.60099148750305,
    "relax_model_3_multimer_v3_pred_0": 140.13987183570862,
    "process_features_model_4_multimer_v3_pred_0": 5.7220458984375e-06,
    "predict_and_compile_model_4_multimer_v3_pred_0": 341.9905605316162,
    "relax_model_4_multimer_v3_pred_0": 163.7465841770172,
    "process_features_model_5_multimer_v3_pred_0": 5.245208740234375e-06,
    "predict_and_compile_model_5_multimer_v3_pred_0": 395.10076689720154,
    "relax_model_5_multimer_v3_pred_0": 183.65678715705872
}