{
    "iptm+ptm": {
        "model_1_multimer_v3_pred_0": 0.4509540788832467,
        "model_2_multimer_v3_pred_0": 0.5326407958136541,
        "model_3_multimer_v3_pred_0": 0.5080764795178998,
        "model_4_multimer_v3_pred_0": 0.5548314266111899,
        "model_5_multimer_v3_pred_0": 0.49332417555546104
    },
    "order": [
        "model_4_multimer_v3_pred_0",
        "model_2_multimer_v3_pred_0",
        "model_3_multimer_v3_pred_0",
        "model_5_multimer_v3_pred_0",
        "model_1_multimer_v3_pred_0"
    ]
}