{
    "features": 5554.274473667145,
    "process_features_model_1_multimer_v3_pred_0": 1.0967254638671875e-05,
    "predict_and_compile_model_1_multimer_v3_pred_0": 1730.7372539043427,
    "relax_model_1_multimer_v3_pred_0": 1096.7946996688843,
    "process_features_model_2_multimer_v3_pred_0": 2.6226043701171875e-05,
    "predict_and_compile_model_2_multimer_v3_pred_0": 1727.5646126270294,
    "relax_model_2_multimer_v3_pred_0": 910.6786670684814,
    "process_features_model_3_multimer_v3_pred_0": 9.775161743164062e-06,
    "predict_and_compile_model_3_multimer_v3_pred_0": 837.9453077316284,
    "relax_model_3_multimer_v3_pred_0": 1068.8128762245178,
    "process_features_model_4_multimer_v3_pred_0": 1.0013580322265625e-05,
    "predict_and_compile_model_4_multimer_v3_pred_0": 741.9535982608795,
    "relax_model_4_multimer_v3_pred_0": 1181.2044796943665,
    "process_features_model_5_multimer_v3_pred_0": 3.0517578125e-05,
    "predict_and_compile_model_5_multimer_v3_pred_0": 1705.2433037757874,
    "relax_model_5_multimer_v3_pred_0": 899.1830837726593
}