{
    "iptm+ptm": {
        "model_1_multimer_v3_pred_0": 0.7217198445046196,
        "model_2_multimer_v3_pred_0": 0.7309506112341896,
        "model_3_multimer_v3_pred_0": 0.7641248199183043,
        "model_4_multimer_v3_pred_0": 0.7831424796117018,
        "model_5_multimer_v3_pred_0": 0.6794000745266048
    },
    "order": [
        "model_4_multimer_v3_pred_0",
        "model_3_multimer_v3_pred_0",
        "model_2_multimer_v3_pred_0",
        "model_1_multimer_v3_pred_0",
        "model_5_multimer_v3_pred_0"
    ]
}