{
    "features": 383.0304865837097,
    "process_features_model_1_multimer_v3_pred_0": 1.3589859008789062e-05,
    "predict_and_compile_model_1_multimer_v3_pred_0": 1999.7541115283966,
    "relax_model_1_multimer_v3_pred_0": 1114.1738328933716,
    "process_features_model_2_multimer_v3_pred_0": 8.106231689453125e-06,
    "predict_and_compile_model_2_multimer_v3_pred_0": 1986.1471948623657,
    "relax_model_2_multimer_v3_pred_0": 1784.1201140880585,
    "process_features_model_3_multimer_v3_pred_0": 1.049041748046875e-05,
    "predict_and_compile_model_3_multimer_v3_pred_0": 1996.349078655243,
    "relax_model_3_multimer_v3_pred_0": 1572.699518918991,
    "process_features_model_4_multimer_v3_pred_0": 9.298324584960938e-06,
    "predict_and_compile_model_4_multimer_v3_pred_0": 1963.3115882873535,
    "relax_model_4_multimer_v3_pred_0": 1723.5994679927826,
    "process_features_model_5_multimer_v3_pred_0": 2.1457672119140625e-05,
    "predict_and_compile_model_5_multimer_v3_pred_0": 1965.7110726833344,
    "relax_model_5_multimer_v3_pred_0": 584.5158042907715
}