{
    "iptm+ptm": {
        "model_1_multimer_v3_pred_0": 0.7056241090373743,
        "model_2_multimer_v3_pred_0": 0.7056011171743334,
        "model_3_multimer_v3_pred_0": 0.7325982103738476,
        "model_4_multimer_v3_pred_0": 0.7178547566686072,
        "model_5_multimer_v3_pred_0": 0.7196218498031316
    },
    "order": [
        "model_3_multimer_v3_pred_0",
        "model_5_multimer_v3_pred_0",
        "model_4_multimer_v3_pred_0",
        "model_1_multimer_v3_pred_0",
        "model_2_multimer_v3_pred_0"
    ]
}