{
    "features": 196.3710994720459,
    "process_features_model_1_multimer_v3_pred_0": 1.0251998901367188e-05,
    "predict_and_compile_model_1_multimer_v3_pred_0": 1395.5609605312347,
    "relax_model_1_multimer_v3_pred_0": 181.07236051559448,
    "process_features_model_2_multimer_v3_pred_0": 9.775161743164062e-06,
    "predict_and_compile_model_2_multimer_v3_pred_0": 679.1802895069122,
    "relax_model_2_multimer_v3_pred_0": 437.7671685218811,
    "process_features_model_3_multimer_v3_pred_0": 2.288818359375e-05,
    "predict_and_compile_model_3_multimer_v3_pred_0": 1232.7895686626434,
    "relax_model_3_multimer_v3_pred_0": 355.57997035980225,
    "process_features_model_4_multimer_v3_pred_0": 9.059906005859375e-06,
    "predict_and_compile_model_4_multimer_v3_pred_0": 731.8483974933624,
    "relax_model_4_multimer_v3_pred_0": 440.20118284225464,
    "process_features_model_5_multimer_v3_pred_0": 1.1205673217773438e-05,
    "predict_and_compile_model_5_multimer_v3_pred_0": 1076.0323259830475,
    "relax_model_5_multimer_v3_pred_0": 171.34003949165344
}