{
    "iptm+ptm": {
        "model_1_multimer_v3_pred_0": 0.7666271027457753,
        "model_2_multimer_v3_pred_0": 0.7236954687372521,
        "model_3_multimer_v3_pred_0": 0.7764319775749704,
        "model_4_multimer_v3_pred_0": 0.7597235585574691,
        "model_5_multimer_v3_pred_0": 0.7615975713430186
    },
    "order": [
        "model_3_multimer_v3_pred_0",
        "model_1_multimer_v3_pred_0",
        "model_5_multimer_v3_pred_0",
        "model_4_multimer_v3_pred_0",
        "model_2_multimer_v3_pred_0"
    ]
}