{
    "features": 217.03311109542847,
    "process_features_model_1_multimer_v3_pred_0": 2.765655517578125e-05,
    "predict_and_compile_model_1_multimer_v3_pred_0": 1499.97291970253,
    "relax_model_1_multimer_v3_pred_0": 632.8386933803558,
    "process_features_model_2_multimer_v3_pred_0": 8.106231689453125e-06,
    "predict_and_compile_model_2_multimer_v3_pred_0": 821.4749011993408,
    "relax_model_2_multimer_v3_pred_0": 606.5048747062683,
    "process_features_model_3_multimer_v3_pred_0": 8.106231689453125e-06,
    "predict_and_compile_model_3_multimer_v3_pred_0": 500.6553888320923,
    "relax_model_3_multimer_v3_pred_0": 539.4760723114014,
    "process_features_model_4_multimer_v3_pred_0": 8.344650268554688e-06,
    "predict_and_compile_model_4_multimer_v3_pred_0": 1087.6845955848694,
    "relax_model_4_multimer_v3_pred_0": 832.7270143032074,
    "process_features_model_5_multimer_v3_pred_0": 9.775161743164062e-06,
    "predict_and_compile_model_5_multimer_v3_pred_0": 544.7626159191132,
    "relax_model_5_multimer_v3_pred_0": 377.8901972770691
}