{
    "iptm+ptm": {
        "model_1_multimer_v3_pred_0": 0.8121921828210152,
        "model_2_multimer_v3_pred_0": 0.798908602502441,
        "model_3_multimer_v3_pred_0": 0.8467890779376345,
        "model_4_multimer_v3_pred_0": 0.8197594353324482,
        "model_5_multimer_v3_pred_0": 0.8542598390283946
    },
    "order": [
        "model_5_multimer_v3_pred_0",
        "model_3_multimer_v3_pred_0",
        "model_4_multimer_v3_pred_0",
        "model_1_multimer_v3_pred_0",
        "model_2_multimer_v3_pred_0"
    ]
}