{
    "features": 172.04638600349426,
    "process_features_model_1_multimer_v3_pred_0": 9.298324584960938e-06,
    "predict_and_compile_model_1_multimer_v3_pred_0": 1795.5338428020477,
    "relax_model_1_multimer_v3_pred_0": 576.2500193119049,
    "process_features_model_2_multimer_v3_pred_0": 5.0067901611328125e-06,
    "predict_and_compile_model_2_multimer_v3_pred_0": 1701.2207653522491,
    "relax_model_2_multimer_v3_pred_0": 913.0903177261353,
    "process_features_model_3_multimer_v3_pred_0": 5.0067901611328125e-06,
    "predict_and_compile_model_3_multimer_v3_pred_0": 1786.6016449928284,
    "relax_model_3_multimer_v3_pred_0": 462.06374859809875,
    "process_features_model_4_multimer_v3_pred_0": 5.7220458984375e-06,
    "predict_and_compile_model_4_multimer_v3_pred_0": 1754.4006614685059,
    "relax_model_4_multimer_v3_pred_0": 1112.3055510520935,
    "process_features_model_5_multimer_v3_pred_0": 4.76837158203125e-06,
    "predict_and_compile_model_5_multimer_v3_pred_0": 827.8182306289673,
    "relax_model_5_multimer_v3_pred_0": 364.1189012527466
}