{
    "iptm+ptm": {
        "model_1_multimer_v3_pred_0": 0.8352504964160414,
        "model_2_multimer_v3_pred_0": 0.8379040075198471,
        "model_3_multimer_v3_pred_0": 0.791624266933884,
        "model_4_multimer_v3_pred_0": 0.834260310284718,
        "model_5_multimer_v3_pred_0": 0.8183058956127816
    },
    "order": [
        "model_2_multimer_v3_pred_0",
        "model_1_multimer_v3_pred_0",
        "model_4_multimer_v3_pred_0",
        "model_5_multimer_v3_pred_0",
        "model_3_multimer_v3_pred_0"
    ]
}