{
    "features": 228.94834446907043,
    "process_features_model_1_multimer_v3_pred_0": 3.314018249511719e-05,
    "predict_and_compile_model_1_multimer_v3_pred_0": 1705.8156669139862,
    "relax_model_1_multimer_v3_pred_0": 687.3750910758972,
    "process_features_model_2_multimer_v3_pred_0": 9.059906005859375e-06,
    "predict_and_compile_model_2_multimer_v3_pred_0": 1704.6758115291595,
    "relax_model_2_multimer_v3_pred_0": 1124.6134414672852,
    "process_features_model_3_multimer_v3_pred_0": 1.4066696166992188e-05,
    "predict_and_compile_model_3_multimer_v3_pred_0": 1713.6247854232788,
    "relax_model_3_multimer_v3_pred_0": 833.3377795219421,
    "process_features_model_4_multimer_v3_pred_0": 9.298324584960938e-06,
    "predict_and_compile_model_4_multimer_v3_pred_0": 1678.0708510875702,
    "relax_model_4_multimer_v3_pred_0": 1239.30362534523,
    "process_features_model_5_multimer_v3_pred_0": 9.059906005859375e-06,
    "predict_and_compile_model_5_multimer_v3_pred_0": 1673.9147741794586,
    "relax_model_5_multimer_v3_pred_0": 564.6123836040497
}