{
    "iptm+ptm": {
        "model_1_multimer_v3_pred_0": 0.7735169219744039,
        "model_2_multimer_v3_pred_0": 0.7866527668235962,
        "model_3_multimer_v3_pred_0": 0.7939836970870653,
        "model_4_multimer_v3_pred_0": 0.7882221941323526,
        "model_5_multimer_v3_pred_0": 0.7995166222372335
    },
    "order": [
        "model_5_multimer_v3_pred_0",
        "model_3_multimer_v3_pred_0",
        "model_4_multimer_v3_pred_0",
        "model_2_multimer_v3_pred_0",
        "model_1_multimer_v3_pred_0"
    ]
}