{
    "features": 112.11669945716858,
    "process_features_model_1_multimer_v3_pred_0": 2.8371810913085938e-05,
    "predict_and_compile_model_1_multimer_v3_pred_0": 340.8459963798523,
    "relax_model_1_multimer_v3_pred_0": 135.94944787025452,
    "process_features_model_2_multimer_v3_pred_0": 7.867813110351562e-06,
    "predict_and_compile_model_2_multimer_v3_pred_0": 357.44805002212524,
    "relax_model_2_multimer_v3_pred_0": 182.07714295387268,
    "process_features_model_3_multimer_v3_pred_0": 5.7220458984375e-06,
    "predict_and_compile_model_3_multimer_v3_pred_0": 357.9102694988251,
    "relax_model_3_multimer_v3_pred_0": 187.92708921432495,
    "process_features_model_4_multimer_v3_pred_0": 5.245208740234375e-06,
    "predict_and_compile_model_4_multimer_v3_pred_0": 352.49711561203003,
    "relax_model_4_multimer_v3_pred_0": 232.86134123802185,
    "process_features_model_5_multimer_v3_pred_0": 1.8835067749023438e-05,
    "predict_and_compile_model_5_multimer_v3_pred_0": 366.63979291915894,
    "relax_model_5_multimer_v3_pred_0": 160.8696527481079
}