{
    "iptm+ptm": {
        "model_1_multimer_v3_pred_0": 0.8212165026426649,
        "model_2_multimer_v3_pred_0": 0.8120846563151861,
        "model_3_multimer_v3_pred_0": 0.8460815846087126,
        "model_4_multimer_v3_pred_0": 0.8197176465116052,
        "model_5_multimer_v3_pred_0": 0.8425274366345594
    },
    "order": [
        "model_3_multimer_v3_pred_0",
        "model_5_multimer_v3_pred_0",
        "model_1_multimer_v3_pred_0",
        "model_4_multimer_v3_pred_0",
        "model_2_multimer_v3_pred_0"
    ]
}