{
    "features": 299.399209022522,
    "process_features_model_1_multimer_v3_pred_0": 1.3589859008789062e-05,
    "predict_and_compile_model_1_multimer_v3_pred_0": 519.340133190155,
    "relax_model_1_multimer_v3_pred_0": 431.6354374885559,
    "process_features_model_2_multimer_v3_pred_0": 9.775161743164062e-06,
    "predict_and_compile_model_2_multimer_v3_pred_0": 702.8489725589752,
    "relax_model_2_multimer_v3_pred_0": 541.3567206859589,
    "process_features_model_3_multimer_v3_pred_0": 5.7220458984375e-06,
    "predict_and_compile_model_3_multimer_v3_pred_0": 771.4682233333588,
    "relax_model_3_multimer_v3_pred_0": 560.7148747444153,
    "process_features_model_4_multimer_v3_pred_0": 5.9604644775390625e-06,
    "predict_and_compile_model_4_multimer_v3_pred_0": 1301.8913884162903,
    "relax_model_4_multimer_v3_pred_0": 591.0292921066284,
    "process_features_model_5_multimer_v3_pred_0": 5.7220458984375e-06,
    "predict_and_compile_model_5_multimer_v3_pred_0": 615.8054041862488,
    "relax_model_5_multimer_v3_pred_0": 585.8902795314789
}