{
    "iptm+ptm": {
        "model_1_multimer_v3_pred_0": 0.7004385552592963,
        "model_2_multimer_v3_pred_0": 0.8104560052760786,
        "model_3_multimer_v3_pred_0": 0.7012439426969613,
        "model_4_multimer_v3_pred_0": 0.8127790788637759,
        "model_5_multimer_v3_pred_0": 0.6995463552416495
    },
    "order": [
        "model_4_multimer_v3_pred_0",
        "model_2_multimer_v3_pred_0",
        "model_3_multimer_v3_pred_0",
        "model_1_multimer_v3_pred_0",
        "model_5_multimer_v3_pred_0"
    ]
}