{
    "features": 401.1642725467682,
    "process_features_model_1_multimer_v3_pred_0": 1.1444091796875e-05,
    "predict_and_compile_model_1_multimer_v3_pred_0": 2030.1743564605713,
    "relax_model_1_multimer_v3_pred_0": 1218.450531721115,
    "process_features_model_2_multimer_v3_pred_0": 1.049041748046875e-05,
    "predict_and_compile_model_2_multimer_v3_pred_0": 2018.6667802333832,
    "relax_model_2_multimer_v3_pred_0": 1195.6949870586395,
    "process_features_model_3_multimer_v3_pred_0": 7.152557373046875e-06,
    "predict_and_compile_model_3_multimer_v3_pred_0": 2029.410757780075,
    "relax_model_3_multimer_v3_pred_0": 1478.6903760433197,
    "process_features_model_4_multimer_v3_pred_0": 6.4373016357421875e-06,
    "predict_and_compile_model_4_multimer_v3_pred_0": 2011.347321510315,
    "relax_model_4_multimer_v3_pred_0": 1476.9938066005707,
    "process_features_model_5_multimer_v3_pred_0": 4.744529724121094e-05,
    "predict_and_compile_model_5_multimer_v3_pred_0": 2007.9571239948273,
    "relax_model_5_multimer_v3_pred_0": 1493.0159714221954
}