{
    "iptm+ptm": {
        "model_1_multimer_v3_pred_0": 0.9038146651226778,
        "model_2_multimer_v3_pred_0": 0.9010736429192089,
        "model_3_multimer_v3_pred_0": 0.8975679167375331,
        "model_4_multimer_v3_pred_0": 0.8995951420150754,
        "model_5_multimer_v3_pred_0": 0.9030587225552059
    },
    "order": [
        "model_1_multimer_v3_pred_0",
        "model_5_multimer_v3_pred_0",
        "model_2_multimer_v3_pred_0",
        "model_4_multimer_v3_pred_0",
        "model_3_multimer_v3_pred_0"
    ]
}