{
    "features": 401.7321436405182,
    "process_features_model_1_multimer_v3_pred_0": 1.0013580322265625e-05,
    "predict_and_compile_model_1_multimer_v3_pred_0": 4082.690571784973,
    "process_features_model_2_multimer_v3_pred_0": 2.4318695068359375e-05,
    "predict_and_compile_model_2_multimer_v3_pred_0": 3109.1859636306763,
    "process_features_model_3_multimer_v3_pred_0": 2.6702880859375e-05,
    "predict_and_compile_model_3_multimer_v3_pred_0": 1856.7437980175018,
    "process_features_model_4_multimer_v3_pred_0": 2.6464462280273438e-05,
    "predict_and_compile_model_4_multimer_v3_pred_0": 3024.644914627075,
    "process_features_model_5_multimer_v3_pred_0": 2.5510787963867188e-05,
    "predict_and_compile_model_5_multimer_v3_pred_0": 5184.571754693985
}