{
    "iptm+ptm": {
        "model_1_multimer_v3_pred_0": 0.8987408870179042,
        "model_2_multimer_v3_pred_0": 0.9001275363545373,
        "model_3_multimer_v3_pred_0": 0.8147434749957437,
        "model_4_multimer_v3_pred_0": 0.8912295259144158,
        "model_5_multimer_v3_pred_0": 0.9099813001937755
    },
    "order": [
        "model_5_multimer_v3_pred_0",
        "model_2_multimer_v3_pred_0",
        "model_1_multimer_v3_pred_0",
        "model_4_multimer_v3_pred_0",
        "model_3_multimer_v3_pred_0"
    ]
}