{
    "features": 179.51001644134521,
    "process_features_model_1_multimer_v3_pred_0": 3.695487976074219e-05,
    "predict_and_compile_model_1_multimer_v3_pred_0": 1380.294156551361,
    "process_features_model_2_multimer_v3_pred_0": 1.1444091796875e-05,
    "predict_and_compile_model_2_multimer_v3_pred_0": 1368.5984544754028,
    "process_features_model_3_multimer_v3_pred_0": 1.33514404296875e-05,
    "predict_and_compile_model_3_multimer_v3_pred_0": 723.4474377632141,
    "process_features_model_4_multimer_v3_pred_0": 3.0994415283203125e-05,
    "predict_and_compile_model_4_multimer_v3_pred_0": 594.2198495864868,
    "process_features_model_5_multimer_v3_pred_0": 3.409385681152344e-05,
    "predict_and_compile_model_5_multimer_v3_pred_0": 707.8609018325806
}