{
    "iptm+ptm": {
        "model_1_multimer_v3_pred_0": 0.6135759310992642,
        "model_2_multimer_v3_pred_0": 0.6992410124395674,
        "model_3_multimer_v3_pred_0": 0.6113674908554472,
        "model_4_multimer_v3_pred_0": 0.6352516686136114,
        "model_5_multimer_v3_pred_0": 0.670134792991211
    },
    "order": [
        "model_2_multimer_v3_pred_0",
        "model_5_multimer_v3_pred_0",
        "model_4_multimer_v3_pred_0",
        "model_1_multimer_v3_pred_0",
        "model_3_multimer_v3_pred_0"
    ]
}