{
    "features": 229.73738479614258,
    "process_features_model_1_multimer_v3_pred_0": 3.147125244140625e-05,
    "predict_and_compile_model_1_multimer_v3_pred_0": 932.0095181465149,
    "relax_model_1_multimer_v3_pred_0": 673.6993312835693,
    "process_features_model_2_multimer_v3_pred_0": 6.9141387939453125e-06,
    "predict_and_compile_model_2_multimer_v3_pred_0": 702.948614358902,
    "relax_model_2_multimer_v3_pred_0": 176.9693706035614,
    "process_features_model_3_multimer_v3_pred_0": 4.5299530029296875e-06,
    "predict_and_compile_model_3_multimer_v3_pred_0": 1428.2085003852844,
    "relax_model_3_multimer_v3_pred_0": 515.5036644935608,
    "process_features_model_4_multimer_v3_pred_0": 5.4836273193359375e-06,
    "predict_and_compile_model_4_multimer_v3_pred_0": 1203.9735543727875,
    "relax_model_4_multimer_v3_pred_0": 499.5722064971924,
    "process_features_model_5_multimer_v3_pred_0": 4.76837158203125e-06,
    "predict_and_compile_model_5_multimer_v3_pred_0": 1408.7108387947083,
    "relax_model_5_multimer_v3_pred_0": 639.9589788913727
}