{
    "iptm+ptm": {
        "model_1_multimer_v3_pred_0": 0.6217561527463706,
        "model_2_multimer_v3_pred_0": 0.5339463418683063,
        "model_3_multimer_v3_pred_0": 0.4421669870430497,
        "model_4_multimer_v3_pred_0": 0.44948944869927365,
        "model_5_multimer_v3_pred_0": 0.4435344396196841
    },
    "order": [
        "model_1_multimer_v3_pred_0",
        "model_2_multimer_v3_pred_0",
        "model_4_multimer_v3_pred_0",
        "model_5_multimer_v3_pred_0",
        "model_3_multimer_v3_pred_0"
    ]
}