{
    "features": 306.16832542419434,
    "process_features_model_1_multimer_v3_pred_0": 2.3603439331054688e-05,
    "predict_and_compile_model_1_multimer_v3_pred_0": 741.6335251331329,
    "relax_model_1_multimer_v3_pred_0": 349.88107204437256,
    "process_features_model_2_multimer_v3_pred_0": 6.67572021484375e-06,
    "predict_and_compile_model_2_multimer_v3_pred_0": 1508.1531918048859,
    "relax_model_2_multimer_v3_pred_0": 233.8999948501587,
    "process_features_model_3_multimer_v3_pred_0": 5.4836273193359375e-06,
    "predict_and_compile_model_3_multimer_v3_pred_0": 1741.0574488639832,
    "relax_model_3_multimer_v3_pred_0": 267.3001470565796,
    "process_features_model_4_multimer_v3_pred_0": 6.4373016357421875e-06,
    "predict_and_compile_model_4_multimer_v3_pred_0": 1703.198233127594,
    "relax_model_4_multimer_v3_pred_0": 345.1677358150482,
    "process_features_model_5_multimer_v3_pred_0": 1.811981201171875e-05,
    "predict_and_compile_model_5_multimer_v3_pred_0": 1674.2737641334534,
    "relax_model_5_multimer_v3_pred_0": 375.0967299938202
}