{
    "iptm+ptm": {
        "model_1_multimer_v3_pred_0": 0.6844588246349149,
        "model_2_multimer_v3_pred_0": 0.7292134648941058,
        "model_3_multimer_v3_pred_0": 0.6817252597634453,
        "model_4_multimer_v3_pred_0": 0.7282118100783702,
        "model_5_multimer_v3_pred_0": 0.7241843992104058
    },
    "order": [
        "model_2_multimer_v3_pred_0",
        "model_4_multimer_v3_pred_0",
        "model_5_multimer_v3_pred_0",
        "model_1_multimer_v3_pred_0",
        "model_3_multimer_v3_pred_0"
    ]
}