{
    "features": 156.4651119709015,
    "process_features_model_1_multimer_v3_pred_0": 3.1948089599609375e-05,
    "predict_and_compile_model_1_multimer_v3_pred_0": 360.8395540714264,
    "relax_model_1_multimer_v3_pred_0": 166.08339977264404,
    "process_features_model_2_multimer_v3_pred_0": 9.5367431640625e-06,
    "predict_and_compile_model_2_multimer_v3_pred_0": 348.10870885849,
    "relax_model_2_multimer_v3_pred_0": 123.65655422210693,
    "process_features_model_3_multimer_v3_pred_0": 5.245208740234375e-06,
    "predict_and_compile_model_3_multimer_v3_pred_0": 344.84523272514343,
    "relax_model_3_multimer_v3_pred_0": 183.2397677898407,
    "process_features_model_4_multimer_v3_pred_0": 4.5299530029296875e-06,
    "predict_and_compile_model_4_multimer_v3_pred_0": 351.61401295661926,
    "relax_model_4_multimer_v3_pred_0": 200.3393430709839,
    "process_features_model_5_multimer_v3_pred_0": 5.0067901611328125e-06,
    "predict_and_compile_model_5_multimer_v3_pred_0": 370.5924115180969,
    "relax_model_5_multimer_v3_pred_0": 188.85102128982544
}