{
    "iptm+ptm": {
        "model_1_multimer_v3_pred_0": 0.8977063003711594,
        "model_2_multimer_v3_pred_0": 0.7008884200943902,
        "model_3_multimer_v3_pred_0": 0.8427964331779059,
        "model_4_multimer_v3_pred_0": 0.859609338253014,
        "model_5_multimer_v3_pred_0": 0.6366013990931746
    },
    "order": [
        "model_1_multimer_v3_pred_0",
        "model_4_multimer_v3_pred_0",
        "model_3_multimer_v3_pred_0",
        "model_2_multimer_v3_pred_0",
        "model_5_multimer_v3_pred_0"
    ]
}