{
    "features": 100.57695364952087,
    "process_features_model_1_multimer_v3_pred_0": 3.4809112548828125e-05,
    "predict_and_compile_model_1_multimer_v3_pred_0": 539.1209893226624,
    "relax_model_1_multimer_v3_pred_0": 218.74182105064392,
    "process_features_model_2_multimer_v3_pred_0": 2.288818359375e-05,
    "predict_and_compile_model_2_multimer_v3_pred_0": 425.9656591415405,
    "relax_model_2_multimer_v3_pred_0": 272.65302777290344,
    "process_features_model_3_multimer_v3_pred_0": 5.245208740234375e-06,
    "predict_and_compile_model_3_multimer_v3_pred_0": 471.69131684303284,
    "relax_model_3_multimer_v3_pred_0": 169.85206937789917,
    "process_features_model_4_multimer_v3_pred_0": 1.049041748046875e-05,
    "predict_and_compile_model_4_multimer_v3_pred_0": 423.9484519958496,
    "relax_model_4_multimer_v3_pred_0": 211.50975275039673,
    "process_features_model_5_multimer_v3_pred_0": 5.4836273193359375e-06,
    "predict_and_compile_model_5_multimer_v3_pred_0": 408.0530185699463,
    "relax_model_5_multimer_v3_pred_0": 146.03551244735718
}