{
    "iptm+ptm": {
        "model_1_multimer_v3_pred_0": 0.4860079516609264,
        "model_2_multimer_v3_pred_0": 0.7829389017606448,
        "model_3_multimer_v3_pred_0": 0.8061464119781026,
        "model_4_multimer_v3_pred_0": 0.8040478009212286,
        "model_5_multimer_v3_pred_0": 0.7769532962476561
    },
    "order": [
        "model_3_multimer_v3_pred_0",
        "model_4_multimer_v3_pred_0",
        "model_2_multimer_v3_pred_0",
        "model_5_multimer_v3_pred_0",
        "model_1_multimer_v3_pred_0"
    ]
}