{
    "features": 212.85044932365417,
    "process_features_model_1_multimer_v3_pred_0": 9.059906005859375e-06,
    "predict_and_compile_model_1_multimer_v3_pred_0": 516.5924987792969,
    "relax_model_1_multimer_v3_pred_0": 182.70754027366638,
    "process_features_model_2_multimer_v3_pred_0": 5.245208740234375e-06,
    "predict_and_compile_model_2_multimer_v3_pred_0": 511.47793889045715,
    "relax_model_2_multimer_v3_pred_0": 130.84008979797363,
    "process_features_model_3_multimer_v3_pred_0": 2.4318695068359375e-05,
    "predict_and_compile_model_3_multimer_v3_pred_0": 462.5969467163086,
    "relax_model_3_multimer_v3_pred_0": 181.28832602500916,
    "process_features_model_4_multimer_v3_pred_0": 5.0067901611328125e-06,
    "predict_and_compile_model_4_multimer_v3_pred_0": 501.3024682998657,
    "relax_model_4_multimer_v3_pred_0": 157.71618008613586,
    "process_features_model_5_multimer_v3_pred_0": 5.0067901611328125e-06,
    "predict_and_compile_model_5_multimer_v3_pred_0": 464.8393304347992,
    "relax_model_5_multimer_v3_pred_0": 321.8135395050049
}