{
    "iptm+ptm": {
        "model_1_multimer_v3_pred_0": 0.6416715813538321,
        "model_2_multimer_v3_pred_0": 0.6340099100836469,
        "model_3_multimer_v3_pred_0": 0.5669965749763389,
        "model_4_multimer_v3_pred_0": 0.52505400394819,
        "model_5_multimer_v3_pred_0": 0.6432900528862516
    },
    "order": [
        "model_5_multimer_v3_pred_0",
        "model_1_multimer_v3_pred_0",
        "model_2_multimer_v3_pred_0",
        "model_3_multimer_v3_pred_0",
        "model_4_multimer_v3_pred_0"
    ]
}