{
    "features": 312.8180594444275,
    "process_features_model_1_multimer_v3_pred_0": 1.0251998901367188e-05,
    "predict_and_compile_model_1_multimer_v3_pred_0": 568.7543454170227,
    "process_features_model_2_multimer_v3_pred_0": 1.8358230590820312e-05,
    "predict_and_compile_model_2_multimer_v3_pred_0": 714.9467973709106,
    "process_features_model_3_multimer_v3_pred_0": 2.47955322265625e-05,
    "predict_and_compile_model_3_multimer_v3_pred_0": 1120.0393552780151,
    "process_features_model_4_multimer_v3_pred_0": 2.5033950805664062e-05,
    "predict_and_compile_model_4_multimer_v3_pred_0": 1430.8104889392853,
    "process_features_model_5_multimer_v3_pred_0": 1.1205673217773438e-05,
    "predict_and_compile_model_5_multimer_v3_pred_0": 544.8061707019806
}