{
    "iptm+ptm": {
        "model_1_multimer_v3_pred_0": 0.6889753437312341,
        "model_2_multimer_v3_pred_0": 0.7267550851210555,
        "model_3_multimer_v3_pred_0": 0.6854267719148316,
        "model_4_multimer_v3_pred_0": 0.6199866869230605,
        "model_5_multimer_v3_pred_0": 0.6901527311544329
    },
    "order": [
        "model_2_multimer_v3_pred_0",
        "model_5_multimer_v3_pred_0",
        "model_1_multimer_v3_pred_0",
        "model_3_multimer_v3_pred_0",
        "model_4_multimer_v3_pred_0"
    ]
}