{
    "features": 267.2675702571869,
    "process_features_model_1_multimer_v3_pred_0": 9.059906005859375e-06,
    "predict_and_compile_model_1_multimer_v3_pred_0": 1719.7726850509644,
    "process_features_model_2_multimer_v3_pred_0": 8.821487426757812e-06,
    "predict_and_compile_model_2_multimer_v3_pred_0": 1106.540637254715,
    "process_features_model_3_multimer_v3_pred_0": 1.0967254638671875e-05,
    "predict_and_compile_model_3_multimer_v3_pred_0": 1713.5000643730164,
    "process_features_model_4_multimer_v3_pred_0": 1.8596649169921875e-05,
    "predict_and_compile_model_4_multimer_v3_pred_0": 1675.8166518211365,
    "process_features_model_5_multimer_v3_pred_0": 3.886222839355469e-05,
    "predict_and_compile_model_5_multimer_v3_pred_0": 1690.0727469921112
}