{
    "iptm+ptm": {
        "model_1_multimer_v3_pred_0": 0.5562248451092041,
        "model_2_multimer_v3_pred_0": 0.8319489010082701,
        "model_3_multimer_v3_pred_0": 0.809417373731337,
        "model_4_multimer_v3_pred_0": 0.7903449456090682,
        "model_5_multimer_v3_pred_0": 0.8504071084449649
    },
    "order": [
        "model_5_multimer_v3_pred_0",
        "model_2_multimer_v3_pred_0",
        "model_3_multimer_v3_pred_0",
        "model_4_multimer_v3_pred_0",
        "model_1_multimer_v3_pred_0"
    ]
}