{
    "features": 544.3391921520233,
    "process_features_model_1_multimer_v3_pred_0": 1.0251998901367188e-05,
    "predict_and_compile_model_1_multimer_v3_pred_0": 438.7396855354309,
    "relax_model_1_multimer_v3_pred_0": 247.01603031158447,
    "process_features_model_2_multimer_v3_pred_0": 2.1219253540039062e-05,
    "predict_and_compile_model_2_multimer_v3_pred_0": 602.6061618328094,
    "relax_model_2_multimer_v3_pred_0": 181.28135919570923,
    "process_features_model_3_multimer_v3_pred_0": 5.245208740234375e-06,
    "predict_and_compile_model_3_multimer_v3_pred_0": 663.55078291893,
    "relax_model_3_multimer_v3_pred_0": 207.31550550460815,
    "process_features_model_4_multimer_v3_pred_0": 5.4836273193359375e-06,
    "predict_and_compile_model_4_multimer_v3_pred_0": 541.9205572605133,
    "relax_model_4_multimer_v3_pred_0": 189.87184476852417,
    "process_features_model_5_multimer_v3_pred_0": 8.344650268554688e-06,
    "predict_and_compile_model_5_multimer_v3_pred_0": 596.9467852115631,
    "relax_model_5_multimer_v3_pred_0": 323.82656359672546
}