{
    "iptm+ptm": {
        "model_1_multimer_v3_pred_0": 0.8108115540883644,
        "model_2_multimer_v3_pred_0": 0.7972192439250491,
        "model_3_multimer_v3_pred_0": 0.8488193502099375,
        "model_4_multimer_v3_pred_0": 0.8302620227597526,
        "model_5_multimer_v3_pred_0": 0.8428475104221048
    },
    "order": [
        "model_3_multimer_v3_pred_0",
        "model_5_multimer_v3_pred_0",
        "model_4_multimer_v3_pred_0",
        "model_1_multimer_v3_pred_0",
        "model_2_multimer_v3_pred_0"
    ]
}