{
    "features": 209.6951060295105,
    "process_features_model_1_multimer_v3_pred_0": 1.239776611328125e-05,
    "predict_and_compile_model_1_multimer_v3_pred_0": 855.1678831577301,
    "relax_model_1_multimer_v3_pred_0": 224.22681498527527,
    "process_features_model_2_multimer_v3_pred_0": 1.430511474609375e-05,
    "predict_and_compile_model_2_multimer_v3_pred_0": 660.7211203575134,
    "relax_model_2_multimer_v3_pred_0": 1035.2834839820862,
    "process_features_model_3_multimer_v3_pred_0": 7.152557373046875e-06,
    "predict_and_compile_model_3_multimer_v3_pred_0": 833.1381554603577,
    "relax_model_3_multimer_v3_pred_0": 336.8062448501587,
    "process_features_model_4_multimer_v3_pred_0": 9.298324584960938e-06,
    "predict_and_compile_model_4_multimer_v3_pred_0": 1280.926808834076,
    "relax_model_4_multimer_v3_pred_0": 195.92010641098022,
    "process_features_model_5_multimer_v3_pred_0": 8.344650268554688e-06,
    "predict_and_compile_model_5_multimer_v3_pred_0": 784.919401884079,
    "relax_model_5_multimer_v3_pred_0": 482.9936227798462
}