{
    "iptm+ptm": {
        "model_1_multimer_v3_pred_0": 0.8232819006334258,
        "model_2_multimer_v3_pred_0": 0.8372390048257219,
        "model_3_multimer_v3_pred_0": 0.8304096002124488,
        "model_4_multimer_v3_pred_0": 0.8014898384189861,
        "model_5_multimer_v3_pred_0": 0.8011773178877992
    },
    "order": [
        "model_2_multimer_v3_pred_0",
        "model_3_multimer_v3_pred_0",
        "model_1_multimer_v3_pred_0",
        "model_4_multimer_v3_pred_0",
        "model_5_multimer_v3_pred_0"
    ]
}