{
    "features": 2086.3397541046143,
    "process_features_model_1_multimer_v3_pred_0": 1.0728836059570312e-05,
    "predict_and_compile_model_1_multimer_v3_pred_0": 1385.4875004291534,
    "relax_model_1_multimer_v3_pred_0": 328.74440145492554,
    "process_features_model_2_multimer_v3_pred_0": 2.2649765014648438e-05,
    "predict_and_compile_model_2_multimer_v3_pred_0": 1379.164161682129,
    "relax_model_2_multimer_v3_pred_0": 483.9696831703186,
    "process_features_model_3_multimer_v3_pred_0": 4.76837158203125e-06,
    "predict_and_compile_model_3_multimer_v3_pred_0": 939.5902557373047,
    "relax_model_3_multimer_v3_pred_0": 675.0526239871979,
    "process_features_model_4_multimer_v3_pred_0": 4.76837158203125e-06,
    "predict_and_compile_model_4_multimer_v3_pred_0": 1646.1505739688873,
    "relax_model_4_multimer_v3_pred_0": 284.5884780883789,
    "process_features_model_5_multimer_v3_pred_0": 5.0067901611328125e-06,
    "predict_and_compile_model_5_multimer_v3_pred_0": 1627.1475429534912,
    "relax_model_5_multimer_v3_pred_0": 297.4288010597229
}