{
    "iptm+ptm": {
        "model_1_multimer_v3_pred_0": 0.5248883010065709,
        "model_2_multimer_v3_pred_0": 0.589117067889974,
        "model_3_multimer_v3_pred_0": 0.5086410469047851,
        "model_4_multimer_v3_pred_0": 0.5832614809104334,
        "model_5_multimer_v3_pred_0": 0.47536824861621635
    },
    "order": [
        "model_2_multimer_v3_pred_0",
        "model_4_multimer_v3_pred_0",
        "model_1_multimer_v3_pred_0",
        "model_3_multimer_v3_pred_0",
        "model_5_multimer_v3_pred_0"
    ]
}