{
    "features": 264.0432777404785,
    "process_features_model_1_multimer_v3_pred_0": 8.821487426757812e-06,
    "predict_and_compile_model_1_multimer_v3_pred_0": 989.2824285030365,
    "relax_model_1_multimer_v3_pred_0": 766.4495105743408,
    "process_features_model_2_multimer_v3_pred_0": 9.298324584960938e-06,
    "predict_and_compile_model_2_multimer_v3_pred_0": 1057.6565079689026,
    "relax_model_2_multimer_v3_pred_0": 983.3377356529236,
    "process_features_model_3_multimer_v3_pred_0": 5.9604644775390625e-06,
    "predict_and_compile_model_3_multimer_v3_pred_0": 1526.83065867424,
    "relax_model_3_multimer_v3_pred_0": 720.8448317050934,
    "process_features_model_4_multimer_v3_pred_0": 1.33514404296875e-05,
    "predict_and_compile_model_4_multimer_v3_pred_0": 988.0650777816772,
    "relax_model_4_multimer_v3_pred_0": 516.7719538211823,
    "process_features_model_5_multimer_v3_pred_0": 5.7220458984375e-06,
    "predict_and_compile_model_5_multimer_v3_pred_0": 1486.1167454719543,
    "relax_model_5_multimer_v3_pred_0": 401.49216198921204
}