{
    "iptm+ptm": {
        "model_1_multimer_v3_pred_0": 0.4813805703820442,
        "model_2_multimer_v3_pred_0": 0.5298513933998107,
        "model_3_multimer_v3_pred_0": 0.535648020492483,
        "model_4_multimer_v3_pred_0": 0.5582921380310333,
        "model_5_multimer_v3_pred_0": 0.5297317535383173
    },
    "order": [
        "model_4_multimer_v3_pred_0",
        "model_3_multimer_v3_pred_0",
        "model_2_multimer_v3_pred_0",
        "model_5_multimer_v3_pred_0",
        "model_1_multimer_v3_pred_0"
    ]
}