{
    "features": 3472.623115301132,
    "process_features_model_1_multimer_v3_pred_0": 1.1205673217773438e-05,
    "predict_and_compile_model_1_multimer_v3_pred_0": 787.4414892196655,
    "relax_model_1_multimer_v3_pred_0": 327.3076949119568,
    "process_features_model_2_multimer_v3_pred_0": 2.3365020751953125e-05,
    "predict_and_compile_model_2_multimer_v3_pred_0": 732.361076593399,
    "relax_model_2_multimer_v3_pred_0": 139.19616627693176,
    "process_features_model_3_multimer_v3_pred_0": 5.9604644775390625e-06,
    "predict_and_compile_model_3_multimer_v3_pred_0": 668.3372645378113,
    "relax_model_3_multimer_v3_pred_0": 239.3503601551056,
    "process_features_model_4_multimer_v3_pred_0": 2.7894973754882812e-05,
    "predict_and_compile_model_4_multimer_v3_pred_0": 654.4827857017517,
    "relax_model_4_multimer_v3_pred_0": 187.92324256896973,
    "process_features_model_5_multimer_v3_pred_0": 2.2172927856445312e-05,
    "predict_and_compile_model_5_multimer_v3_pred_0": 1038.3492195606232,
    "relax_model_5_multimer_v3_pred_0": 192.05729222297668
}