{
    "iptm+ptm": {
        "model_1_multimer_v3_pred_0": 0.66029894659357,
        "model_2_multimer_v3_pred_0": 0.6499433001381018,
        "model_3_multimer_v3_pred_0": 0.6613922691700631,
        "model_4_multimer_v3_pred_0": 0.3240626625241161,
        "model_5_multimer_v3_pred_0": 0.6181903577618101
    },
    "order": [
        "model_3_multimer_v3_pred_0",
        "model_1_multimer_v3_pred_0",
        "model_2_multimer_v3_pred_0",
        "model_5_multimer_v3_pred_0",
        "model_4_multimer_v3_pred_0"
    ]
}