{
    "features": 270.673987865448,
    "process_features_model_1_multimer_v3_pred_0": 1.2159347534179688e-05,
    "predict_and_compile_model_1_multimer_v3_pred_0": 2074.3523428440094,
    "relax_model_1_multimer_v3_pred_0": 309.26785945892334,
    "process_features_model_2_multimer_v3_pred_0": 4.76837158203125e-06,
    "predict_and_compile_model_2_multimer_v3_pred_0": 2077.5277421474457,
    "relax_model_2_multimer_v3_pred_0": 858.3249921798706,
    "process_features_model_3_multimer_v3_pred_0": 1.049041748046875e-05,
    "predict_and_compile_model_3_multimer_v3_pred_0": 2083.363755941391,
    "relax_model_3_multimer_v3_pred_0": 974.1704757213593,
    "process_features_model_4_multimer_v3_pred_0": 4.5299530029296875e-06,
    "predict_and_compile_model_4_multimer_v3_pred_0": 2022.6384444236755,
    "relax_model_4_multimer_v3_pred_0": 416.24691104888916,
    "process_features_model_5_multimer_v3_pred_0": 2.3365020751953125e-05,
    "predict_and_compile_model_5_multimer_v3_pred_0": 2027.7732563018799,
    "relax_model_5_multimer_v3_pred_0": 661.5115859508514
}