{
    "iptm+ptm": {
        "model_1_multimer_v3_pred_0": 0.7789175857197389,
        "model_2_multimer_v3_pred_0": 0.7873126569718064,
        "model_3_multimer_v3_pred_0": 0.7816945598857604,
        "model_4_multimer_v3_pred_0": 0.7766799657058213,
        "model_5_multimer_v3_pred_0": 0.790731179022789
    },
    "order": [
        "model_5_multimer_v3_pred_0",
        "model_2_multimer_v3_pred_0",
        "model_3_multimer_v3_pred_0",
        "model_1_multimer_v3_pred_0",
        "model_4_multimer_v3_pred_0"
    ]
}