{
    "features": 72.13513159751892,
    "process_features_model_1_multimer_v3_pred_0": 9.059906005859375e-06,
    "predict_and_compile_model_1_multimer_v3_pred_0": 462.64805817604065,
    "relax_model_1_multimer_v3_pred_0": 215.0731635093689,
    "process_features_model_2_multimer_v3_pred_0": 1.1205673217773438e-05,
    "predict_and_compile_model_2_multimer_v3_pred_0": 532.5482754707336,
    "relax_model_2_multimer_v3_pred_0": 299.1675214767456,
    "process_features_model_3_multimer_v3_pred_0": 8.58306884765625e-06,
    "predict_and_compile_model_3_multimer_v3_pred_0": 591.953038930893,
    "relax_model_3_multimer_v3_pred_0": 390.5480034351349,
    "process_features_model_4_multimer_v3_pred_0": 9.298324584960938e-06,
    "predict_and_compile_model_4_multimer_v3_pred_0": 454.9711174964905,
    "relax_model_4_multimer_v3_pred_0": 302.04730343818665,
    "process_features_model_5_multimer_v3_pred_0": 8.106231689453125e-06,
    "predict_and_compile_model_5_multimer_v3_pred_0": 640.048154592514,
    "relax_model_5_multimer_v3_pred_0": 330.92623233795166
}