{
    "iptm+ptm": {
        "model_1_multimer_v3_pred_0": 0.8897791795766887,
        "model_2_multimer_v3_pred_0": 0.9015008991625427,
        "model_3_multimer_v3_pred_0": 0.9119894350462833,
        "model_4_multimer_v3_pred_0": 0.8911948135498704,
        "model_5_multimer_v3_pred_0": 0.913375115411228
    },
    "order": [
        "model_5_multimer_v3_pred_0",
        "model_3_multimer_v3_pred_0",
        "model_2_multimer_v3_pred_0",
        "model_4_multimer_v3_pred_0",
        "model_1_multimer_v3_pred_0"
    ]
}