{
    "features": 258.33904933929443,
    "process_features_model_1_multimer_v3_pred_0": 3.695487976074219e-05,
    "predict_and_compile_model_1_multimer_v3_pred_0": 1406.7231171131134,
    "relax_model_1_multimer_v3_pred_0": 332.8218491077423,
    "process_features_model_2_multimer_v3_pred_0": 3.62396240234375e-05,
    "predict_and_compile_model_2_multimer_v3_pred_0": 936.673819065094,
    "relax_model_2_multimer_v3_pred_0": 197.9121766090393,
    "process_features_model_3_multimer_v3_pred_0": 2.2649765014648438e-05,
    "predict_and_compile_model_3_multimer_v3_pred_0": 508.37217259407043,
    "relax_model_3_multimer_v3_pred_0": 271.38274216651917,
    "process_features_model_4_multimer_v3_pred_0": 3.3855438232421875e-05,
    "predict_and_compile_model_4_multimer_v3_pred_0": 459.14290261268616,
    "relax_model_4_multimer_v3_pred_0": 240.22411155700684,
    "process_features_model_5_multimer_v3_pred_0": 5.9604644775390625e-06,
    "predict_and_compile_model_5_multimer_v3_pred_0": 1405.2564370632172,
    "relax_model_5_multimer_v3_pred_0": 201.70192432403564
}