{
    "iptm+ptm": {
        "model_1_multimer_v3_pred_0": 0.5488422383260936,
        "model_2_multimer_v3_pred_0": 0.6719253960874223,
        "model_3_multimer_v3_pred_0": 0.6334423574223276,
        "model_4_multimer_v3_pred_0": 0.6372611593547558,
        "model_5_multimer_v3_pred_0": 0.6296964520462252
    },
    "order": [
        "model_2_multimer_v3_pred_0",
        "model_4_multimer_v3_pred_0",
        "model_3_multimer_v3_pred_0",
        "model_5_multimer_v3_pred_0",
        "model_1_multimer_v3_pred_0"
    ]
}