{
    "features": 235.7749218940735,
    "process_features_model_1_multimer_v3_pred_0": 9.775161743164062e-06,
    "predict_and_compile_model_1_multimer_v3_pred_0": 1117.7430758476257,
    "relax_model_1_multimer_v3_pred_0": 200.18484830856323,
    "process_features_model_2_multimer_v3_pred_0": 5.0067901611328125e-06,
    "predict_and_compile_model_2_multimer_v3_pred_0": 914.2482717037201,
    "relax_model_2_multimer_v3_pred_0": 282.2703604698181,
    "process_features_model_3_multimer_v3_pred_0": 5.9604644775390625e-06,
    "predict_and_compile_model_3_multimer_v3_pred_0": 1608.9225466251373,
    "relax_model_3_multimer_v3_pred_0": 961.4141540527344,
    "process_features_model_4_multimer_v3_pred_0": 6.67572021484375e-06,
    "predict_and_compile_model_4_multimer_v3_pred_0": 1179.0933501720428,
    "relax_model_4_multimer_v3_pred_0": 687.2925028800964,
    "process_features_model_5_multimer_v3_pred_0": 5.9604644775390625e-06,
    "predict_and_compile_model_5_multimer_v3_pred_0": 1106.5669417381287,
    "relax_model_5_multimer_v3_pred_0": 345.6086187362671
}