{
    "iptm+ptm": {
        "model_1_multimer_v3_pred_0": 0.7998723869763681,
        "model_2_multimer_v3_pred_0": 0.8092229727738344,
        "model_3_multimer_v3_pred_0": 0.8631507902107907,
        "model_4_multimer_v3_pred_0": 0.846659832111467,
        "model_5_multimer_v3_pred_0": 0.8511006040991723
    },
    "order": [
        "model_3_multimer_v3_pred_0",
        "model_5_multimer_v3_pred_0",
        "model_4_multimer_v3_pred_0",
        "model_2_multimer_v3_pred_0",
        "model_1_multimer_v3_pred_0"
    ]
}