{
    "features": 169.33171033859253,
    "process_features_model_1_multimer_v3_pred_0": 1.049041748046875e-05,
    "predict_and_compile_model_1_multimer_v3_pred_0": 351.94638681411743,
    "relax_model_1_multimer_v3_pred_0": 191.1164207458496,
    "process_features_model_2_multimer_v3_pred_0": 6.4373016357421875e-06,
    "predict_and_compile_model_2_multimer_v3_pred_0": 421.15802907943726,
    "relax_model_2_multimer_v3_pred_0": 279.7764186859131,
    "process_features_model_3_multimer_v3_pred_0": 5.9604644775390625e-06,
    "predict_and_compile_model_3_multimer_v3_pred_0": 435.7339253425598,
    "relax_model_3_multimer_v3_pred_0": 259.9101564884186,
    "process_features_model_4_multimer_v3_pred_0": 6.198883056640625e-06,
    "predict_and_compile_model_4_multimer_v3_pred_0": 428.58994245529175,
    "relax_model_4_multimer_v3_pred_0": 333.55606412887573,
    "process_features_model_5_multimer_v3_pred_0": 6.4373016357421875e-06,
    "predict_and_compile_model_5_multimer_v3_pred_0": 419.85580015182495,
    "relax_model_5_multimer_v3_pred_0": 264.6531102657318
}