{
    "iptm+ptm": {
        "model_1_multimer_v3_pred_0": 0.7315694979460018,
        "model_2_multimer_v3_pred_0": 0.7093603673683097,
        "model_3_multimer_v3_pred_0": 0.7221699946640713,
        "model_4_multimer_v3_pred_0": 0.6885294203354126,
        "model_5_multimer_v3_pred_0": 0.6818739821591036
    },
    "order": [
        "model_1_multimer_v3_pred_0",
        "model_3_multimer_v3_pred_0",
        "model_2_multimer_v3_pred_0",
        "model_4_multimer_v3_pred_0",
        "model_5_multimer_v3_pred_0"
    ]
}