{
    "features": 231.9375810623169,
    "process_features_model_1_multimer_v3_pred_0": 8.821487426757812e-06,
    "predict_and_compile_model_1_multimer_v3_pred_0": 1625.4631159305573,
    "relax_model_1_multimer_v3_pred_0": 681.6622560024261,
    "process_features_model_2_multimer_v3_pred_0": 5.0067901611328125e-06,
    "predict_and_compile_model_2_multimer_v3_pred_0": 1635.1257297992706,
    "relax_model_2_multimer_v3_pred_0": 292.69771361351013,
    "process_features_model_3_multimer_v3_pred_0": 5.4836273193359375e-06,
    "predict_and_compile_model_3_multimer_v3_pred_0": 631.4900920391083,
    "relax_model_3_multimer_v3_pred_0": 777.0128283500671,
    "process_features_model_4_multimer_v3_pred_0": 5.4836273193359375e-06,
    "predict_and_compile_model_4_multimer_v3_pred_0": 1617.1575818061829,
    "relax_model_4_multimer_v3_pred_0": 247.11850094795227,
    "process_features_model_5_multimer_v3_pred_0": 6.198883056640625e-06,
    "predict_and_compile_model_5_multimer_v3_pred_0": 1622.2709999084473,
    "relax_model_5_multimer_v3_pred_0": 661.2780387401581
}