{
    "iptm+ptm": {
        "model_1_multimer_v3_pred_0": 0.8988496773046519,
        "model_2_multimer_v3_pred_0": 0.9000452756876286,
        "model_3_multimer_v3_pred_0": 0.9145321566392837,
        "model_4_multimer_v3_pred_0": 0.9045030158788154,
        "model_5_multimer_v3_pred_0": 0.9154337163121558
    },
    "order": [
        "model_5_multimer_v3_pred_0",
        "model_3_multimer_v3_pred_0",
        "model_4_multimer_v3_pred_0",
        "model_2_multimer_v3_pred_0",
        "model_1_multimer_v3_pred_0"
    ]
}