{
    "features": 178.60800123214722,
    "process_features_model_1_multimer_v3_pred_0": 1.3113021850585938e-05,
    "predict_and_compile_model_1_multimer_v3_pred_0": 412.82170724868774,
    "relax_model_1_multimer_v3_pred_0": 307.14043951034546,
    "process_features_model_2_multimer_v3_pred_0": 5.0067901611328125e-06,
    "predict_and_compile_model_2_multimer_v3_pred_0": 399.95549607276917,
    "relax_model_2_multimer_v3_pred_0": 392.4565165042877,
    "process_features_model_3_multimer_v3_pred_0": 3.170967102050781e-05,
    "predict_and_compile_model_3_multimer_v3_pred_0": 356.6825428009033,
    "relax_model_3_multimer_v3_pred_0": 328.7028298377991,
    "process_features_model_4_multimer_v3_pred_0": 5.245208740234375e-06,
    "predict_and_compile_model_4_multimer_v3_pred_0": 386.6897258758545,
    "relax_model_4_multimer_v3_pred_0": 352.1967737674713,
    "process_features_model_5_multimer_v3_pred_0": 5.7220458984375e-06,
    "predict_and_compile_model_5_multimer_v3_pred_0": 405.3867394924164,
    "relax_model_5_multimer_v3_pred_0": 304.04612588882446
}