{
    "iptm+ptm": {
        "model_1_multimer_v3_pred_0": 0.7096229818163705,
        "model_2_multimer_v3_pred_0": 0.6552401599879794,
        "model_3_multimer_v3_pred_0": 0.5458938763765571,
        "model_4_multimer_v3_pred_0": 0.5814838608789953,
        "model_5_multimer_v3_pred_0": 0.6697608853199464
    },
    "order": [
        "model_1_multimer_v3_pred_0",
        "model_5_multimer_v3_pred_0",
        "model_2_multimer_v3_pred_0",
        "model_4_multimer_v3_pred_0",
        "model_3_multimer_v3_pred_0"
    ]
}