{
    "features": 123.93417310714722,
    "process_features_model_1_multimer_v3_pred_0": 1.2874603271484375e-05,
    "predict_and_compile_model_1_multimer_v3_pred_0": 395.5895574092865,
    "relax_model_1_multimer_v3_pred_0": 179.49387502670288,
    "process_features_model_2_multimer_v3_pred_0": 3.886222839355469e-05,
    "predict_and_compile_model_2_multimer_v3_pred_0": 628.8542273044586,
    "relax_model_2_multimer_v3_pred_0": 154.24051904678345,
    "process_features_model_3_multimer_v3_pred_0": 5.7220458984375e-06,
    "predict_and_compile_model_3_multimer_v3_pred_0": 523.4302697181702,
    "relax_model_3_multimer_v3_pred_0": 172.80983448028564,
    "process_features_model_4_multimer_v3_pred_0": 5.0067901611328125e-06,
    "predict_and_compile_model_4_multimer_v3_pred_0": 379.7450816631317,
    "relax_model_4_multimer_v3_pred_0": 242.6842098236084,
    "process_features_model_5_multimer_v3_pred_0": 5.7220458984375e-06,
    "predict_and_compile_model_5_multimer_v3_pred_0": 470.8555266857147,
    "relax_model_5_multimer_v3_pred_0": 240.13903832435608
}