{
    "iptm+ptm": {
        "model_1_multimer_v3_pred_0": 0.49729944104331736,
        "model_2_multimer_v3_pred_0": 0.36626221027751615,
        "model_3_multimer_v3_pred_0": 0.4953199016052182,
        "model_4_multimer_v3_pred_0": 0.5157849361258354,
        "model_5_multimer_v3_pred_0": 0.5130461061256459
    },
    "order": [
        "model_4_multimer_v3_pred_0",
        "model_5_multimer_v3_pred_0",
        "model_1_multimer_v3_pred_0",
        "model_3_multimer_v3_pred_0",
        "model_2_multimer_v3_pred_0"
    ]
}