{
    "features": 189.94463896751404,
    "process_features_model_1_multimer_v3_pred_0": 2.1696090698242188e-05,
    "predict_and_compile_model_1_multimer_v3_pred_0": 482.2656760215759,
    "relax_model_1_multimer_v3_pred_0": 178.56834030151367,
    "process_features_model_2_multimer_v3_pred_0": 6.198883056640625e-06,
    "predict_and_compile_model_2_multimer_v3_pred_0": 642.6348435878754,
    "relax_model_2_multimer_v3_pred_0": 735.0781714916229,
    "process_features_model_3_multimer_v3_pred_0": 4.76837158203125e-06,
    "predict_and_compile_model_3_multimer_v3_pred_0": 467.43194222450256,
    "relax_model_3_multimer_v3_pred_0": 304.2238471508026,
    "process_features_model_4_multimer_v3_pred_0": 6.67572021484375e-06,
    "predict_and_compile_model_4_multimer_v3_pred_0": 566.8149392604828,
    "relax_model_4_multimer_v3_pred_0": 251.2634391784668,
    "process_features_model_5_multimer_v3_pred_0": 6.198883056640625e-06,
    "predict_and_compile_model_5_multimer_v3_pred_0": 473.45059633255005,
    "relax_model_5_multimer_v3_pred_0": 374.2317774295807
}