{
    "iptm+ptm": {
        "model_1_multimer_v3_pred_0": 0.5421055400420108,
        "model_2_multimer_v3_pred_0": 0.5132809836133554,
        "model_3_multimer_v3_pred_0": 0.5665642302599809,
        "model_4_multimer_v3_pred_0": 0.5639989802790504,
        "model_5_multimer_v3_pred_0": 0.573108262313975
    },
    "order": [
        "model_5_multimer_v3_pred_0",
        "model_3_multimer_v3_pred_0",
        "model_4_multimer_v3_pred_0",
        "model_1_multimer_v3_pred_0",
        "model_2_multimer_v3_pred_0"
    ]
}