{
    "features": 245.23942852020264,
    "process_features_model_1_multimer_v3_pred_0": 1.6689300537109375e-05,
    "predict_and_compile_model_1_multimer_v3_pred_0": 449.9436147212982,
    "relax_model_1_multimer_v3_pred_0": 227.56533026695251,
    "process_features_model_2_multimer_v3_pred_0": 7.152557373046875e-06,
    "predict_and_compile_model_2_multimer_v3_pred_0": 448.87818217277527,
    "relax_model_2_multimer_v3_pred_0": 653.0229794979095,
    "process_features_model_3_multimer_v3_pred_0": 5.9604644775390625e-06,
    "predict_and_compile_model_3_multimer_v3_pred_0": 555.7211246490479,
    "relax_model_3_multimer_v3_pred_0": 178.13210225105286,
    "process_features_model_4_multimer_v3_pred_0": 4.76837158203125e-06,
    "predict_and_compile_model_4_multimer_v3_pred_0": 412.37291407585144,
    "relax_model_4_multimer_v3_pred_0": 431.5404224395752,
    "process_features_model_5_multimer_v3_pred_0": 4.76837158203125e-06,
    "predict_and_compile_model_5_multimer_v3_pred_0": 1264.5303828716278,
    "relax_model_5_multimer_v3_pred_0": 388.78440618515015
}