{
    "iptm+ptm": {
        "model_1_multimer_v3_pred_0": 0.8570706569870201,
        "model_2_multimer_v3_pred_0": 0.8553962547836147,
        "model_3_multimer_v3_pred_0": 0.8474805315142875,
        "model_4_multimer_v3_pred_0": 0.8642741670048998,
        "model_5_multimer_v3_pred_0": 0.8523427637763795
    },
    "order": [
        "model_4_multimer_v3_pred_0",
        "model_1_multimer_v3_pred_0",
        "model_2_multimer_v3_pred_0",
        "model_5_multimer_v3_pred_0",
        "model_3_multimer_v3_pred_0"
    ]
}