{
    "features": 185.5136959552765,
    "process_features_model_1_multimer_v3_pred_0": 2.384185791015625e-05,
    "predict_and_compile_model_1_multimer_v3_pred_0": 1077.7353937625885,
    "relax_model_1_multimer_v3_pred_0": 569.9045693874359,
    "process_features_model_2_multimer_v3_pred_0": 5.4836273193359375e-06,
    "predict_and_compile_model_2_multimer_v3_pred_0": 759.1293621063232,
    "relax_model_2_multimer_v3_pred_0": 270.98284578323364,
    "process_features_model_3_multimer_v3_pred_0": 5.4836273193359375e-06,
    "predict_and_compile_model_3_multimer_v3_pred_0": 689.2053315639496,
    "relax_model_3_multimer_v3_pred_0": 298.1910710334778,
    "process_features_model_4_multimer_v3_pred_0": 5.9604644775390625e-06,
    "predict_and_compile_model_4_multimer_v3_pred_0": 972.5123250484467,
    "relax_model_4_multimer_v3_pred_0": 431.747145652771,
    "process_features_model_5_multimer_v3_pred_0": 7.152557373046875e-06,
    "predict_and_compile_model_5_multimer_v3_pred_0": 1731.2987504005432,
    "relax_model_5_multimer_v3_pred_0": 308.5823302268982
}