{
    "iptm+ptm": {
        "model_1_multimer_v3_pred_0": 0.8523934694211946,
        "model_2_multimer_v3_pred_0": 0.850123434759446,
        "model_3_multimer_v3_pred_0": 0.8493369093129346,
        "model_4_multimer_v3_pred_0": 0.8595639758759609,
        "model_5_multimer_v3_pred_0": 0.8569702408755788
    },
    "order": [
        "model_4_multimer_v3_pred_0",
        "model_5_multimer_v3_pred_0",
        "model_1_multimer_v3_pred_0",
        "model_2_multimer_v3_pred_0",
        "model_3_multimer_v3_pred_0"
    ]
}