{
    "features": 184.43759751319885,
    "process_features_model_1_multimer_v3_pred_0": 1.3589859008789062e-05,
    "predict_and_compile_model_1_multimer_v3_pred_0": 1394.752730846405,
    "relax_model_1_multimer_v3_pred_0": 466.0606517791748,
    "process_features_model_2_multimer_v3_pred_0": 4.76837158203125e-06,
    "predict_and_compile_model_2_multimer_v3_pred_0": 678.4064981937408,
    "relax_model_2_multimer_v3_pred_0": 536.7131838798523,
    "process_features_model_3_multimer_v3_pred_0": 9.059906005859375e-06,
    "predict_and_compile_model_3_multimer_v3_pred_0": 1710.3754768371582,
    "relax_model_3_multimer_v3_pred_0": 870.2984280586243,
    "process_features_model_4_multimer_v3_pred_0": 5.245208740234375e-06,
    "predict_and_compile_model_4_multimer_v3_pred_0": 1047.7640399932861,
    "relax_model_4_multimer_v3_pred_0": 436.8365423679352,
    "process_features_model_5_multimer_v3_pred_0": 5.9604644775390625e-06,
    "predict_and_compile_model_5_multimer_v3_pred_0": 1724.5275325775146,
    "relax_model_5_multimer_v3_pred_0": 303.29515290260315
}