{
    "iptm+ptm": {
        "model_1_multimer_v3_pred_0": 0.8044702359475043,
        "model_2_multimer_v3_pred_0": 0.8025223219346561,
        "model_3_multimer_v3_pred_0": 0.7304045461082791,
        "model_4_multimer_v3_pred_0": 0.7614471743759914,
        "model_5_multimer_v3_pred_0": 0.8113525062451836
    },
    "order": [
        "model_5_multimer_v3_pred_0",
        "model_1_multimer_v3_pred_0",
        "model_2_multimer_v3_pred_0",
        "model_4_multimer_v3_pred_0",
        "model_3_multimer_v3_pred_0"
    ]
}