{
    "features": 196.36234998703003,
    "process_features_model_1_multimer_v3_pred_0": 3.457069396972656e-05,
    "predict_and_compile_model_1_multimer_v3_pred_0": 428.6557002067566,
    "relax_model_1_multimer_v3_pred_0": 189.89207196235657,
    "process_features_model_2_multimer_v3_pred_0": 4.5299530029296875e-06,
    "predict_and_compile_model_2_multimer_v3_pred_0": 429.9875590801239,
    "relax_model_2_multimer_v3_pred_0": 271.5267291069031,
    "process_features_model_3_multimer_v3_pred_0": 9.5367431640625e-06,
    "predict_and_compile_model_3_multimer_v3_pred_0": 566.5911529064178,
    "relax_model_3_multimer_v3_pred_0": 239.89612436294556,
    "process_features_model_4_multimer_v3_pred_0": 7.3909759521484375e-06,
    "predict_and_compile_model_4_multimer_v3_pred_0": 970.2644095420837,
    "relax_model_4_multimer_v3_pred_0": 342.72624373435974,
    "process_features_model_5_multimer_v3_pred_0": 5.245208740234375e-06,
    "predict_and_compile_model_5_multimer_v3_pred_0": 602.9310894012451,
    "relax_model_5_multimer_v3_pred_0": 302.96202850341797
}