{
    "iptm+ptm": {
        "model_1_multimer_v3_pred_0": 0.8510272467392679,
        "model_2_multimer_v3_pred_0": 0.877373809950156,
        "model_3_multimer_v3_pred_0": 0.8427686914676226,
        "model_4_multimer_v3_pred_0": 0.7678810347478193,
        "model_5_multimer_v3_pred_0": 0.8220215498081541
    },
    "order": [
        "model_2_multimer_v3_pred_0",
        "model_1_multimer_v3_pred_0",
        "model_3_multimer_v3_pred_0",
        "model_5_multimer_v3_pred_0",
        "model_4_multimer_v3_pred_0"
    ]
}