{
    "features": 189.88477754592896,
    "process_features_model_1_multimer_v3_pred_0": 9.298324584960938e-06,
    "predict_and_compile_model_1_multimer_v3_pred_0": 721.8588788509369,
    "relax_model_1_multimer_v3_pred_0": 269.995365858078,
    "process_features_model_2_multimer_v3_pred_0": 2.0503997802734375e-05,
    "predict_and_compile_model_2_multimer_v3_pred_0": 660.1767489910126,
    "relax_model_2_multimer_v3_pred_0": 340.95031476020813,
    "process_features_model_3_multimer_v3_pred_0": 5.245208740234375e-06,
    "predict_and_compile_model_3_multimer_v3_pred_0": 541.1254689693451,
    "relax_model_3_multimer_v3_pred_0": 430.1918466091156,
    "process_features_model_4_multimer_v3_pred_0": 1.2636184692382812e-05,
    "predict_and_compile_model_4_multimer_v3_pred_0": 467.3057656288147,
    "relax_model_4_multimer_v3_pred_0": 242.30375027656555,
    "process_features_model_5_multimer_v3_pred_0": 7.152557373046875e-06,
    "predict_and_compile_model_5_multimer_v3_pred_0": 1010.6901216506958,
    "relax_model_5_multimer_v3_pred_0": 253.7352156639099
}