{
    "iptm+ptm": {
        "model_1_multimer_v3_pred_0": 0.6759097914574678,
        "model_2_multimer_v3_pred_0": 0.6923558248727933,
        "model_3_multimer_v3_pred_0": 0.6794354048073805,
        "model_4_multimer_v3_pred_0": 0.6075223324702682,
        "model_5_multimer_v3_pred_0": 0.655897910423113
    },
    "order": [
        "model_2_multimer_v3_pred_0",
        "model_3_multimer_v3_pred_0",
        "model_1_multimer_v3_pred_0",
        "model_5_multimer_v3_pred_0",
        "model_4_multimer_v3_pred_0"
    ]
}