{
    "features": 287.66435170173645,
    "process_features_model_1_multimer_v3_pred_0": 1.5974044799804688e-05,
    "predict_and_compile_model_1_multimer_v3_pred_0": 1745.2802698612213,
    "process_features_model_2_multimer_v3_pred_0": 2.8371810913085938e-05,
    "predict_and_compile_model_2_multimer_v3_pred_0": 1747.9184544086456,
    "process_features_model_3_multimer_v3_pred_0": 4.029273986816406e-05,
    "predict_and_compile_model_3_multimer_v3_pred_0": 1759.4368731975555,
    "process_features_model_4_multimer_v3_pred_0": 6.556510925292969e-05,
    "predict_and_compile_model_4_multimer_v3_pred_0": 1641.9012205600739,
    "process_features_model_5_multimer_v3_pred_0": 2.6226043701171875e-05,
    "predict_and_compile_model_5_multimer_v3_pred_0": 1708.2694330215454
}