{
    "iptm+ptm": {
        "model_1_multimer_v3_pred_0": 0.8077103030030122,
        "model_2_multimer_v3_pred_0": 0.8398788105323486,
        "model_3_multimer_v3_pred_0": 0.8252682587784117,
        "model_4_multimer_v3_pred_0": 0.837118134463246,
        "model_5_multimer_v3_pred_0": 0.8313369237258624
    },
    "order": [
        "model_2_multimer_v3_pred_0",
        "model_4_multimer_v3_pred_0",
        "model_5_multimer_v3_pred_0",
        "model_3_multimer_v3_pred_0",
        "model_1_multimer_v3_pred_0"
    ]
}