{
    "features": 175.7269561290741,
    "process_features_model_1_multimer_v3_pred_0": 0.00010085105895996094,
    "predict_and_compile_model_1_multimer_v3_pred_0": 718.3950815200806,
    "relax_model_1_multimer_v3_pred_0": 171.22566151618958,
    "process_features_model_2_multimer_v3_pred_0": 5.0067901611328125e-06,
    "predict_and_compile_model_2_multimer_v3_pred_0": 716.1353871822357,
    "relax_model_2_multimer_v3_pred_0": 321.42089796066284,
    "process_features_model_3_multimer_v3_pred_0": 6.9141387939453125e-06,
    "predict_and_compile_model_3_multimer_v3_pred_0": 789.3679754734039,
    "relax_model_3_multimer_v3_pred_0": 329.4734539985657,
    "process_features_model_4_multimer_v3_pred_0": 6.198883056640625e-06,
    "predict_and_compile_model_4_multimer_v3_pred_0": 606.1543757915497,
    "relax_model_4_multimer_v3_pred_0": 234.95180249214172,
    "process_features_model_5_multimer_v3_pred_0": 5.9604644775390625e-06,
    "predict_and_compile_model_5_multimer_v3_pred_0": 661.2571978569031,
    "relax_model_5_multimer_v3_pred_0": 284.2283661365509
}