{
    "iptm+ptm": {
        "model_1_multimer_v3_pred_0": 0.5679464674913011,
        "model_2_multimer_v3_pred_0": 0.47074329481629407,
        "model_3_multimer_v3_pred_0": 0.5106476888624509,
        "model_4_multimer_v3_pred_0": 0.581850816133884,
        "model_5_multimer_v3_pred_0": 0.6299206478258048
    },
    "order": [
        "model_5_multimer_v3_pred_0",
        "model_4_multimer_v3_pred_0",
        "model_1_multimer_v3_pred_0",
        "model_3_multimer_v3_pred_0",
        "model_2_multimer_v3_pred_0"
    ]
}