{
    "features": 275.16093492507935,
    "process_features_model_1_multimer_v3_pred_0": 1.3113021850585938e-05,
    "predict_and_compile_model_1_multimer_v3_pred_0": 3106.7255923748016,
    "relax_model_1_multimer_v3_pred_0": 1239.108508348465,
    "process_features_model_2_multimer_v3_pred_0": 5.0067901611328125e-06,
    "predict_and_compile_model_2_multimer_v3_pred_0": 3093.21328663826,
    "relax_model_2_multimer_v3_pred_0": 1383.7085041999817,
    "process_features_model_3_multimer_v3_pred_0": 5.4836273193359375e-06,
    "predict_and_compile_model_3_multimer_v3_pred_0": 3094.2697002887726,
    "relax_model_3_multimer_v3_pred_0": 2282.101163625717,
    "process_features_model_4_multimer_v3_pred_0": 8.344650268554688e-06,
    "predict_and_compile_model_4_multimer_v3_pred_0": 2998.405468225479,
    "relax_model_4_multimer_v3_pred_0": 1106.9011919498444,
    "process_features_model_5_multimer_v3_pred_0": 5.0067901611328125e-06,
    "predict_and_compile_model_5_multimer_v3_pred_0": 3000.0486505031586,
    "relax_model_5_multimer_v3_pred_0": 1334.4633123874664
}