{
    "iptm+ptm": {
        "model_1_multimer_v3_pred_0": 0.8629118287715909,
        "model_2_multimer_v3_pred_0": 0.8631598241750369,
        "model_3_multimer_v3_pred_0": 0.8600434814924619,
        "model_4_multimer_v3_pred_0": 0.8679475097309923,
        "model_5_multimer_v3_pred_0": 0.8722142909998053
    },
    "order": [
        "model_5_multimer_v3_pred_0",
        "model_4_multimer_v3_pred_0",
        "model_2_multimer_v3_pred_0",
        "model_1_multimer_v3_pred_0",
        "model_3_multimer_v3_pred_0"
    ]
}