{
    "features": 182.2707748413086,
    "process_features_model_1_multimer_v3_pred_0": 1.0728836059570312e-05,
    "predict_and_compile_model_1_multimer_v3_pred_0": 587.5527942180634,
    "relax_model_1_multimer_v3_pred_0": 201.05983114242554,
    "process_features_model_2_multimer_v3_pred_0": 5.245208740234375e-06,
    "predict_and_compile_model_2_multimer_v3_pred_0": 640.0439743995667,
    "relax_model_2_multimer_v3_pred_0": 185.31194353103638,
    "process_features_model_3_multimer_v3_pred_0": 3.314018249511719e-05,
    "predict_and_compile_model_3_multimer_v3_pred_0": 462.64082050323486,
    "relax_model_3_multimer_v3_pred_0": 232.6924922466278,
    "process_features_model_4_multimer_v3_pred_0": 1.6689300537109375e-05,
    "predict_and_compile_model_4_multimer_v3_pred_0": 693.0428483486176,
    "relax_model_4_multimer_v3_pred_0": 203.29675602912903,
    "process_features_model_5_multimer_v3_pred_0": 2.09808349609375e-05,
    "predict_and_compile_model_5_multimer_v3_pred_0": 523.6052851676941,
    "relax_model_5_multimer_v3_pred_0": 358.86147451400757
}