{
    "iptm+ptm": {
        "model_1_multimer_v3_pred_0": 0.6708262540994324,
        "model_2_multimer_v3_pred_0": 0.6570182867284043,
        "model_3_multimer_v3_pred_0": 0.6578238462851751,
        "model_4_multimer_v3_pred_0": 0.30934829745990833,
        "model_5_multimer_v3_pred_0": 0.6332222620759922
    },
    "order": [
        "model_1_multimer_v3_pred_0",
        "model_3_multimer_v3_pred_0",
        "model_2_multimer_v3_pred_0",
        "model_5_multimer_v3_pred_0",
        "model_4_multimer_v3_pred_0"
    ]
}