{
    "features": 313.4228594303131,
    "process_features_model_1_multimer_v3_pred_0": 8.58306884765625e-06,
    "predict_and_compile_model_1_multimer_v3_pred_0": 2030.1035838127136,
    "relax_model_1_multimer_v3_pred_0": 353.47699761390686,
    "process_features_model_2_multimer_v3_pred_0": 1.0013580322265625e-05,
    "predict_and_compile_model_2_multimer_v3_pred_0": 2044.596887588501,
    "relax_model_2_multimer_v3_pred_0": 434.3046660423279,
    "process_features_model_3_multimer_v3_pred_0": 1.0251998901367188e-05,
    "predict_and_compile_model_3_multimer_v3_pred_0": 2051.0263352394104,
    "relax_model_3_multimer_v3_pred_0": 562.6203997135162,
    "process_features_model_4_multimer_v3_pred_0": 2.0742416381835938e-05,
    "predict_and_compile_model_4_multimer_v3_pred_0": 2005.3090858459473,
    "relax_model_4_multimer_v3_pred_0": 411.7808561325073,
    "process_features_model_5_multimer_v3_pred_0": 1.2874603271484375e-05,
    "predict_and_compile_model_5_multimer_v3_pred_0": 1994.3439121246338,
    "relax_model_5_multimer_v3_pred_0": 723.4780073165894
}