{
    "iptm+ptm": {
        "model_1_multimer_v3_pred_0": 0.45074387841697994,
        "model_2_multimer_v3_pred_0": 0.5312917593064944,
        "model_3_multimer_v3_pred_0": 0.48716506488702394,
        "model_4_multimer_v3_pred_0": 0.5377933398030423,
        "model_5_multimer_v3_pred_0": 0.4965408158882168
    },
    "order": [
        "model_4_multimer_v3_pred_0",
        "model_2_multimer_v3_pred_0",
        "model_5_multimer_v3_pred_0",
        "model_3_multimer_v3_pred_0",
        "model_1_multimer_v3_pred_0"
    ]
}