{
    "features": 253.8350691795349,
    "process_features_model_1_multimer_v3_pred_0": 1.0251998901367188e-05,
    "predict_and_compile_model_1_multimer_v3_pred_0": 1534.6707599163055,
    "relax_model_1_multimer_v3_pred_0": 573.8589787483215,
    "process_features_model_2_multimer_v3_pred_0": 6.198883056640625e-06,
    "predict_and_compile_model_2_multimer_v3_pred_0": 676.2392556667328,
    "relax_model_2_multimer_v3_pred_0": 254.1363136768341,
    "process_features_model_3_multimer_v3_pred_0": 5.245208740234375e-06,
    "predict_and_compile_model_3_multimer_v3_pred_0": 1218.0352551937103,
    "relax_model_3_multimer_v3_pred_0": 532.5267164707184,
    "process_features_model_4_multimer_v3_pred_0": 5.4836273193359375e-06,
    "predict_and_compile_model_4_multimer_v3_pred_0": 854.3235852718353,
    "relax_model_4_multimer_v3_pred_0": 825.4408106803894,
    "process_features_model_5_multimer_v3_pred_0": 5.7220458984375e-06,
    "predict_and_compile_model_5_multimer_v3_pred_0": 734.3142790794373,
    "relax_model_5_multimer_v3_pred_0": 401.6607577800751
}