{
    "iptm+ptm": {
        "model_1_multimer_v3_pred_0": 0.49224649356327377,
        "model_2_multimer_v3_pred_0": 0.4553970396808196,
        "model_3_multimer_v3_pred_0": 0.46151714809552546,
        "model_4_multimer_v3_pred_0": 0.49459930881498837,
        "model_5_multimer_v3_pred_0": 0.5010072208732396
    },
    "order": [
        "model_5_multimer_v3_pred_0",
        "model_4_multimer_v3_pred_0",
        "model_1_multimer_v3_pred_0",
        "model_3_multimer_v3_pred_0",
        "model_2_multimer_v3_pred_0"
    ]
}