{
    "features": 202.51612186431885,
    "process_features_model_1_multimer_v3_pred_0": 2.956390380859375e-05,
    "predict_and_compile_model_1_multimer_v3_pred_0": 658.3734354972839,
    "relax_model_1_multimer_v3_pred_0": 197.9332926273346,
    "process_features_model_2_multimer_v3_pred_0": 5.7220458984375e-06,
    "predict_and_compile_model_2_multimer_v3_pred_0": 1352.0711240768433,
    "relax_model_2_multimer_v3_pred_0": 163.17584800720215,
    "process_features_model_3_multimer_v3_pred_0": 4.76837158203125e-06,
    "predict_and_compile_model_3_multimer_v3_pred_0": 1351.279449224472,
    "relax_model_3_multimer_v3_pred_0": 190.07660603523254,
    "process_features_model_4_multimer_v3_pred_0": 5.4836273193359375e-06,
    "predict_and_compile_model_4_multimer_v3_pred_0": 1021.9574811458588,
    "relax_model_4_multimer_v3_pred_0": 763.3308303356171,
    "process_features_model_5_multimer_v3_pred_0": 4.76837158203125e-06,
    "predict_and_compile_model_5_multimer_v3_pred_0": 712.2741508483887,
    "relax_model_5_multimer_v3_pred_0": 404.1176269054413
}