{
    "iptm+ptm": {
        "model_1_multimer_v3_pred_0": 0.8428411384803195,
        "model_2_multimer_v3_pred_0": 0.8722518844074235,
        "model_3_multimer_v3_pred_0": 0.846444913839363,
        "model_4_multimer_v3_pred_0": 0.7900914737928267,
        "model_5_multimer_v3_pred_0": 0.8561590066098583
    },
    "order": [
        "model_2_multimer_v3_pred_0",
        "model_5_multimer_v3_pred_0",
        "model_3_multimer_v3_pred_0",
        "model_1_multimer_v3_pred_0",
        "model_4_multimer_v3_pred_0"
    ]
}