{
    "features": 172.52353286743164,
    "process_features_model_1_multimer_v3_pred_0": 3.0279159545898438e-05,
    "predict_and_compile_model_1_multimer_v3_pred_0": 1321.078663110733,
    "relax_model_1_multimer_v3_pred_0": 214.63896894454956,
    "process_features_model_2_multimer_v3_pred_0": 1.1205673217773438e-05,
    "predict_and_compile_model_2_multimer_v3_pred_0": 723.6626327037811,
    "relax_model_2_multimer_v3_pred_0": 364.80619740486145,
    "process_features_model_3_multimer_v3_pred_0": 6.198883056640625e-06,
    "predict_and_compile_model_3_multimer_v3_pred_0": 1232.9542155265808,
    "relax_model_3_multimer_v3_pred_0": 402.8789322376251,
    "process_features_model_4_multimer_v3_pred_0": 6.198883056640625e-06,
    "predict_and_compile_model_4_multimer_v3_pred_0": 1477.1915211677551,
    "relax_model_4_multimer_v3_pred_0": 260.9101355075836,
    "process_features_model_5_multimer_v3_pred_0": 8.821487426757812e-06,
    "predict_and_compile_model_5_multimer_v3_pred_0": 588.6734235286713,
    "relax_model_5_multimer_v3_pred_0": 254.3534128665924
}