{
    "iptm+ptm": {
        "model_1_multimer_v3_pred_0": 0.8380409729794455,
        "model_2_multimer_v3_pred_0": 0.8686797526934364,
        "model_3_multimer_v3_pred_0": 0.8775329770673236,
        "model_4_multimer_v3_pred_0": 0.8302724967829574,
        "model_5_multimer_v3_pred_0": 0.8551814109554783
    },
    "order": [
        "model_3_multimer_v3_pred_0",
        "model_2_multimer_v3_pred_0",
        "model_5_multimer_v3_pred_0",
        "model_1_multimer_v3_pred_0",
        "model_4_multimer_v3_pred_0"
    ]
}