{
    "features": 194.18617343902588,
    "process_features_model_1_multimer_v3_pred_0": 3.409385681152344e-05,
    "predict_and_compile_model_1_multimer_v3_pred_0": 868.490344285965,
    "relax_model_1_multimer_v3_pred_0": 196.4072344303131,
    "process_features_model_2_multimer_v3_pred_0": 6.67572021484375e-06,
    "predict_and_compile_model_2_multimer_v3_pred_0": 468.48149704933167,
    "relax_model_2_multimer_v3_pred_0": 213.71134567260742,
    "process_features_model_3_multimer_v3_pred_0": 5.4836273193359375e-06,
    "predict_and_compile_model_3_multimer_v3_pred_0": 716.39892745018,
    "relax_model_3_multimer_v3_pred_0": 245.45880675315857,
    "process_features_model_4_multimer_v3_pred_0": 6.9141387939453125e-06,
    "predict_and_compile_model_4_multimer_v3_pred_0": 1230.309740781784,
    "relax_model_4_multimer_v3_pred_0": 491.02395963668823,
    "process_features_model_5_multimer_v3_pred_0": 5.4836273193359375e-06,
    "predict_and_compile_model_5_multimer_v3_pred_0": 453.21617817878723,
    "relax_model_5_multimer_v3_pred_0": 148.301913022995
}