{
    "iptm+ptm": {
        "model_1_multimer_v3_pred_0": 0.7823333560364781,
        "model_2_multimer_v3_pred_0": 0.7839153982556741,
        "model_3_multimer_v3_pred_0": 0.8129306896674988,
        "model_4_multimer_v3_pred_0": 0.8108767340801375,
        "model_5_multimer_v3_pred_0": 0.7938722983334433
    },
    "order": [
        "model_3_multimer_v3_pred_0",
        "model_4_multimer_v3_pred_0",
        "model_5_multimer_v3_pred_0",
        "model_2_multimer_v3_pred_0",
        "model_1_multimer_v3_pred_0"
    ]
}