{
    "features": 222.0138967037201,
    "process_features_model_1_multimer_v3_pred_0": 1.0728836059570312e-05,
    "predict_and_compile_model_1_multimer_v3_pred_0": 606.9548463821411,
    "relax_model_1_multimer_v3_pred_0": 258.1317460536957,
    "process_features_model_2_multimer_v3_pred_0": 1.1444091796875e-05,
    "predict_and_compile_model_2_multimer_v3_pred_0": 495.2422800064087,
    "relax_model_2_multimer_v3_pred_0": 204.40108609199524,
    "process_features_model_3_multimer_v3_pred_0": 1.33514404296875e-05,
    "predict_and_compile_model_3_multimer_v3_pred_0": 414.2213890552521,
    "relax_model_3_multimer_v3_pred_0": 393.80544567108154,
    "process_features_model_4_multimer_v3_pred_0": 1.1920928955078125e-05,
    "predict_and_compile_model_4_multimer_v3_pred_0": 602.0676999092102,
    "relax_model_4_multimer_v3_pred_0": 289.72125029563904,
    "process_features_model_5_multimer_v3_pred_0": 3.0040740966796875e-05,
    "predict_and_compile_model_5_multimer_v3_pred_0": 412.0768630504608,
    "relax_model_5_multimer_v3_pred_0": 215.62938475608826
}