{
    "iptm+ptm": {
        "model_1_multimer_v3_pred_0": 0.6544656103807935,
        "model_2_multimer_v3_pred_0": 0.637363861209971,
        "model_3_multimer_v3_pred_0": 0.6269586935205643,
        "model_4_multimer_v3_pred_0": 0.6908212386980206,
        "model_5_multimer_v3_pred_0": 0.6519460091661058
    },
    "order": [
        "model_4_multimer_v3_pred_0",
        "model_1_multimer_v3_pred_0",
        "model_5_multimer_v3_pred_0",
        "model_2_multimer_v3_pred_0",
        "model_3_multimer_v3_pred_0"
    ]
}