{
    "features": 202.70874547958374,
    "process_features_model_1_multimer_v3_pred_0": 3.7670135498046875e-05,
    "predict_and_compile_model_1_multimer_v3_pred_0": 1401.3840606212616,
    "relax_model_1_multimer_v3_pred_0": 261.52810740470886,
    "process_features_model_2_multimer_v3_pred_0": 5.4836273193359375e-06,
    "predict_and_compile_model_2_multimer_v3_pred_0": 510.1624228954315,
    "relax_model_2_multimer_v3_pred_0": 268.7558422088623,
    "process_features_model_3_multimer_v3_pred_0": 4.291534423828125e-06,
    "predict_and_compile_model_3_multimer_v3_pred_0": 788.1564319133759,
    "relax_model_3_multimer_v3_pred_0": 444.5000262260437,
    "process_features_model_4_multimer_v3_pred_0": 5.4836273193359375e-06,
    "predict_and_compile_model_4_multimer_v3_pred_0": 1342.5380086898804,
    "relax_model_4_multimer_v3_pred_0": 234.52453136444092,
    "process_features_model_5_multimer_v3_pred_0": 6.4373016357421875e-06,
    "predict_and_compile_model_5_multimer_v3_pred_0": 1355.4387924671173,
    "relax_model_5_multimer_v3_pred_0": 292.77857875823975
}