{
    "iptm+ptm": {
        "model_1_multimer_v3_pred_0": 0.816577280681782,
        "model_2_multimer_v3_pred_0": 0.7476257441557902,
        "model_3_multimer_v3_pred_0": 0.8063437412753789,
        "model_4_multimer_v3_pred_0": 0.8174236114413203,
        "model_5_multimer_v3_pred_0": 0.8410579096582768
    },
    "order": [
        "model_5_multimer_v3_pred_0",
        "model_4_multimer_v3_pred_0",
        "model_1_multimer_v3_pred_0",
        "model_3_multimer_v3_pred_0",
        "model_2_multimer_v3_pred_0"
    ]
}