{
    "features": 161.01476502418518,
    "process_features_model_1_multimer_v3_pred_0": 8.821487426757812e-06,
    "predict_and_compile_model_1_multimer_v3_pred_0": 1597.9691274166107,
    "relax_model_1_multimer_v3_pred_0": 200.0383279323578,
    "process_features_model_2_multimer_v3_pred_0": 4.5299530029296875e-06,
    "predict_and_compile_model_2_multimer_v3_pred_0": 826.5299971103668,
    "relax_model_2_multimer_v3_pred_0": 348.7347836494446,
    "process_features_model_3_multimer_v3_pred_0": 3.4809112548828125e-05,
    "predict_and_compile_model_3_multimer_v3_pred_0": 1774.7149877548218,
    "relax_model_3_multimer_v3_pred_0": 862.2724545001984,
    "process_features_model_4_multimer_v3_pred_0": 5.0067901611328125e-06,
    "predict_and_compile_model_4_multimer_v3_pred_0": 1730.2471635341644,
    "relax_model_4_multimer_v3_pred_0": 638.9980783462524,
    "process_features_model_5_multimer_v3_pred_0": 5.9604644775390625e-06,
    "predict_and_compile_model_5_multimer_v3_pred_0": 1738.4464628696442,
    "relax_model_5_multimer_v3_pred_0": 1014.7755136489868
}