{
    "iptm+ptm": {
        "model_1_multimer_v3_pred_0": 0.8091916241267488,
        "model_2_multimer_v3_pred_0": 0.8892367656127859,
        "model_3_multimer_v3_pred_0": 0.8780684693143546,
        "model_4_multimer_v3_pred_0": 0.8053059152906165,
        "model_5_multimer_v3_pred_0": 0.8192736533760853
    },
    "order": [
        "model_2_multimer_v3_pred_0",
        "model_3_multimer_v3_pred_0",
        "model_5_multimer_v3_pred_0",
        "model_1_multimer_v3_pred_0",
        "model_4_multimer_v3_pred_0"
    ]
}