{
    "features": 104.15031290054321,
    "process_features_model_1_multimer_v3_pred_0": 2.1696090698242188e-05,
    "predict_and_compile_model_1_multimer_v3_pred_0": 350.4108729362488,
    "relax_model_1_multimer_v3_pred_0": 555.6435081958771,
    "process_features_model_2_multimer_v3_pred_0": 1.0251998901367188e-05,
    "predict_and_compile_model_2_multimer_v3_pred_0": 354.98033833503723,
    "relax_model_2_multimer_v3_pred_0": 239.05540919303894,
    "process_features_model_3_multimer_v3_pred_0": 1.3828277587890625e-05,
    "predict_and_compile_model_3_multimer_v3_pred_0": 376.4091365337372,
    "relax_model_3_multimer_v3_pred_0": 246.35727620124817,
    "process_features_model_4_multimer_v3_pred_0": 1.1444091796875e-05,
    "predict_and_compile_model_4_multimer_v3_pred_0": 332.70384550094604,
    "relax_model_4_multimer_v3_pred_0": 196.6109766960144,
    "process_features_model_5_multimer_v3_pred_0": 1.049041748046875e-05,
    "predict_and_compile_model_5_multimer_v3_pred_0": 296.36176323890686,
    "relax_model_5_multimer_v3_pred_0": 214.43642139434814
}