{
    "iptm+ptm": {
        "model_1_multimer_v3_pred_0": 0.5313054981486834,
        "model_2_multimer_v3_pred_0": 0.49066707413759564,
        "model_3_multimer_v3_pred_0": 0.5276475464559114,
        "model_4_multimer_v3_pred_0": 0.5480919067935972,
        "model_5_multimer_v3_pred_0": 0.5214937176819916
    },
    "order": [
        "model_4_multimer_v3_pred_0",
        "model_1_multimer_v3_pred_0",
        "model_3_multimer_v3_pred_0",
        "model_5_multimer_v3_pred_0",
        "model_2_multimer_v3_pred_0"
    ]
}