{
    "features": 181.59228205680847,
    "process_features_model_1_multimer_v3_pred_0": 1.1205673217773438e-05,
    "predict_and_compile_model_1_multimer_v3_pred_0": 485.0049901008606,
    "relax_model_1_multimer_v3_pred_0": 377.45592617988586,
    "process_features_model_2_multimer_v3_pred_0": 6.198883056640625e-06,
    "predict_and_compile_model_2_multimer_v3_pred_0": 352.144419670105,
    "relax_model_2_multimer_v3_pred_0": 361.80548763275146,
    "process_features_model_3_multimer_v3_pred_0": 6.67572021484375e-06,
    "predict_and_compile_model_3_multimer_v3_pred_0": 480.1872012615204,
    "relax_model_3_multimer_v3_pred_0": 547.115884065628,
    "process_features_model_4_multimer_v3_pred_0": 6.198883056640625e-06,
    "predict_and_compile_model_4_multimer_v3_pred_0": 579.3970582485199,
    "relax_model_4_multimer_v3_pred_0": 908.1360232830048,
    "process_features_model_5_multimer_v3_pred_0": 6.67572021484375e-06,
    "predict_and_compile_model_5_multimer_v3_pred_0": 528.5035543441772,
    "relax_model_5_multimer_v3_pred_0": 259.30855345726013
}