{
    "iptm+ptm": {
        "model_1_multimer_v3_pred_0": 0.8254311931415104,
        "model_2_multimer_v3_pred_0": 0.8464677249551396,
        "model_3_multimer_v3_pred_0": 0.8401996747640632,
        "model_4_multimer_v3_pred_0": 0.8311210484847993,
        "model_5_multimer_v3_pred_0": 0.8419662794458633
    },
    "order": [
        "model_2_multimer_v3_pred_0",
        "model_5_multimer_v3_pred_0",
        "model_3_multimer_v3_pred_0",
        "model_4_multimer_v3_pred_0",
        "model_1_multimer_v3_pred_0"
    ]
}