{
    "features": 181.41207122802734,
    "process_features_model_1_multimer_v3_pred_0": 1.1920928955078125e-05,
    "predict_and_compile_model_1_multimer_v3_pred_0": 537.8709676265717,
    "relax_model_1_multimer_v3_pred_0": 321.0066611766815,
    "process_features_model_2_multimer_v3_pred_0": 1.1682510375976562e-05,
    "predict_and_compile_model_2_multimer_v3_pred_0": 464.526490688324,
    "relax_model_2_multimer_v3_pred_0": 246.5120406150818,
    "process_features_model_3_multimer_v3_pred_0": 6.4373016357421875e-06,
    "predict_and_compile_model_3_multimer_v3_pred_0": 457.99183535575867,
    "relax_model_3_multimer_v3_pred_0": 245.96120834350586,
    "process_features_model_4_multimer_v3_pred_0": 5.0067901611328125e-06,
    "predict_and_compile_model_4_multimer_v3_pred_0": 402.1694941520691,
    "relax_model_4_multimer_v3_pred_0": 203.0081081390381,
    "process_features_model_5_multimer_v3_pred_0": 5.9604644775390625e-06,
    "predict_and_compile_model_5_multimer_v3_pred_0": 525.2404782772064,
    "relax_model_5_multimer_v3_pred_0": 394.3318998813629
}