{
    "iptm+ptm": {
        "model_1_multimer_v3_pred_0": 0.7964161351051503,
        "model_2_multimer_v3_pred_0": 0.7999500924706929,
        "model_3_multimer_v3_pred_0": 0.804022165634465,
        "model_4_multimer_v3_pred_0": 0.7959889697288423,
        "model_5_multimer_v3_pred_0": 0.8025442529136065
    },
    "order": [
        "model_3_multimer_v3_pred_0",
        "model_5_multimer_v3_pred_0",
        "model_2_multimer_v3_pred_0",
        "model_1_multimer_v3_pred_0",
        "model_4_multimer_v3_pred_0"
    ]
}