{
    "features": 137.98439502716064,
    "process_features_model_1_multimer_v3_pred_0": 4.649162292480469e-05,
    "predict_and_compile_model_1_multimer_v3_pred_0": 466.1343128681183,
    "relax_model_1_multimer_v3_pred_0": 174.48292589187622,
    "process_features_model_2_multimer_v3_pred_0": 7.152557373046875e-06,
    "predict_and_compile_model_2_multimer_v3_pred_0": 1244.964673280716,
    "relax_model_2_multimer_v3_pred_0": 226.67127752304077,
    "process_features_model_3_multimer_v3_pred_0": 4.291534423828125e-06,
    "predict_and_compile_model_3_multimer_v3_pred_0": 420.5002369880676,
    "relax_model_3_multimer_v3_pred_0": 217.41267657279968,
    "process_features_model_4_multimer_v3_pred_0": 4.76837158203125e-06,
    "predict_and_compile_model_4_multimer_v3_pred_0": 989.7396728992462,
    "relax_model_4_multimer_v3_pred_0": 243.11618542671204,
    "process_features_model_5_multimer_v3_pred_0": 5.245208740234375e-06,
    "predict_and_compile_model_5_multimer_v3_pred_0": 421.2608251571655,
    "relax_model_5_multimer_v3_pred_0": 188.44982743263245
}