{
    "iptm+ptm": {
        "model_1_multimer_v3_pred_0": 0.7530284030128613,
        "model_2_multimer_v3_pred_0": 0.8059964007733277,
        "model_3_multimer_v3_pred_0": 0.8024500642053488,
        "model_4_multimer_v3_pred_0": 0.7823167013541483,
        "model_5_multimer_v3_pred_0": 0.8189562998879676
    },
    "order": [
        "model_5_multimer_v3_pred_0",
        "model_2_multimer_v3_pred_0",
        "model_3_multimer_v3_pred_0",
        "model_4_multimer_v3_pred_0",
        "model_1_multimer_v3_pred_0"
    ]
}