{
    "features": 188.59178948402405,
    "process_features_model_1_multimer_v3_pred_0": 1.239776611328125e-05,
    "predict_and_compile_model_1_multimer_v3_pred_0": 1047.9635269641876,
    "relax_model_1_multimer_v3_pred_0": 355.00506353378296,
    "process_features_model_2_multimer_v3_pred_0": 3.62396240234375e-05,
    "predict_and_compile_model_2_multimer_v3_pred_0": 524.409893989563,
    "relax_model_2_multimer_v3_pred_0": 288.1851615905762,
    "process_features_model_3_multimer_v3_pred_0": 5.4836273193359375e-06,
    "predict_and_compile_model_3_multimer_v3_pred_0": 505.6254458427429,
    "relax_model_3_multimer_v3_pred_0": 307.6859784126282,
    "process_features_model_4_multimer_v3_pred_0": 6.4373016357421875e-06,
    "predict_and_compile_model_4_multimer_v3_pred_0": 437.2235851287842,
    "relax_model_4_multimer_v3_pred_0": 636.5102291107178,
    "process_features_model_5_multimer_v3_pred_0": 1.8358230590820312e-05,
    "predict_and_compile_model_5_multimer_v3_pred_0": 406.77525877952576,
    "relax_model_5_multimer_v3_pred_0": 215.67069602012634
}