{
    "iptm+ptm": {
        "model_1_multimer_v3_pred_0": 0.48838784726341955,
        "model_2_multimer_v3_pred_0": 0.5836394294202769,
        "model_3_multimer_v3_pred_0": 0.44133213211808964,
        "model_4_multimer_v3_pred_0": 0.27494583575691517,
        "model_5_multimer_v3_pred_0": 0.8156072352232795
    },
    "order": [
        "model_5_multimer_v3_pred_0",
        "model_2_multimer_v3_pred_0",
        "model_1_multimer_v3_pred_0",
        "model_3_multimer_v3_pred_0",
        "model_4_multimer_v3_pred_0"
    ]
}