{
    "features": 292.4771029949188,
    "process_features_model_1_multimer_v3_pred_0": 1.049041748046875e-05,
    "predict_and_compile_model_1_multimer_v3_pred_0": 2305.400416612625,
    "relax_model_1_multimer_v3_pred_0": 1139.327923297882,
    "process_features_model_2_multimer_v3_pred_0": 8.821487426757812e-06,
    "predict_and_compile_model_2_multimer_v3_pred_0": 1263.2860479354858,
    "relax_model_2_multimer_v3_pred_0": 438.40835547447205,
    "process_features_model_3_multimer_v3_pred_0": 1.9550323486328125e-05,
    "predict_and_compile_model_3_multimer_v3_pred_0": 740.2166018486023,
    "relax_model_3_multimer_v3_pred_0": 373.7283718585968,
    "process_features_model_4_multimer_v3_pred_0": 7.152557373046875e-06,
    "predict_and_compile_model_4_multimer_v3_pred_0": 2219.1676046848297,
    "relax_model_4_multimer_v3_pred_0": 497.74332189559937,
    "process_features_model_5_multimer_v3_pred_0": 5.4836273193359375e-06,
    "predict_and_compile_model_5_multimer_v3_pred_0": 1215.4646558761597,
    "relax_model_5_multimer_v3_pred_0": 475.2425675392151
}