{
    "iptm+ptm": {
        "model_1_multimer_v3_pred_0": 0.8557630492076369,
        "model_2_multimer_v3_pred_0": 0.8463190542608405,
        "model_3_multimer_v3_pred_0": 0.8565151013063261,
        "model_4_multimer_v3_pred_0": 0.8699213628430112,
        "model_5_multimer_v3_pred_0": 0.8559842966427452
    },
    "order": [
        "model_4_multimer_v3_pred_0",
        "model_3_multimer_v3_pred_0",
        "model_5_multimer_v3_pred_0",
        "model_1_multimer_v3_pred_0",
        "model_2_multimer_v3_pred_0"
    ]
}