{
    "features": 197.1436746120453,
    "process_features_model_1_multimer_v3_pred_0": 9.5367431640625e-06,
    "predict_and_compile_model_1_multimer_v3_pred_0": 1755.0685760974884,
    "process_features_model_2_multimer_v3_pred_0": 3.4809112548828125e-05,
    "predict_and_compile_model_2_multimer_v3_pred_0": 1934.3976242542267,
    "process_features_model_3_multimer_v3_pred_0": 2.5987625122070312e-05,
    "predict_and_compile_model_3_multimer_v3_pred_0": 1934.1603162288666,
    "process_features_model_4_multimer_v3_pred_0": 2.8848648071289062e-05,
    "predict_and_compile_model_4_multimer_v3_pred_0": 1879.0571341514587,
    "process_features_model_5_multimer_v3_pred_0": 1.4543533325195312e-05,
    "predict_and_compile_model_5_multimer_v3_pred_0": 1864.1963403224945
}