{
    "iptm+ptm": {
        "model_1_multimer_v3_pred_0": 0.6470146955345693,
        "model_2_multimer_v3_pred_0": 0.6473644412264387,
        "model_3_multimer_v3_pred_0": 0.6905944997583798,
        "model_4_multimer_v3_pred_0": 0.6381208753196227,
        "model_5_multimer_v3_pred_0": 0.68123788460951
    },
    "order": [
        "model_3_multimer_v3_pred_0",
        "model_5_multimer_v3_pred_0",
        "model_2_multimer_v3_pred_0",
        "model_1_multimer_v3_pred_0",
        "model_4_multimer_v3_pred_0"
    ]
}