{
    "features": 190.8770990371704,
    "process_features_model_1_multimer_v3_pred_0": 1.239776611328125e-05,
    "predict_and_compile_model_1_multimer_v3_pred_0": 1903.5690183639526,
    "relax_model_1_multimer_v3_pred_0": 896.8208274841309,
    "process_features_model_2_multimer_v3_pred_0": 1.5020370483398438e-05,
    "predict_and_compile_model_2_multimer_v3_pred_0": 992.4837980270386,
    "relax_model_2_multimer_v3_pred_0": 1024.9656624794006,
    "process_features_model_3_multimer_v3_pred_0": 2.1457672119140625e-05,
    "predict_and_compile_model_3_multimer_v3_pred_0": 1908.193371772766,
    "relax_model_3_multimer_v3_pred_0": 1306.2942371368408,
    "process_features_model_4_multimer_v3_pred_0": 1.0013580322265625e-05,
    "predict_and_compile_model_4_multimer_v3_pred_0": 1824.533826828003,
    "relax_model_4_multimer_v3_pred_0": 1034.1909766197205,
    "process_features_model_5_multimer_v3_pred_0": 8.821487426757812e-06,
    "predict_and_compile_model_5_multimer_v3_pred_0": 1812.2332649230957,
    "relax_model_5_multimer_v3_pred_0": 632.5985507965088
}