{
    "iptm+ptm": {
        "model_1_multimer_v3_pred_0": 0.7544798420800871,
        "model_2_multimer_v3_pred_0": 0.7261891484542156,
        "model_3_multimer_v3_pred_0": 0.7727160881611714,
        "model_4_multimer_v3_pred_0": 0.7903564473318498,
        "model_5_multimer_v3_pred_0": 0.7878302937636581
    },
    "order": [
        "model_4_multimer_v3_pred_0",
        "model_5_multimer_v3_pred_0",
        "model_3_multimer_v3_pred_0",
        "model_1_multimer_v3_pred_0",
        "model_2_multimer_v3_pred_0"
    ]
}