{
    "features": 198.23747992515564,
    "process_features_model_1_multimer_v3_pred_0": 3.24249267578125e-05,
    "predict_and_compile_model_1_multimer_v3_pred_0": 801.9757964611053,
    "relax_model_1_multimer_v3_pred_0": 450.12639141082764,
    "process_features_model_2_multimer_v3_pred_0": 6.67572021484375e-06,
    "predict_and_compile_model_2_multimer_v3_pred_0": 1386.996428489685,
    "relax_model_2_multimer_v3_pred_0": 273.1968820095062,
    "process_features_model_3_multimer_v3_pred_0": 1.049041748046875e-05,
    "predict_and_compile_model_3_multimer_v3_pred_0": 989.8671414852142,
    "relax_model_3_multimer_v3_pred_0": 651.4453954696655,
    "process_features_model_4_multimer_v3_pred_0": 7.867813110351562e-06,
    "predict_and_compile_model_4_multimer_v3_pred_0": 1443.6760811805725,
    "relax_model_4_multimer_v3_pred_0": 736.382551908493,
    "process_features_model_5_multimer_v3_pred_0": 5.7220458984375e-06,
    "predict_and_compile_model_5_multimer_v3_pred_0": 1357.553424358368,
    "relax_model_5_multimer_v3_pred_0": 280.82153701782227
}