{
    "iptm+ptm": {
        "model_1_multimer_v3_pred_0": 0.7451312393904036,
        "model_2_multimer_v3_pred_0": 0.7937763385282283,
        "model_3_multimer_v3_pred_0": 0.7744686678234924,
        "model_4_multimer_v3_pred_0": 0.738319756427389,
        "model_5_multimer_v3_pred_0": 0.8202004007510726
    },
    "order": [
        "model_5_multimer_v3_pred_0",
        "model_2_multimer_v3_pred_0",
        "model_3_multimer_v3_pred_0",
        "model_1_multimer_v3_pred_0",
        "model_4_multimer_v3_pred_0"
    ]
}