{
    "features": 298.46200680732727,
    "process_features_model_1_multimer_v3_pred_0": 1.3828277587890625e-05,
    "predict_and_compile_model_1_multimer_v3_pred_0": 507.20088624954224,
    "relax_model_1_multimer_v3_pred_0": 188.66557478904724,
    "process_features_model_2_multimer_v3_pred_0": 3.147125244140625e-05,
    "predict_and_compile_model_2_multimer_v3_pred_0": 365.9134979248047,
    "relax_model_2_multimer_v3_pred_0": 343.70862436294556,
    "process_features_model_3_multimer_v3_pred_0": 6.4373016357421875e-06,
    "predict_and_compile_model_3_multimer_v3_pred_0": 356.0022416114807,
    "relax_model_3_multimer_v3_pred_0": 226.3743360042572,
    "process_features_model_4_multimer_v3_pred_0": 2.6941299438476562e-05,
    "predict_and_compile_model_4_multimer_v3_pred_0": 361.0293493270874,
    "relax_model_4_multimer_v3_pred_0": 179.02111053466797,
    "process_features_model_5_multimer_v3_pred_0": 5.245208740234375e-06,
    "predict_and_compile_model_5_multimer_v3_pred_0": 413.5914514064789,
    "relax_model_5_multimer_v3_pred_0": 163.80363154411316
}