{
    "iptm+ptm": {
        "model_1_multimer_v3_pred_0": 0.7151939438908008,
        "model_2_multimer_v3_pred_0": 0.6917792883181472,
        "model_3_multimer_v3_pred_0": 0.6933831014956063,
        "model_4_multimer_v3_pred_0": 0.6473365955691449,
        "model_5_multimer_v3_pred_0": 0.7218746342363035
    },
    "order": [
        "model_5_multimer_v3_pred_0",
        "model_1_multimer_v3_pred_0",
        "model_3_multimer_v3_pred_0",
        "model_2_multimer_v3_pred_0",
        "model_4_multimer_v3_pred_0"
    ]
}