{
    "features": 297.7968747615814,
    "process_features_model_1_multimer_v3_pred_0": 9.775161743164062e-06,
    "predict_and_compile_model_1_multimer_v3_pred_0": 884.4871747493744,
    "relax_model_1_multimer_v3_pred_0": 347.46347665786743,
    "process_features_model_2_multimer_v3_pred_0": 4.76837158203125e-06,
    "predict_and_compile_model_2_multimer_v3_pred_0": 563.0002949237823,
    "relax_model_2_multimer_v3_pred_0": 578.120712518692,
    "process_features_model_3_multimer_v3_pred_0": 2.765655517578125e-05,
    "predict_and_compile_model_3_multimer_v3_pred_0": 714.8257596492767,
    "relax_model_3_multimer_v3_pred_0": 592.0026235580444,
    "process_features_model_4_multimer_v3_pred_0": 5.0067901611328125e-06,
    "predict_and_compile_model_4_multimer_v3_pred_0": 1319.0015943050385,
    "relax_model_4_multimer_v3_pred_0": 157.3045301437378,
    "process_features_model_5_multimer_v3_pred_0": 5.0067901611328125e-06,
    "predict_and_compile_model_5_multimer_v3_pred_0": 913.2012369632721,
    "relax_model_5_multimer_v3_pred_0": 493.3307189941406
}