{
    "iptm+ptm": {
        "model_1_multimer_v3_pred_0": 0.867405403540834,
        "model_2_multimer_v3_pred_0": 0.8850305904465986,
        "model_3_multimer_v3_pred_0": 0.875604416777479,
        "model_4_multimer_v3_pred_0": 0.8749835304937541,
        "model_5_multimer_v3_pred_0": 0.8527596736887875
    },
    "order": [
        "model_2_multimer_v3_pred_0",
        "model_3_multimer_v3_pred_0",
        "model_4_multimer_v3_pred_0",
        "model_1_multimer_v3_pred_0",
        "model_5_multimer_v3_pred_0"
    ]
}