{
    "features": 183.31514072418213,
    "process_features_model_1_multimer_v3_pred_0": 3.3855438232421875e-05,
    "predict_and_compile_model_1_multimer_v3_pred_0": 1382.7076961994171,
    "relax_model_1_multimer_v3_pred_0": 217.93102025985718,
    "process_features_model_2_multimer_v3_pred_0": 6.67572021484375e-06,
    "predict_and_compile_model_2_multimer_v3_pred_0": 855.3452181816101,
    "relax_model_2_multimer_v3_pred_0": 503.15752959251404,
    "process_features_model_3_multimer_v3_pred_0": 5.9604644775390625e-06,
    "predict_and_compile_model_3_multimer_v3_pred_0": 1377.073406457901,
    "relax_model_3_multimer_v3_pred_0": 189.91162729263306,
    "process_features_model_4_multimer_v3_pred_0": 5.9604644775390625e-06,
    "predict_and_compile_model_4_multimer_v3_pred_0": 1365.302498102188,
    "relax_model_4_multimer_v3_pred_0": 212.86740517616272,
    "process_features_model_5_multimer_v3_pred_0": 5.7220458984375e-06,
    "predict_and_compile_model_5_multimer_v3_pred_0": 1358.7737607955933,
    "relax_model_5_multimer_v3_pred_0": 147.20725321769714
}