{
    "iptm+ptm": {
        "model_1_multimer_v3_pred_0": 0.42997434624601477,
        "model_2_multimer_v3_pred_0": 0.5249267157146327,
        "model_3_multimer_v3_pred_0": 0.5022795362694719,
        "model_4_multimer_v3_pred_0": 0.5100385679143599,
        "model_5_multimer_v3_pred_0": 0.46607443744493393
    },
    "order": [
        "model_2_multimer_v3_pred_0",
        "model_4_multimer_v3_pred_0",
        "model_3_multimer_v3_pred_0",
        "model_5_multimer_v3_pred_0",
        "model_1_multimer_v3_pred_0"
    ]
}