{
    "features": 173.72547054290771,
    "process_features_model_1_multimer_v3_pred_0": 6.437301635742188e-05,
    "predict_and_compile_model_1_multimer_v3_pred_0": 1072.668704509735,
    "process_features_model_2_multimer_v3_pred_0": 2.9325485229492188e-05,
    "predict_and_compile_model_2_multimer_v3_pred_0": 1206.4643290042877,
    "process_features_model_3_multimer_v3_pred_0": 2.6464462280273438e-05,
    "predict_and_compile_model_3_multimer_v3_pred_0": 1210.7119808197021,
    "process_features_model_4_multimer_v3_pred_0": 2.8371810913085938e-05,
    "predict_and_compile_model_4_multimer_v3_pred_0": 1103.4995341300964,
    "process_features_model_5_multimer_v3_pred_0": 2.8133392333984375e-05,
    "predict_and_compile_model_5_multimer_v3_pred_0": 2666.9984266757965
}