{
    "iptm+ptm": {
        "model_1_multimer_v3_pred_0": 0.8052793413335273,
        "model_2_multimer_v3_pred_0": 0.7945848462244343,
        "model_3_multimer_v3_pred_0": 0.8162970444770157,
        "model_4_multimer_v3_pred_0": 0.810179837321701,
        "model_5_multimer_v3_pred_0": 0.8234049356857477
    },
    "order": [
        "model_5_multimer_v3_pred_0",
        "model_3_multimer_v3_pred_0",
        "model_4_multimer_v3_pred_0",
        "model_1_multimer_v3_pred_0",
        "model_2_multimer_v3_pred_0"
    ]
}