{
    "features": 220.0095090866089,
    "process_features_model_1_multimer_v3_pred_0": 3.5762786865234375e-05,
    "predict_and_compile_model_1_multimer_v3_pred_0": 797.2268352508545,
    "relax_model_1_multimer_v3_pred_0": 205.77964329719543,
    "process_features_model_2_multimer_v3_pred_0": 1.0728836059570312e-05,
    "predict_and_compile_model_2_multimer_v3_pred_0": 502.58551836013794,
    "relax_model_2_multimer_v3_pred_0": 243.81432056427002,
    "process_features_model_3_multimer_v3_pred_0": 4.506111145019531e-05,
    "predict_and_compile_model_3_multimer_v3_pred_0": 1161.8640797138214,
    "relax_model_3_multimer_v3_pred_0": 697.9182209968567,
    "process_features_model_4_multimer_v3_pred_0": 1.0251998901367188e-05,
    "predict_and_compile_model_4_multimer_v3_pred_0": 942.7603569030762,
    "relax_model_4_multimer_v3_pred_0": 363.18752241134644,
    "process_features_model_5_multimer_v3_pred_0": 1.0013580322265625e-05,
    "predict_and_compile_model_5_multimer_v3_pred_0": 548.3836863040924,
    "relax_model_5_multimer_v3_pred_0": 362.9346122741699
}