{
    "iptm+ptm": {
        "model_1_multimer_v3_pred_0": 0.8403131174497045,
        "model_2_multimer_v3_pred_0": 0.8674899541429508,
        "model_3_multimer_v3_pred_0": 0.8689593164915347,
        "model_4_multimer_v3_pred_0": 0.8112265634745114,
        "model_5_multimer_v3_pred_0": 0.850042743032784
    },
    "order": [
        "model_3_multimer_v3_pred_0",
        "model_2_multimer_v3_pred_0",
        "model_5_multimer_v3_pred_0",
        "model_1_multimer_v3_pred_0",
        "model_4_multimer_v3_pred_0"
    ]
}