{
    "features": 166.92228388786316,
    "process_features_model_1_multimer_v3_pred_0": 3.24249267578125e-05,
    "predict_and_compile_model_1_multimer_v3_pred_0": 770.054690361023,
    "relax_model_1_multimer_v3_pred_0": 183.6681728363037,
    "process_features_model_2_multimer_v3_pred_0": 5.7220458984375e-06,
    "predict_and_compile_model_2_multimer_v3_pred_0": 614.4803071022034,
    "relax_model_2_multimer_v3_pred_0": 150.38547134399414,
    "process_features_model_3_multimer_v3_pred_0": 5.4836273193359375e-06,
    "predict_and_compile_model_3_multimer_v3_pred_0": 498.991073846817,
    "relax_model_3_multimer_v3_pred_0": 224.10145497322083,
    "process_features_model_4_multimer_v3_pred_0": 5.245208740234375e-06,
    "predict_and_compile_model_4_multimer_v3_pred_0": 1248.9149622917175,
    "relax_model_4_multimer_v3_pred_0": 315.73280358314514,
    "process_features_model_5_multimer_v3_pred_0": 5.245208740234375e-06,
    "predict_and_compile_model_5_multimer_v3_pred_0": 515.0108413696289,
    "relax_model_5_multimer_v3_pred_0": 244.52725863456726
}