{
    "iptm+ptm": {
        "model_1_multimer_v3_pred_0": 0.8124607509361041,
        "model_2_multimer_v3_pred_0": 0.8143035459288354,
        "model_3_multimer_v3_pred_0": 0.8195437173259659,
        "model_4_multimer_v3_pred_0": 0.8116545188674142,
        "model_5_multimer_v3_pred_0": 0.8173354390558835
    },
    "order": [
        "model_3_multimer_v3_pred_0",
        "model_5_multimer_v3_pred_0",
        "model_2_multimer_v3_pred_0",
        "model_1_multimer_v3_pred_0",
        "model_4_multimer_v3_pred_0"
    ]
}