{
    "features": 440.07710552215576,
    "process_features_model_1_multimer_v3_pred_0": 9.5367431640625e-06,
    "predict_and_compile_model_1_multimer_v3_pred_0": 1785.8704581260681,
    "process_features_model_2_multimer_v3_pred_0": 2.4557113647460938e-05,
    "predict_and_compile_model_2_multimer_v3_pred_0": 2248.17818236351,
    "process_features_model_3_multimer_v3_pred_0": 2.3365020751953125e-05,
    "predict_and_compile_model_3_multimer_v3_pred_0": 2710.083804130554,
    "process_features_model_4_multimer_v3_pred_0": 2.47955322265625e-05,
    "predict_and_compile_model_4_multimer_v3_pred_0": 3098.993658542633,
    "process_features_model_5_multimer_v3_pred_0": 1.0013580322265625e-05,
    "predict_and_compile_model_5_multimer_v3_pred_0": 4925.40852689743
}