{
    "iptm+ptm": {
        "model_1_multimer_v3_pred_0": 0.7306177184677617,
        "model_2_multimer_v3_pred_0": 0.7323515687698683,
        "model_3_multimer_v3_pred_0": 0.7777129214968049,
        "model_4_multimer_v3_pred_0": 0.7884660912308002,
        "model_5_multimer_v3_pred_0": 0.7401977708006894
    },
    "order": [
        "model_4_multimer_v3_pred_0",
        "model_3_multimer_v3_pred_0",
        "model_5_multimer_v3_pred_0",
        "model_2_multimer_v3_pred_0",
        "model_1_multimer_v3_pred_0"
    ]
}