{
    "features": 181.78895044326782,
    "process_features_model_1_multimer_v3_pred_0": 1.3828277587890625e-05,
    "predict_and_compile_model_1_multimer_v3_pred_0": 907.2136857509613,
    "relax_model_1_multimer_v3_pred_0": 490.69275879859924,
    "process_features_model_2_multimer_v3_pred_0": 5.7220458984375e-06,
    "predict_and_compile_model_2_multimer_v3_pred_0": 1383.3306641578674,
    "relax_model_2_multimer_v3_pred_0": 205.75587821006775,
    "process_features_model_3_multimer_v3_pred_0": 1.8596649169921875e-05,
    "predict_and_compile_model_3_multimer_v3_pred_0": 833.7320804595947,
    "relax_model_3_multimer_v3_pred_0": 923.4960055351257,
    "process_features_model_4_multimer_v3_pred_0": 1.6927719116210938e-05,
    "predict_and_compile_model_4_multimer_v3_pred_0": 1344.1756308078766,
    "relax_model_4_multimer_v3_pred_0": 352.338018655777,
    "process_features_model_5_multimer_v3_pred_0": 8.106231689453125e-06,
    "predict_and_compile_model_5_multimer_v3_pred_0": 487.3768835067749,
    "relax_model_5_multimer_v3_pred_0": 457.2719531059265
}