{
    "iptm+ptm": {
        "model_1_multimer_v3_pred_0": 0.6721904254518162,
        "model_2_multimer_v3_pred_0": 0.6791601367296568,
        "model_3_multimer_v3_pred_0": 0.7123543389696392,
        "model_4_multimer_v3_pred_0": 0.7183505880494463,
        "model_5_multimer_v3_pred_0": 0.6891092383590585
    },
    "order": [
        "model_4_multimer_v3_pred_0",
        "model_3_multimer_v3_pred_0",
        "model_5_multimer_v3_pred_0",
        "model_2_multimer_v3_pred_0",
        "model_1_multimer_v3_pred_0"
    ]
}