{
    "features": 236.3709316253662,
    "process_features_model_1_multimer_v3_pred_0": 1.0251998901367188e-05,
    "predict_and_compile_model_1_multimer_v3_pred_0": 1764.6406319141388,
    "relax_model_1_multimer_v3_pred_0": 983.3561131954193,
    "process_features_model_2_multimer_v3_pred_0": 1.1205673217773438e-05,
    "predict_and_compile_model_2_multimer_v3_pred_0": 747.095128774643,
    "relax_model_2_multimer_v3_pred_0": 994.1511859893799,
    "process_features_model_3_multimer_v3_pred_0": 1.2159347534179688e-05,
    "predict_and_compile_model_3_multimer_v3_pred_0": 926.6303663253784,
    "relax_model_3_multimer_v3_pred_0": 804.6498694419861,
    "process_features_model_4_multimer_v3_pred_0": 1.430511474609375e-05,
    "predict_and_compile_model_4_multimer_v3_pred_0": 1005.3800363540649,
    "relax_model_4_multimer_v3_pred_0": 516.5118131637573,
    "process_features_model_5_multimer_v3_pred_0": 9.059906005859375e-06,
    "predict_and_compile_model_5_multimer_v3_pred_0": 1514.8771641254425,
    "relax_model_5_multimer_v3_pred_0": 318.6764373779297
}