{
    "iptm+ptm": {
        "model_1_multimer_v3_pred_0": 0.7894675551333001,
        "model_2_multimer_v3_pred_0": 0.7088907946711717,
        "model_3_multimer_v3_pred_0": 0.732299729850183,
        "model_4_multimer_v3_pred_0": 0.8069169847590713,
        "model_5_multimer_v3_pred_0": 0.8126189834676664
    },
    "order": [
        "model_5_multimer_v3_pred_0",
        "model_4_multimer_v3_pred_0",
        "model_1_multimer_v3_pred_0",
        "model_3_multimer_v3_pred_0",
        "model_2_multimer_v3_pred_0"
    ]
}