{
    "features": 190.95633459091187,
    "process_features_model_1_multimer_v3_pred_0": 3.361701965332031e-05,
    "predict_and_compile_model_1_multimer_v3_pred_0": 437.6156892776489,
    "relax_model_1_multimer_v3_pred_0": 203.0935137271881,
    "process_features_model_2_multimer_v3_pred_0": 6.198883056640625e-06,
    "predict_and_compile_model_2_multimer_v3_pred_0": 456.35661697387695,
    "relax_model_2_multimer_v3_pred_0": 283.0975799560547,
    "process_features_model_3_multimer_v3_pred_0": 2.0742416381835938e-05,
    "predict_and_compile_model_3_multimer_v3_pred_0": 936.6529278755188,
    "relax_model_3_multimer_v3_pred_0": 228.08305954933167,
    "process_features_model_4_multimer_v3_pred_0": 4.76837158203125e-06,
    "predict_and_compile_model_4_multimer_v3_pred_0": 1189.2320396900177,
    "relax_model_4_multimer_v3_pred_0": 359.86506962776184,
    "process_features_model_5_multimer_v3_pred_0": 6.4373016357421875e-06,
    "predict_and_compile_model_5_multimer_v3_pred_0": 589.5300107002258,
    "relax_model_5_multimer_v3_pred_0": 308.52264165878296
}