{
    "iptm+ptm": {
        "model_1_multimer_v3_pred_0": 0.7346583583578534,
        "model_2_multimer_v3_pred_0": 0.7259718014672061,
        "model_3_multimer_v3_pred_0": 0.7082349575441668,
        "model_4_multimer_v3_pred_0": 0.7042976932880237,
        "model_5_multimer_v3_pred_0": 0.7078332928866324
    },
    "order": [
        "model_1_multimer_v3_pred_0",
        "model_2_multimer_v3_pred_0",
        "model_3_multimer_v3_pred_0",
        "model_5_multimer_v3_pred_0",
        "model_4_multimer_v3_pred_0"
    ]
}