{
    "features": 235.8977108001709,
    "process_features_model_1_multimer_v3_pred_0": 1.3113021850585938e-05,
    "predict_and_compile_model_1_multimer_v3_pred_0": 944.8770580291748,
    "relax_model_1_multimer_v3_pred_0": 660.9325158596039,
    "process_features_model_2_multimer_v3_pred_0": 8.821487426757812e-06,
    "predict_and_compile_model_2_multimer_v3_pred_0": 687.0198166370392,
    "relax_model_2_multimer_v3_pred_0": 157.00622367858887,
    "process_features_model_3_multimer_v3_pred_0": 7.867813110351562e-06,
    "predict_and_compile_model_3_multimer_v3_pred_0": 484.07746958732605,
    "relax_model_3_multimer_v3_pred_0": 677.743203163147,
    "process_features_model_4_multimer_v3_pred_0": 1.1444091796875e-05,
    "predict_and_compile_model_4_multimer_v3_pred_0": 1344.1326513290405,
    "relax_model_4_multimer_v3_pred_0": 508.09233236312866,
    "process_features_model_5_multimer_v3_pred_0": 9.059906005859375e-06,
    "predict_and_compile_model_5_multimer_v3_pred_0": 1179.5133075714111,
    "relax_model_5_multimer_v3_pred_0": 360.2800521850586
}