{
    "iptm+ptm": {
        "model_1_multimer_v3_pred_0": 0.9062932522415388,
        "model_2_multimer_v3_pred_0": 0.7022257858056364,
        "model_3_multimer_v3_pred_0": 0.8989173046723192,
        "model_4_multimer_v3_pred_0": 0.8993410014769666,
        "model_5_multimer_v3_pred_0": 0.7152274954656748
    },
    "order": [
        "model_1_multimer_v3_pred_0",
        "model_4_multimer_v3_pred_0",
        "model_3_multimer_v3_pred_0",
        "model_5_multimer_v3_pred_0",
        "model_2_multimer_v3_pred_0"
    ]
}