{
    "features": 158.24372673034668,
    "process_features_model_1_multimer_v3_pred_0": 3.8623809814453125e-05,
    "predict_and_compile_model_1_multimer_v3_pred_0": 731.8736867904663,
    "relax_model_1_multimer_v3_pred_0": 521.5116488933563,
    "process_features_model_2_multimer_v3_pred_0": 6.67572021484375e-06,
    "predict_and_compile_model_2_multimer_v3_pred_0": 736.9357688426971,
    "relax_model_2_multimer_v3_pred_0": 352.87964510917664,
    "process_features_model_3_multimer_v3_pred_0": 5.4836273193359375e-06,
    "predict_and_compile_model_3_multimer_v3_pred_0": 1434.3331005573273,
    "relax_model_3_multimer_v3_pred_0": 519.1110770702362,
    "process_features_model_4_multimer_v3_pred_0": 1.1444091796875e-05,
    "predict_and_compile_model_4_multimer_v3_pred_0": 1498.003077507019,
    "relax_model_4_multimer_v3_pred_0": 212.34329843521118,
    "process_features_model_5_multimer_v3_pred_0": 5.9604644775390625e-06,
    "predict_and_compile_model_5_multimer_v3_pred_0": 1490.339245557785,
    "relax_model_5_multimer_v3_pred_0": 589.579253911972
}