{
    "iptm+ptm": {
        "model_1_multimer_v3_pred_0": 0.8321073034537455,
        "model_2_multimer_v3_pred_0": 0.8577419789566689,
        "model_3_multimer_v3_pred_0": 0.7404174160143818,
        "model_4_multimer_v3_pred_0": 0.8349869494417529,
        "model_5_multimer_v3_pred_0": 0.7263647716852892
    },
    "order": [
        "model_2_multimer_v3_pred_0",
        "model_4_multimer_v3_pred_0",
        "model_1_multimer_v3_pred_0",
        "model_3_multimer_v3_pred_0",
        "model_5_multimer_v3_pred_0"
    ]
}