{
    "features": 224.02337765693665,
    "process_features_model_1_multimer_v3_pred_0": 1.430511474609375e-05,
    "predict_and_compile_model_1_multimer_v3_pred_0": 344.1254720687866,
    "relax_model_1_multimer_v3_pred_0": 116.88341283798218,
    "process_features_model_2_multimer_v3_pred_0": 3.0040740966796875e-05,
    "predict_and_compile_model_2_multimer_v3_pred_0": 393.9774112701416,
    "relax_model_2_multimer_v3_pred_0": 191.74676203727722,
    "process_features_model_3_multimer_v3_pred_0": 2.5510787963867188e-05,
    "predict_and_compile_model_3_multimer_v3_pred_0": 396.613116979599,
    "relax_model_3_multimer_v3_pred_0": 201.35617351531982,
    "process_features_model_4_multimer_v3_pred_0": 3.0279159545898438e-05,
    "predict_and_compile_model_4_multimer_v3_pred_0": 385.25718450546265,
    "relax_model_4_multimer_v3_pred_0": 406.42858052253723,
    "process_features_model_5_multimer_v3_pred_0": 3.361701965332031e-05,
    "predict_and_compile_model_5_multimer_v3_pred_0": 388.8803985118866,
    "relax_model_5_multimer_v3_pred_0": 123.29030227661133
}