{
    "iptm+ptm": {
        "model_1_multimer_v3_pred_0": 0.8924902477185597,
        "model_2_multimer_v3_pred_0": 0.8981566680603967,
        "model_3_multimer_v3_pred_0": 0.8975353645466524,
        "model_4_multimer_v3_pred_0": 0.8916879588154087,
        "model_5_multimer_v3_pred_0": 0.9033600152631817
    },
    "order": [
        "model_5_multimer_v3_pred_0",
        "model_2_multimer_v3_pred_0",
        "model_3_multimer_v3_pred_0",
        "model_1_multimer_v3_pred_0",
        "model_4_multimer_v3_pred_0"
    ]
}