{
    "features": 275.6809961795807,
    "process_features_model_1_multimer_v3_pred_0": 1.1682510375976562e-05,
    "predict_and_compile_model_1_multimer_v3_pred_0": 1406.0543620586395,
    "relax_model_1_multimer_v3_pred_0": 219.82327318191528,
    "process_features_model_2_multimer_v3_pred_0": 3.6716461181640625e-05,
    "predict_and_compile_model_2_multimer_v3_pred_0": 1288.0117337703705,
    "relax_model_2_multimer_v3_pred_0": 331.69548511505127,
    "process_features_model_3_multimer_v3_pred_0": 3.409385681152344e-05,
    "predict_and_compile_model_3_multimer_v3_pred_0": 1404.2210667133331,
    "relax_model_3_multimer_v3_pred_0": 883.5664780139923,
    "process_features_model_4_multimer_v3_pred_0": 9.775161743164062e-06,
    "predict_and_compile_model_4_multimer_v3_pred_0": 814.6253666877747,
    "relax_model_4_multimer_v3_pred_0": 219.58716583251953,
    "process_features_model_5_multimer_v3_pred_0": 2.6941299438476562e-05,
    "predict_and_compile_model_5_multimer_v3_pred_0": 1383.6866409778595,
    "relax_model_5_multimer_v3_pred_0": 233.1010537147522
}