{
    "iptm+ptm": {
        "model_1_multimer_v3_pred_0": 0.5513483501130728,
        "model_2_multimer_v3_pred_0": 0.5760714704553489,
        "model_3_multimer_v3_pred_0": 0.5680733808485249,
        "model_4_multimer_v3_pred_0": 0.5626383207781248,
        "model_5_multimer_v3_pred_0": 0.5827598859261538
    },
    "order": [
        "model_5_multimer_v3_pred_0",
        "model_2_multimer_v3_pred_0",
        "model_3_multimer_v3_pred_0",
        "model_4_multimer_v3_pred_0",
        "model_1_multimer_v3_pred_0"
    ]
}