{
    "features": 73.72131323814392,
    "process_features_model_1_multimer_v3_pred_0": 4.1484832763671875e-05,
    "predict_and_compile_model_1_multimer_v3_pred_0": 345.9039285182953,
    "process_features_model_2_multimer_v3_pred_0": 9.5367431640625e-06,
    "predict_and_compile_model_2_multimer_v3_pred_0": 441.93279933929443,
    "process_features_model_3_multimer_v3_pred_0": 2.193450927734375e-05,
    "predict_and_compile_model_3_multimer_v3_pred_0": 399.0834376811981,
    "process_features_model_4_multimer_v3_pred_0": 2.47955322265625e-05,
    "predict_and_compile_model_4_multimer_v3_pred_0": 336.91847109794617,
    "process_features_model_5_multimer_v3_pred_0": 2.765655517578125e-05,
    "predict_and_compile_model_5_multimer_v3_pred_0": 394.61167883872986
}