{
    "iptm+ptm": {
        "model_1_multimer_v3_pred_0": 0.7947166182199616,
        "model_2_multimer_v3_pred_0": 0.7705666197634662,
        "model_3_multimer_v3_pred_0": 0.7725385987150056,
        "model_4_multimer_v3_pred_0": 0.7961490226669529,
        "model_5_multimer_v3_pred_0": 0.7903128751420524
    },
    "order": [
        "model_4_multimer_v3_pred_0",
        "model_1_multimer_v3_pred_0",
        "model_5_multimer_v3_pred_0",
        "model_3_multimer_v3_pred_0",
        "model_2_multimer_v3_pred_0"
    ]
}