{
    "features": 157.7306478023529,
    "process_features_model_1_multimer_v3_pred_0": 3.4332275390625e-05,
    "predict_and_compile_model_1_multimer_v3_pred_0": 516.8288028240204,
    "process_features_model_2_multimer_v3_pred_0": 5.0067901611328125e-06,
    "predict_and_compile_model_2_multimer_v3_pred_0": 730.8528656959534,
    "process_features_model_3_multimer_v3_pred_0": 2.288818359375e-05,
    "predict_and_compile_model_3_multimer_v3_pred_0": 463.8132128715515,
    "process_features_model_4_multimer_v3_pred_0": 2.3603439331054688e-05,
    "predict_and_compile_model_4_multimer_v3_pred_0": 726.1859652996063,
    "process_features_model_5_multimer_v3_pred_0": 3.170967102050781e-05,
    "predict_and_compile_model_5_multimer_v3_pred_0": 561.7896852493286
}