{
    "iptm+ptm": {
        "model_1_multimer_v3_pred_0": 0.5080461123823884,
        "model_2_multimer_v3_pred_0": 0.5758347094194003,
        "model_3_multimer_v3_pred_0": 0.5045425354546232,
        "model_4_multimer_v3_pred_0": 0.5956816815070543,
        "model_5_multimer_v3_pred_0": 0.5665116701211281
    },
    "order": [
        "model_4_multimer_v3_pred_0",
        "model_2_multimer_v3_pred_0",
        "model_5_multimer_v3_pred_0",
        "model_1_multimer_v3_pred_0",
        "model_3_multimer_v3_pred_0"
    ]
}