{
    "features": 3195.3639080524445,
    "process_features_model_1_multimer_v3_pred_0": 1.0013580322265625e-05,
    "predict_and_compile_model_1_multimer_v3_pred_0": 829.6712367534637,
    "relax_model_1_multimer_v3_pred_0": 154.57643818855286,
    "process_features_model_2_multimer_v3_pred_0": 2.1219253540039062e-05,
    "predict_and_compile_model_2_multimer_v3_pred_0": 439.0565769672394,
    "relax_model_2_multimer_v3_pred_0": 415.44016766548157,
    "process_features_model_3_multimer_v3_pred_0": 5.245208740234375e-06,
    "predict_and_compile_model_3_multimer_v3_pred_0": 660.2946465015411,
    "relax_model_3_multimer_v3_pred_0": 255.18121719360352,
    "process_features_model_4_multimer_v3_pred_0": 1.811981201171875e-05,
    "predict_and_compile_model_4_multimer_v3_pred_0": 1321.476623058319,
    "relax_model_4_multimer_v3_pred_0": 258.9093527793884,
    "process_features_model_5_multimer_v3_pred_0": 2.0265579223632812e-05,
    "predict_and_compile_model_5_multimer_v3_pred_0": 1319.0446164608002,
    "relax_model_5_multimer_v3_pred_0": 237.10506224632263
}