{
    "iptm+ptm": {
        "model_1_multimer_v3_pred_0": 0.6506532778452324,
        "model_2_multimer_v3_pred_0": 0.6181260129136019,
        "model_3_multimer_v3_pred_0": 0.6722841400716435,
        "model_4_multimer_v3_pred_0": 0.6524689110423982,
        "model_5_multimer_v3_pred_0": 0.6720445823289437
    },
    "order": [
        "model_3_multimer_v3_pred_0",
        "model_5_multimer_v3_pred_0",
        "model_4_multimer_v3_pred_0",
        "model_1_multimer_v3_pred_0",
        "model_2_multimer_v3_pred_0"
    ]
}