{
    "features": 163.97351741790771,
    "process_features_model_1_multimer_v3_pred_0": 1.049041748046875e-05,
    "predict_and_compile_model_1_multimer_v3_pred_0": 1744.331656217575,
    "relax_model_1_multimer_v3_pred_0": 1105.2209813594818,
    "process_features_model_2_multimer_v3_pred_0": 8.106231689453125e-06,
    "predict_and_compile_model_2_multimer_v3_pred_0": 1449.303243637085,
    "relax_model_2_multimer_v3_pred_0": 1457.773024559021,
    "process_features_model_3_multimer_v3_pred_0": 8.821487426757812e-06,
    "predict_and_compile_model_3_multimer_v3_pred_0": 2220.8512065410614,
    "relax_model_3_multimer_v3_pred_0": 1303.4855375289917,
    "process_features_model_4_multimer_v3_pred_0": 7.867813110351562e-06,
    "predict_and_compile_model_4_multimer_v3_pred_0": 2195.264170885086,
    "relax_model_4_multimer_v3_pred_0": 1307.8654651641846,
    "process_features_model_5_multimer_v3_pred_0": 2.288818359375e-05,
    "predict_and_compile_model_5_multimer_v3_pred_0": 2165.402750015259,
    "relax_model_5_multimer_v3_pred_0": 993.3553502559662
}