{
    "iptm+ptm": {
        "model_1_multimer_v3_pred_0": 0.5025454663097888,
        "model_2_multimer_v3_pred_0": 0.524098164850893,
        "model_3_multimer_v3_pred_0": 0.6965077092802355,
        "model_4_multimer_v3_pred_0": 0.7178013919608971,
        "model_5_multimer_v3_pred_0": 0.6149562804187246
    },
    "order": [
        "model_4_multimer_v3_pred_0",
        "model_3_multimer_v3_pred_0",
        "model_5_multimer_v3_pred_0",
        "model_2_multimer_v3_pred_0",
        "model_1_multimer_v3_pred_0"
    ]
}