{
    "features": 232.14189386367798,
    "process_features_model_1_multimer_v3_pred_0": 1.5497207641601562e-05,
    "predict_and_compile_model_1_multimer_v3_pred_0": 554.0844810009003,
    "relax_model_1_multimer_v3_pred_0": 125.2071886062622,
    "process_features_model_2_multimer_v3_pred_0": 2.765655517578125e-05,
    "predict_and_compile_model_2_multimer_v3_pred_0": 501.8597512245178,
    "relax_model_2_multimer_v3_pred_0": 250.12030386924744,
    "process_features_model_3_multimer_v3_pred_0": 1.4066696166992188e-05,
    "predict_and_compile_model_3_multimer_v3_pred_0": 521.0395972728729,
    "relax_model_3_multimer_v3_pred_0": 257.85824513435364,
    "process_features_model_4_multimer_v3_pred_0": 6.198883056640625e-06,
    "predict_and_compile_model_4_multimer_v3_pred_0": 436.2425193786621,
    "relax_model_4_multimer_v3_pred_0": 267.98226404190063,
    "process_features_model_5_multimer_v3_pred_0": 5.9604644775390625e-06,
    "predict_and_compile_model_5_multimer_v3_pred_0": 440.258850812912,
    "relax_model_5_multimer_v3_pred_0": 195.1414783000946
}