{
    "iptm+ptm": {
        "model_1_multimer_v3_pred_0": 0.8489606091441542,
        "model_2_multimer_v3_pred_0": 0.8492194153210093,
        "model_3_multimer_v3_pred_0": 0.8461268362276406,
        "model_4_multimer_v3_pred_0": 0.8449964953668034,
        "model_5_multimer_v3_pred_0": 0.8616950123593201
    },
    "order": [
        "model_5_multimer_v3_pred_0",
        "model_2_multimer_v3_pred_0",
        "model_1_multimer_v3_pred_0",
        "model_3_multimer_v3_pred_0",
        "model_4_multimer_v3_pred_0"
    ]
}