{
    "features": 164.97970366477966,
    "process_features_model_1_multimer_v3_pred_0": 9.775161743164062e-06,
    "predict_and_compile_model_1_multimer_v3_pred_0": 473.73775935173035,
    "relax_model_1_multimer_v3_pred_0": 231.40147948265076,
    "process_features_model_2_multimer_v3_pred_0": 1.1920928955078125e-05,
    "predict_and_compile_model_2_multimer_v3_pred_0": 411.392281293869,
    "relax_model_2_multimer_v3_pred_0": 272.2973425388336,
    "process_features_model_3_multimer_v3_pred_0": 1.3589859008789062e-05,
    "predict_and_compile_model_3_multimer_v3_pred_0": 423.82952857017517,
    "relax_model_3_multimer_v3_pred_0": 272.3764662742615,
    "process_features_model_4_multimer_v3_pred_0": 8.58306884765625e-06,
    "predict_and_compile_model_4_multimer_v3_pred_0": 459.3580951690674,
    "relax_model_4_multimer_v3_pred_0": 263.2510166168213,
    "process_features_model_5_multimer_v3_pred_0": 8.821487426757812e-06,
    "predict_and_compile_model_5_multimer_v3_pred_0": 401.4745225906372,
    "relax_model_5_multimer_v3_pred_0": 182.54705262184143
}