{
    "iptm+ptm": {
        "model_1_multimer_v3_pred_0": 0.7537091582697061,
        "model_2_multimer_v3_pred_0": 0.6629794108423815,
        "model_3_multimer_v3_pred_0": 0.8023144153424502,
        "model_4_multimer_v3_pred_0": 0.8001379601167333,
        "model_5_multimer_v3_pred_0": 0.8146889977572938
    },
    "order": [
        "model_5_multimer_v3_pred_0",
        "model_3_multimer_v3_pred_0",
        "model_4_multimer_v3_pred_0",
        "model_1_multimer_v3_pred_0",
        "model_2_multimer_v3_pred_0"
    ]
}