{
    "features": 334.6052894592285,
    "process_features_model_1_multimer_v3_pred_0": 2.765655517578125e-05,
    "predict_and_compile_model_1_multimer_v3_pred_0": 2216.185638666153,
    "relax_model_1_multimer_v3_pred_0": 1355.4141483306885,
    "process_features_model_2_multimer_v3_pred_0": 9.298324584960938e-06,
    "predict_and_compile_model_2_multimer_v3_pred_0": 2183.6302716732025,
    "relax_model_2_multimer_v3_pred_0": 954.726982831955,
    "process_features_model_3_multimer_v3_pred_0": 8.344650268554688e-06,
    "predict_and_compile_model_3_multimer_v3_pred_0": 1109.354769706726,
    "relax_model_3_multimer_v3_pred_0": 1461.513738155365,
    "process_features_model_4_multimer_v3_pred_0": 9.775161743164062e-06,
    "predict_and_compile_model_4_multimer_v3_pred_0": 2110.90208029747,
    "relax_model_4_multimer_v3_pred_0": 1234.9106829166412,
    "process_features_model_5_multimer_v3_pred_0": 1.3113021850585938e-05,
    "predict_and_compile_model_5_multimer_v3_pred_0": 2147.2514984607697,
    "relax_model_5_multimer_v3_pred_0": 774.8024802207947
}