{
    "iptm+ptm": {
        "model_1_multimer_v3_pred_0": 0.6308319328373166,
        "model_2_multimer_v3_pred_0": 0.6387104047142043,
        "model_3_multimer_v3_pred_0": 0.5883379008659794,
        "model_4_multimer_v3_pred_0": 0.5975646850333802,
        "model_5_multimer_v3_pred_0": 0.6403027962841914
    },
    "order": [
        "model_5_multimer_v3_pred_0",
        "model_2_multimer_v3_pred_0",
        "model_1_multimer_v3_pred_0",
        "model_4_multimer_v3_pred_0",
        "model_3_multimer_v3_pred_0"
    ]
}