{
    "features": 245.41977643966675,
    "process_features_model_1_multimer_v3_pred_0": 9.775161743164062e-06,
    "predict_and_compile_model_1_multimer_v3_pred_0": 756.3814713954926,
    "relax_model_1_multimer_v3_pred_0": 163.95335173606873,
    "process_features_model_2_multimer_v3_pred_0": 6.67572021484375e-06,
    "predict_and_compile_model_2_multimer_v3_pred_0": 629.9464716911316,
    "relax_model_2_multimer_v3_pred_0": 177.1926953792572,
    "process_features_model_3_multimer_v3_pred_0": 5.245208740234375e-06,
    "predict_and_compile_model_3_multimer_v3_pred_0": 757.2090318202972,
    "relax_model_3_multimer_v3_pred_0": 490.660236120224,
    "process_features_model_4_multimer_v3_pred_0": 5.4836273193359375e-06,
    "predict_and_compile_model_4_multimer_v3_pred_0": 1101.5189006328583,
    "relax_model_4_multimer_v3_pred_0": 251.36004829406738,
    "process_features_model_5_multimer_v3_pred_0": 5.9604644775390625e-06,
    "predict_and_compile_model_5_multimer_v3_pred_0": 1406.5646486282349,
    "relax_model_5_multimer_v3_pred_0": 342.690669298172
}