{
    "iptm+ptm": {
        "model_1_multimer_v3_pred_0": 0.7929762848682649,
        "model_2_multimer_v3_pred_0": 0.8502872471082289,
        "model_3_multimer_v3_pred_0": 0.8559125402202629,
        "model_4_multimer_v3_pred_0": 0.8222249620749873,
        "model_5_multimer_v3_pred_0": 0.8498826692591023
    },
    "order": [
        "model_3_multimer_v3_pred_0",
        "model_2_multimer_v3_pred_0",
        "model_5_multimer_v3_pred_0",
        "model_4_multimer_v3_pred_0",
        "model_1_multimer_v3_pred_0"
    ]
}