{
    "features": 179.89516425132751,
    "process_features_model_1_multimer_v3_pred_0": 2.2172927856445312e-05,
    "predict_and_compile_model_1_multimer_v3_pred_0": 519.9045238494873,
    "relax_model_1_multimer_v3_pred_0": 147.53005361557007,
    "process_features_model_2_multimer_v3_pred_0": 7.152557373046875e-06,
    "predict_and_compile_model_2_multimer_v3_pred_0": 634.5972275733948,
    "relax_model_2_multimer_v3_pred_0": 256.4578263759613,
    "process_features_model_3_multimer_v3_pred_0": 5.7220458984375e-06,
    "predict_and_compile_model_3_multimer_v3_pred_0": 450.37653398513794,
    "relax_model_3_multimer_v3_pred_0": 177.04639744758606,
    "process_features_model_4_multimer_v3_pred_0": 8.106231689453125e-06,
    "predict_and_compile_model_4_multimer_v3_pred_0": 570.7009508609772,
    "relax_model_4_multimer_v3_pred_0": 174.89312052726746,
    "process_features_model_5_multimer_v3_pred_0": 5.0067901611328125e-06,
    "predict_and_compile_model_5_multimer_v3_pred_0": 991.5566163063049,
    "relax_model_5_multimer_v3_pred_0": 340.0727858543396
}