{
    "iptm+ptm": {
        "model_1_multimer_v3_pred_0": 0.7649914695393272,
        "model_2_multimer_v3_pred_0": 0.7805061042571741,
        "model_3_multimer_v3_pred_0": 0.7936454594809682,
        "model_4_multimer_v3_pred_0": 0.7755929663342667,
        "model_5_multimer_v3_pred_0": 0.7749343465547621
    },
    "order": [
        "model_3_multimer_v3_pred_0",
        "model_2_multimer_v3_pred_0",
        "model_4_multimer_v3_pred_0",
        "model_5_multimer_v3_pred_0",
        "model_1_multimer_v3_pred_0"
    ]
}