{
    "features": 303.4654347896576,
    "process_features_model_1_multimer_v3_pred_0": 9.5367431640625e-06,
    "predict_and_compile_model_1_multimer_v3_pred_0": 524.0600578784943,
    "relax_model_1_multimer_v3_pred_0": 173.6963493824005,
    "process_features_model_2_multimer_v3_pred_0": 1.1205673217773438e-05,
    "predict_and_compile_model_2_multimer_v3_pred_0": 475.1200604438782,
    "relax_model_2_multimer_v3_pred_0": 156.8737485408783,
    "process_features_model_3_multimer_v3_pred_0": 2.4318695068359375e-05,
    "predict_and_compile_model_3_multimer_v3_pred_0": 470.01523447036743,
    "relax_model_3_multimer_v3_pred_0": 165.63628458976746,
    "process_features_model_4_multimer_v3_pred_0": 2.384185791015625e-05,
    "predict_and_compile_model_4_multimer_v3_pred_0": 524.3115708827972,
    "relax_model_4_multimer_v3_pred_0": 182.47337007522583,
    "process_features_model_5_multimer_v3_pred_0": 8.344650268554688e-06,
    "predict_and_compile_model_5_multimer_v3_pred_0": 523.0283451080322,
    "relax_model_5_multimer_v3_pred_0": 215.8593680858612
}