{
    "iptm+ptm": {
        "model_1_multimer_v3_pred_0": 0.7860753887539976,
        "model_2_multimer_v3_pred_0": 0.80715443614483,
        "model_3_multimer_v3_pred_0": 0.8074637847517774,
        "model_4_multimer_v3_pred_0": 0.798946403052305,
        "model_5_multimer_v3_pred_0": 0.8268188967847037
    },
    "order": [
        "model_5_multimer_v3_pred_0",
        "model_3_multimer_v3_pred_0",
        "model_2_multimer_v3_pred_0",
        "model_4_multimer_v3_pred_0",
        "model_1_multimer_v3_pred_0"
    ]
}