{
    "features": 197.69879031181335,
    "process_features_model_1_multimer_v3_pred_0": 9.775161743164062e-06,
    "predict_and_compile_model_1_multimer_v3_pred_0": 573.789026260376,
    "relax_model_1_multimer_v3_pred_0": 252.15515327453613,
    "process_features_model_2_multimer_v3_pred_0": 5.4836273193359375e-06,
    "predict_and_compile_model_2_multimer_v3_pred_0": 629.1813333034515,
    "relax_model_2_multimer_v3_pred_0": 272.9458305835724,
    "process_features_model_3_multimer_v3_pred_0": 1.7881393432617188e-05,
    "predict_and_compile_model_3_multimer_v3_pred_0": 500.3283407688141,
    "relax_model_3_multimer_v3_pred_0": 294.244295835495,
    "process_features_model_4_multimer_v3_pred_0": 5.4836273193359375e-06,
    "predict_and_compile_model_4_multimer_v3_pred_0": 567.7650833129883,
    "relax_model_4_multimer_v3_pred_0": 290.02052426338196,
    "process_features_model_5_multimer_v3_pred_0": 5.7220458984375e-06,
    "predict_and_compile_model_5_multimer_v3_pred_0": 698.7300827503204,
    "relax_model_5_multimer_v3_pred_0": 397.5451662540436
}