{
    "iptm+ptm": {
        "model_1_multimer_v3_pred_0": 0.4536963059809521,
        "model_2_multimer_v3_pred_0": 0.4866925894490435,
        "model_3_multimer_v3_pred_0": 0.46817664266909176,
        "model_4_multimer_v3_pred_0": 0.5602413164683611,
        "model_5_multimer_v3_pred_0": 0.4570749228023451
    },
    "order": [
        "model_4_multimer_v3_pred_0",
        "model_2_multimer_v3_pred_0",
        "model_3_multimer_v3_pred_0",
        "model_5_multimer_v3_pred_0",
        "model_1_multimer_v3_pred_0"
    ]
}