{
    "features": 285.1462860107422,
    "process_features_model_1_multimer_v3_pred_0": 1.0967254638671875e-05,
    "predict_and_compile_model_1_multimer_v3_pred_0": 1287.181962966919,
    "relax_model_1_multimer_v3_pred_0": 736.1711337566376,
    "process_features_model_2_multimer_v3_pred_0": 8.821487426757812e-06,
    "predict_and_compile_model_2_multimer_v3_pred_0": 881.837769985199,
    "relax_model_2_multimer_v3_pred_0": 763.0255329608917,
    "process_features_model_3_multimer_v3_pred_0": 1.9311904907226562e-05,
    "predict_and_compile_model_3_multimer_v3_pred_0": 1336.7428946495056,
    "relax_model_3_multimer_v3_pred_0": 492.2052788734436,
    "process_features_model_4_multimer_v3_pred_0": 7.3909759521484375e-06,
    "predict_and_compile_model_4_multimer_v3_pred_0": 715.9430785179138,
    "relax_model_4_multimer_v3_pred_0": 746.8396542072296,
    "process_features_model_5_multimer_v3_pred_0": 7.62939453125e-06,
    "predict_and_compile_model_5_multimer_v3_pred_0": 1495.8805594444275,
    "relax_model_5_multimer_v3_pred_0": 461.7716016769409
}