{
    "iptm+ptm": {
        "model_1_multimer_v3_pred_0": 0.625516529815302,
        "model_2_multimer_v3_pred_0": 0.6108540666298679,
        "model_3_multimer_v3_pred_0": 0.4815479065258437,
        "model_4_multimer_v3_pred_0": 0.5918968338949178,
        "model_5_multimer_v3_pred_0": 0.6119443662282331
    },
    "order": [
        "model_1_multimer_v3_pred_0",
        "model_5_multimer_v3_pred_0",
        "model_2_multimer_v3_pred_0",
        "model_4_multimer_v3_pred_0",
        "model_3_multimer_v3_pred_0"
    ]
}