{
    "features": 248.32974410057068,
    "process_features_model_1_multimer_v3_pred_0": 2.7179718017578125e-05,
    "predict_and_compile_model_1_multimer_v3_pred_0": 747.0422048568726,
    "process_features_model_2_multimer_v3_pred_0": 1.811981201171875e-05,
    "predict_and_compile_model_2_multimer_v3_pred_0": 1152.0742571353912,
    "process_features_model_3_multimer_v3_pred_0": 2.1219253540039062e-05,
    "predict_and_compile_model_3_multimer_v3_pred_0": 759.9381237030029,
    "process_features_model_4_multimer_v3_pred_0": 8.821487426757812e-06,
    "predict_and_compile_model_4_multimer_v3_pred_0": 1740.7364811897278,
    "process_features_model_5_multimer_v3_pred_0": 8.106231689453125e-06,
    "predict_and_compile_model_5_multimer_v3_pred_0": 1730.095085144043
}