{
    "iptm+ptm": {
        "model_1_multimer_v3_pred_0": 0.6697925622213928,
        "model_2_multimer_v3_pred_0": 0.6665436169586436,
        "model_3_multimer_v3_pred_0": 0.6587795530568464,
        "model_4_multimer_v3_pred_0": 0.2984768371368643,
        "model_5_multimer_v3_pred_0": 0.6355173399274798
    },
    "order": [
        "model_1_multimer_v3_pred_0",
        "model_2_multimer_v3_pred_0",
        "model_3_multimer_v3_pred_0",
        "model_5_multimer_v3_pred_0",
        "model_4_multimer_v3_pred_0"
    ]
}