{
    "features": 245.87121295928955,
    "process_features_model_1_multimer_v3_pred_0": 1.0251998901367188e-05,
    "predict_and_compile_model_1_multimer_v3_pred_0": 2089.8492703437805,
    "relax_model_1_multimer_v3_pred_0": 375.24757838249207,
    "process_features_model_2_multimer_v3_pred_0": 6.4373016357421875e-06,
    "predict_and_compile_model_2_multimer_v3_pred_0": 2089.7083973884583,
    "relax_model_2_multimer_v3_pred_0": 554.4750647544861,
    "process_features_model_3_multimer_v3_pred_0": 5.4836273193359375e-06,
    "predict_and_compile_model_3_multimer_v3_pred_0": 2093.334461450577,
    "relax_model_3_multimer_v3_pred_0": 480.76829648017883,
    "process_features_model_4_multimer_v3_pred_0": 5.4836273193359375e-06,
    "predict_and_compile_model_4_multimer_v3_pred_0": 2036.8154997825623,
    "relax_model_4_multimer_v3_pred_0": 1055.091873884201,
    "process_features_model_5_multimer_v3_pred_0": 4.291534423828125e-06,
    "predict_and_compile_model_5_multimer_v3_pred_0": 2025.4286515712738,
    "relax_model_5_multimer_v3_pred_0": 361.9366316795349
}