{
    "iptm+ptm": {
        "model_1_multimer_v3_pred_0": 0.884624871532243,
        "model_2_multimer_v3_pred_0": 0.886556343686359,
        "model_3_multimer_v3_pred_0": 0.8817806806633355,
        "model_4_multimer_v3_pred_0": 0.8864263921016543,
        "model_5_multimer_v3_pred_0": 0.8824254252968794
    },
    "order": [
        "model_2_multimer_v3_pred_0",
        "model_4_multimer_v3_pred_0",
        "model_1_multimer_v3_pred_0",
        "model_5_multimer_v3_pred_0",
        "model_3_multimer_v3_pred_0"
    ]
}