{
    "features": 451.53359818458557,
    "process_features_model_1_multimer_v3_pred_0": 9.059906005859375e-06,
    "predict_and_compile_model_1_multimer_v3_pred_0": 3377.01104927063,
    "relax_model_1_multimer_v3_pred_0": 947.6582679748535,
    "process_features_model_2_multimer_v3_pred_0": 5.7220458984375e-06,
    "predict_and_compile_model_2_multimer_v3_pred_0": 2458.9449939727783,
    "relax_model_2_multimer_v3_pred_0": 939.5821328163147,
    "process_features_model_3_multimer_v3_pred_0": 5.245208740234375e-06,
    "predict_and_compile_model_3_multimer_v3_pred_0": 1919.670075893402,
    "relax_model_3_multimer_v3_pred_0": 819.4297089576721,
    "process_features_model_4_multimer_v3_pred_0": 5.0067901611328125e-06,
    "predict_and_compile_model_4_multimer_v3_pred_0": 3789.5444598197937,
    "relax_model_4_multimer_v3_pred_0": 890.8120594024658,
    "process_features_model_5_multimer_v3_pred_0": 5.0067901611328125e-06,
    "predict_and_compile_model_5_multimer_v3_pred_0": 3804.5574300289154,
    "relax_model_5_multimer_v3_pred_0": 758.9914422035217
}