{
    "iptm+ptm": {
        "model_1_multimer_v3_pred_0": 0.7016903098081486,
        "model_2_multimer_v3_pred_0": 0.7079642520556648,
        "model_3_multimer_v3_pred_0": 0.7005687237466045,
        "model_4_multimer_v3_pred_0": 0.6599892018486129,
        "model_5_multimer_v3_pred_0": 0.7127271342396883
    },
    "order": [
        "model_5_multimer_v3_pred_0",
        "model_2_multimer_v3_pred_0",
        "model_1_multimer_v3_pred_0",
        "model_3_multimer_v3_pred_0",
        "model_4_multimer_v3_pred_0"
    ]
}