{
    "features": 228.51361632347107,
    "process_features_model_1_multimer_v3_pred_0": 6.341934204101562e-05,
    "predict_and_compile_model_1_multimer_v3_pred_0": 868.8972291946411,
    "relax_model_1_multimer_v3_pred_0": 252.05874061584473,
    "process_features_model_2_multimer_v3_pred_0": 9.775161743164062e-06,
    "predict_and_compile_model_2_multimer_v3_pred_0": 1117.3878920078278,
    "relax_model_2_multimer_v3_pred_0": 363.5942521095276,
    "process_features_model_3_multimer_v3_pred_0": 6.198883056640625e-06,
    "predict_and_compile_model_3_multimer_v3_pred_0": 1064.668974161148,
    "relax_model_3_multimer_v3_pred_0": 794.5767138004303,
    "process_features_model_4_multimer_v3_pred_0": 6.67572021484375e-06,
    "predict_and_compile_model_4_multimer_v3_pred_0": 1482.4222357273102,
    "relax_model_4_multimer_v3_pred_0": 389.453706741333,
    "process_features_model_5_multimer_v3_pred_0": 5.7220458984375e-06,
    "predict_and_compile_model_5_multimer_v3_pred_0": 1472.9704296588898,
    "relax_model_5_multimer_v3_pred_0": 474.7228753566742
}