{
    "iptm+ptm": {
        "model_1_multimer_v3_pred_0": 0.5969777244599271,
        "model_2_multimer_v3_pred_0": 0.6788365046069536,
        "model_3_multimer_v3_pred_0": 0.6249036010949626,
        "model_4_multimer_v3_pred_0": 0.6459878547053375,
        "model_5_multimer_v3_pred_0": 0.6158665215818868
    },
    "order": [
        "model_2_multimer_v3_pred_0",
        "model_4_multimer_v3_pred_0",
        "model_3_multimer_v3_pred_0",
        "model_5_multimer_v3_pred_0",
        "model_1_multimer_v3_pred_0"
    ]
}