{
    "features": 232.43412804603577,
    "process_features_model_1_multimer_v3_pred_0": 4.744529724121094e-05,
    "predict_and_compile_model_1_multimer_v3_pred_0": 1346.4007041454315,
    "relax_model_1_multimer_v3_pred_0": 252.12221145629883,
    "process_features_model_2_multimer_v3_pred_0": 5.4836273193359375e-06,
    "predict_and_compile_model_2_multimer_v3_pred_0": 494.75543427467346,
    "relax_model_2_multimer_v3_pred_0": 279.9364948272705,
    "process_features_model_3_multimer_v3_pred_0": 5.4836273193359375e-06,
    "predict_and_compile_model_3_multimer_v3_pred_0": 600.2911531925201,
    "relax_model_3_multimer_v3_pred_0": 613.5627405643463,
    "process_features_model_4_multimer_v3_pred_0": 5.4836273193359375e-06,
    "predict_and_compile_model_4_multimer_v3_pred_0": 1325.7762477397919,
    "relax_model_4_multimer_v3_pred_0": 301.6703224182129,
    "process_features_model_5_multimer_v3_pred_0": 4.291534423828125e-06,
    "predict_and_compile_model_5_multimer_v3_pred_0": 1215.120003938675,
    "relax_model_5_multimer_v3_pred_0": 213.14193272590637
}