{
    "iptm+ptm": {
        "model_1_multimer_v3_pred_0": 0.6272435553886193,
        "model_2_multimer_v3_pred_0": 0.6400901784150914,
        "model_3_multimer_v3_pred_0": 0.6370320362363873,
        "model_4_multimer_v3_pred_0": 0.6252579939168004,
        "model_5_multimer_v3_pred_0": 0.6474917426444552
    },
    "order": [
        "model_5_multimer_v3_pred_0",
        "model_2_multimer_v3_pred_0",
        "model_3_multimer_v3_pred_0",
        "model_1_multimer_v3_pred_0",
        "model_4_multimer_v3_pred_0"
    ]
}