{
    "features": 1594.4352078437805,
    "process_features_model_1_multimer_v3_pred_0": 4.9591064453125e-05,
    "predict_and_compile_model_1_multimer_v3_pred_0": 1647.3791081905365,
    "relax_model_1_multimer_v3_pred_0": 278.805944442749,
    "process_features_model_2_multimer_v3_pred_0": 2.4318695068359375e-05,
    "predict_and_compile_model_2_multimer_v3_pred_0": 1670.3112525939941,
    "relax_model_2_multimer_v3_pred_0": 795.1398808956146,
    "process_features_model_3_multimer_v3_pred_0": 5.0067901611328125e-06,
    "predict_and_compile_model_3_multimer_v3_pred_0": 936.8696963787079,
    "relax_model_3_multimer_v3_pred_0": 747.9575645923615,
    "process_features_model_4_multimer_v3_pred_0": 3.838539123535156e-05,
    "predict_and_compile_model_4_multimer_v3_pred_0": 910.1532490253448,
    "relax_model_4_multimer_v3_pred_0": 225.6337628364563,
    "process_features_model_5_multimer_v3_pred_0": 4.5299530029296875e-06,
    "predict_and_compile_model_5_multimer_v3_pred_0": 1549.9818875789642,
    "relax_model_5_multimer_v3_pred_0": 629.388453245163
}