{
    "iptm+ptm": {
        "model_1_multimer_v3_pred_0": 0.637138935656632,
        "model_2_multimer_v3_pred_0": 0.6310398237730296,
        "model_3_multimer_v3_pred_0": 0.6566451103480847,
        "model_4_multimer_v3_pred_0": 0.6326042084997381,
        "model_5_multimer_v3_pred_0": 0.6471924644066712
    },
    "order": [
        "model_3_multimer_v3_pred_0",
        "model_5_multimer_v3_pred_0",
        "model_1_multimer_v3_pred_0",
        "model_4_multimer_v3_pred_0",
        "model_2_multimer_v3_pred_0"
    ]
}