{
    "features": 157.14026498794556,
    "process_features_model_1_multimer_v3_pred_0": 1.621246337890625e-05,
    "predict_and_compile_model_1_multimer_v3_pred_0": 1212.7603080272675,
    "relax_model_1_multimer_v3_pred_0": 744.7928547859192,
    "process_features_model_2_multimer_v3_pred_0": 9.5367431640625e-06,
    "predict_and_compile_model_2_multimer_v3_pred_0": 677.2076141834259,
    "relax_model_2_multimer_v3_pred_0": 387.4215259552002,
    "process_features_model_3_multimer_v3_pred_0": 8.58306884765625e-06,
    "predict_and_compile_model_3_multimer_v3_pred_0": 900.3966391086578,
    "relax_model_3_multimer_v3_pred_0": 342.944753408432,
    "process_features_model_4_multimer_v3_pred_0": 9.059906005859375e-06,
    "predict_and_compile_model_4_multimer_v3_pred_0": 1667.6963353157043,
    "relax_model_4_multimer_v3_pred_0": 715.1588382720947,
    "process_features_model_5_multimer_v3_pred_0": 1.049041748046875e-05,
    "predict_and_compile_model_5_multimer_v3_pred_0": 1079.924213886261,
    "relax_model_5_multimer_v3_pred_0": 546.8278589248657
}