{
    "iptm+ptm": {
        "model_1_multimer_v3_pred_0": 0.8317364617668401,
        "model_2_multimer_v3_pred_0": 0.830231081664129,
        "model_3_multimer_v3_pred_0": 0.8446516864782775,
        "model_4_multimer_v3_pred_0": 0.8203945664021527,
        "model_5_multimer_v3_pred_0": 0.8430408536470276
    },
    "order": [
        "model_3_multimer_v3_pred_0",
        "model_5_multimer_v3_pred_0",
        "model_1_multimer_v3_pred_0",
        "model_2_multimer_v3_pred_0",
        "model_4_multimer_v3_pred_0"
    ]
}