{
    "features": 255.1962525844574,
    "process_features_model_1_multimer_v3_pred_0": 1.8358230590820312e-05,
    "predict_and_compile_model_1_multimer_v3_pred_0": 497.11326360702515,
    "relax_model_1_multimer_v3_pred_0": 152.0962016582489,
    "process_features_model_2_multimer_v3_pred_0": 1.1205673217773438e-05,
    "predict_and_compile_model_2_multimer_v3_pred_0": 406.72837591171265,
    "relax_model_2_multimer_v3_pred_0": 150.06026363372803,
    "process_features_model_3_multimer_v3_pred_0": 8.821487426757812e-06,
    "predict_and_compile_model_3_multimer_v3_pred_0": 358.1579523086548,
    "relax_model_3_multimer_v3_pred_0": 246.09549760818481,
    "process_features_model_4_multimer_v3_pred_0": 9.298324584960938e-06,
    "predict_and_compile_model_4_multimer_v3_pred_0": 354.1661479473114,
    "relax_model_4_multimer_v3_pred_0": 200.2521378993988,
    "process_features_model_5_multimer_v3_pred_0": 2.384185791015625e-05,
    "predict_and_compile_model_5_multimer_v3_pred_0": 410.4084541797638,
    "relax_model_5_multimer_v3_pred_0": 284.60464453697205
}