{
    "iptm+ptm": {
        "model_1_multimer_v3_pred_0": 0.8250816786828913,
        "model_2_multimer_v3_pred_0": 0.8392553263939111,
        "model_3_multimer_v3_pred_0": 0.8234640251072687,
        "model_4_multimer_v3_pred_0": 0.8212532856056481,
        "model_5_multimer_v3_pred_0": 0.8314234926020766
    },
    "order": [
        "model_2_multimer_v3_pred_0",
        "model_5_multimer_v3_pred_0",
        "model_1_multimer_v3_pred_0",
        "model_3_multimer_v3_pred_0",
        "model_4_multimer_v3_pred_0"
    ]
}