{
    "features": 167.68748092651367,
    "process_features_model_1_multimer_v3_pred_0": 1.239776611328125e-05,
    "predict_and_compile_model_1_multimer_v3_pred_0": 1323.4880065917969,
    "relax_model_1_multimer_v3_pred_0": 271.3635172843933,
    "process_features_model_2_multimer_v3_pred_0": 5.245208740234375e-06,
    "predict_and_compile_model_2_multimer_v3_pred_0": 553.9109301567078,
    "relax_model_2_multimer_v3_pred_0": 207.08715271949768,
    "process_features_model_3_multimer_v3_pred_0": 8.106231689453125e-06,
    "predict_and_compile_model_3_multimer_v3_pred_0": 790.6940672397614,
    "relax_model_3_multimer_v3_pred_0": 405.17184019088745,
    "process_features_model_4_multimer_v3_pred_0": 6.9141387939453125e-06,
    "predict_and_compile_model_4_multimer_v3_pred_0": 872.1268975734711,
    "relax_model_4_multimer_v3_pred_0": 342.8569116592407,
    "process_features_model_5_multimer_v3_pred_0": 9.298324584960938e-06,
    "predict_and_compile_model_5_multimer_v3_pred_0": 1099.5406098365784,
    "relax_model_5_multimer_v3_pred_0": 332.8985209465027
}