{
    "iptm+ptm": {
        "model_1_multimer_v3_pred_0": 0.7951655107523098,
        "model_2_multimer_v3_pred_0": 0.8480430566242051,
        "model_3_multimer_v3_pred_0": 0.7980610112345422,
        "model_4_multimer_v3_pred_0": 0.8015189194212087,
        "model_5_multimer_v3_pred_0": 0.8155182181327243
    },
    "order": [
        "model_2_multimer_v3_pred_0",
        "model_5_multimer_v3_pred_0",
        "model_4_multimer_v3_pred_0",
        "model_3_multimer_v3_pred_0",
        "model_1_multimer_v3_pred_0"
    ]
}