{
    "features": 276.8605043888092,
    "process_features_model_1_multimer_v3_pred_0": 1.0728836059570312e-05,
    "predict_and_compile_model_1_multimer_v3_pred_0": 482.1136827468872,
    "relax_model_1_multimer_v3_pred_0": 205.80547618865967,
    "process_features_model_2_multimer_v3_pred_0": 6.198883056640625e-06,
    "predict_and_compile_model_2_multimer_v3_pred_0": 431.83013439178467,
    "relax_model_2_multimer_v3_pred_0": 218.5026249885559,
    "process_features_model_3_multimer_v3_pred_0": 3.266334533691406e-05,
    "predict_and_compile_model_3_multimer_v3_pred_0": 497.25892972946167,
    "relax_model_3_multimer_v3_pred_0": 204.8282814025879,
    "process_features_model_4_multimer_v3_pred_0": 7.152557373046875e-06,
    "predict_and_compile_model_4_multimer_v3_pred_0": 672.2801556587219,
    "relax_model_4_multimer_v3_pred_0": 220.7743272781372,
    "process_features_model_5_multimer_v3_pred_0": 3.886222839355469e-05,
    "predict_and_compile_model_5_multimer_v3_pred_0": 426.4714059829712,
    "relax_model_5_multimer_v3_pred_0": 345.6729381084442
}