{
    "iptm+ptm": {
        "model_1_multimer_v3_pred_0": 0.7885089346149079,
        "model_2_multimer_v3_pred_0": 0.8075951410560946,
        "model_3_multimer_v3_pred_0": 0.7996223629264629,
        "model_4_multimer_v3_pred_0": 0.7513997298644695,
        "model_5_multimer_v3_pred_0": 0.7732516147883397
    },
    "order": [
        "model_2_multimer_v3_pred_0",
        "model_3_multimer_v3_pred_0",
        "model_1_multimer_v3_pred_0",
        "model_5_multimer_v3_pred_0",
        "model_4_multimer_v3_pred_0"
    ]
}