{
    "features": 261.47321915626526,
    "process_features_model_1_multimer_v3_pred_0": 9.059906005859375e-06,
    "predict_and_compile_model_1_multimer_v3_pred_0": 667.0238847732544,
    "relax_model_1_multimer_v3_pred_0": 228.4545075893402,
    "process_features_model_2_multimer_v3_pred_0": 5.9604644775390625e-06,
    "predict_and_compile_model_2_multimer_v3_pred_0": 508.4023070335388,
    "relax_model_2_multimer_v3_pred_0": 195.1746575832367,
    "process_features_model_3_multimer_v3_pred_0": 4.291534423828125e-06,
    "predict_and_compile_model_3_multimer_v3_pred_0": 795.8809671401978,
    "relax_model_3_multimer_v3_pred_0": 442.79032731056213,
    "process_features_model_4_multimer_v3_pred_0": 5.245208740234375e-06,
    "predict_and_compile_model_4_multimer_v3_pred_0": 556.9719061851501,
    "relax_model_4_multimer_v3_pred_0": 185.58008098602295,
    "process_features_model_5_multimer_v3_pred_0": 5.245208740234375e-06,
    "predict_and_compile_model_5_multimer_v3_pred_0": 580.2772538661957,
    "relax_model_5_multimer_v3_pred_0": 372.4083836078644
}