{
    "iptm+ptm": {
        "model_1_multimer_v3_pred_0": 0.7514704568666205,
        "model_2_multimer_v3_pred_0": 0.7733893104358436,
        "model_3_multimer_v3_pred_0": 0.7809072986654476,
        "model_4_multimer_v3_pred_0": 0.6337283151724362,
        "model_5_multimer_v3_pred_0": 0.6373490925766732
    },
    "order": [
        "model_3_multimer_v3_pred_0",
        "model_2_multimer_v3_pred_0",
        "model_1_multimer_v3_pred_0",
        "model_5_multimer_v3_pred_0",
        "model_4_multimer_v3_pred_0"
    ]
}