{
    "features": 164.71684622764587,
    "process_features_model_1_multimer_v3_pred_0": 8.344650268554688e-06,
    "predict_and_compile_model_1_multimer_v3_pred_0": 492.46289229393005,
    "relax_model_1_multimer_v3_pred_0": 286.1724212169647,
    "process_features_model_2_multimer_v3_pred_0": 1.1920928955078125e-05,
    "predict_and_compile_model_2_multimer_v3_pred_0": 554.5306146144867,
    "relax_model_2_multimer_v3_pred_0": 388.33155393600464,
    "process_features_model_3_multimer_v3_pred_0": 1.7881393432617188e-05,
    "predict_and_compile_model_3_multimer_v3_pred_0": 537.8045833110809,
    "relax_model_3_multimer_v3_pred_0": 416.7278470993042,
    "process_features_model_4_multimer_v3_pred_0": 8.344650268554688e-06,
    "predict_and_compile_model_4_multimer_v3_pred_0": 784.51389336586,
    "relax_model_4_multimer_v3_pred_0": 362.4398560523987,
    "process_features_model_5_multimer_v3_pred_0": 1.1682510375976562e-05,
    "predict_and_compile_model_5_multimer_v3_pred_0": 662.553829908371,
    "relax_model_5_multimer_v3_pred_0": 410.43976044654846
}