{
    "iptm+ptm": {
        "model_1_multimer_v3_pred_0": 0.7124333419153632,
        "model_2_multimer_v3_pred_0": 0.711942790858369,
        "model_3_multimer_v3_pred_0": 0.7077533323613565,
        "model_4_multimer_v3_pred_0": 0.6964903118285068,
        "model_5_multimer_v3_pred_0": 0.70890083987926
    },
    "order": [
        "model_1_multimer_v3_pred_0",
        "model_2_multimer_v3_pred_0",
        "model_5_multimer_v3_pred_0",
        "model_3_multimer_v3_pred_0",
        "model_4_multimer_v3_pred_0"
    ]
}