{
    "features": 140.70898580551147,
    "process_features_model_1_multimer_v3_pred_0": 1.811981201171875e-05,
    "predict_and_compile_model_1_multimer_v3_pred_0": 132.67119145393372,
    "relax_model_1_multimer_v3_pred_0": 208.51601433753967,
    "process_features_model_2_multimer_v3_pred_0": 7.867813110351562e-06,
    "predict_and_compile_model_2_multimer_v3_pred_0": 123.06937503814697,
    "relax_model_2_multimer_v3_pred_0": 216.23012828826904,
    "process_features_model_3_multimer_v3_pred_0": 9.298324584960938e-06,
    "predict_and_compile_model_3_multimer_v3_pred_0": 124.72388672828674,
    "relax_model_3_multimer_v3_pred_0": 232.4158227443695,
    "process_features_model_4_multimer_v3_pred_0": 8.106231689453125e-06,
    "predict_and_compile_model_4_multimer_v3_pred_0": 177.2270200252533,
    "relax_model_4_multimer_v3_pred_0": 200.3322491645813,
    "process_features_model_5_multimer_v3_pred_0": 8.344650268554688e-06,
    "predict_and_compile_model_5_multimer_v3_pred_0": 191.537992477417,
    "relax_model_5_multimer_v3_pred_0": 244.56230211257935
}