{
    "iptm+ptm": {
        "model_1_multimer_v3_pred_0": 0.2591339646276214,
        "model_2_multimer_v3_pred_0": 0.26291920914860284,
        "model_3_multimer_v3_pred_0": 0.38378499905860786,
        "model_4_multimer_v3_pred_0": 0.4255222817925312,
        "model_5_multimer_v3_pred_0": 0.3777649121200206
    },
    "order": [
        "model_4_multimer_v3_pred_0",
        "model_3_multimer_v3_pred_0",
        "model_5_multimer_v3_pred_0",
        "model_2_multimer_v3_pred_0",
        "model_1_multimer_v3_pred_0"
    ]
}