{
    "features": 190.12125253677368,
    "process_features_model_1_multimer_v3_pred_0": 1.0967254638671875e-05,
    "predict_and_compile_model_1_multimer_v3_pred_0": 738.7712645530701,
    "relax_model_1_multimer_v3_pred_0": 200.51917266845703,
    "process_features_model_2_multimer_v3_pred_0": 1.1205673217773438e-05,
    "predict_and_compile_model_2_multimer_v3_pred_0": 507.09040236473083,
    "relax_model_2_multimer_v3_pred_0": 221.05971932411194,
    "process_features_model_3_multimer_v3_pred_0": 2.0742416381835938e-05,
    "predict_and_compile_model_3_multimer_v3_pred_0": 1374.212586402893,
    "relax_model_3_multimer_v3_pred_0": 1266.8423850536346,
    "process_features_model_4_multimer_v3_pred_0": 1.049041748046875e-05,
    "predict_and_compile_model_4_multimer_v3_pred_0": 1366.8043529987335,
    "relax_model_4_multimer_v3_pred_0": 723.1319813728333,
    "process_features_model_5_multimer_v3_pred_0": 9.775161743164062e-06,
    "predict_and_compile_model_5_multimer_v3_pred_0": 1362.989750623703,
    "relax_model_5_multimer_v3_pred_0": 820.6322405338287
}