{
    "iptm+ptm": {
        "model_1_multimer_v3_pred_0": 0.8422394631906848,
        "model_2_multimer_v3_pred_0": 0.8519832985061351,
        "model_3_multimer_v3_pred_0": 0.8553673294431209,
        "model_4_multimer_v3_pred_0": 0.8571973237971826,
        "model_5_multimer_v3_pred_0": 0.8600452936057562
    },
    "order": [
        "model_5_multimer_v3_pred_0",
        "model_4_multimer_v3_pred_0",
        "model_3_multimer_v3_pred_0",
        "model_2_multimer_v3_pred_0",
        "model_1_multimer_v3_pred_0"
    ]
}