{
    "features": 242.55392050743103,
    "process_features_model_1_multimer_v3_pred_0": 2.86102294921875e-05,
    "predict_and_compile_model_1_multimer_v3_pred_0": 442.8750567436218,
    "relax_model_1_multimer_v3_pred_0": 205.87378811836243,
    "process_features_model_2_multimer_v3_pred_0": 1.1682510375976562e-05,
    "predict_and_compile_model_2_multimer_v3_pred_0": 491.73848938941956,
    "relax_model_2_multimer_v3_pred_0": 312.4468343257904,
    "process_features_model_3_multimer_v3_pred_0": 1.049041748046875e-05,
    "predict_and_compile_model_3_multimer_v3_pred_0": 428.31579780578613,
    "relax_model_3_multimer_v3_pred_0": 273.0810408592224,
    "process_features_model_4_multimer_v3_pred_0": 8.58306884765625e-06,
    "predict_and_compile_model_4_multimer_v3_pred_0": 411.63228487968445,
    "relax_model_4_multimer_v3_pred_0": 316.7708520889282,
    "process_features_model_5_multimer_v3_pred_0": 8.344650268554688e-06,
    "predict_and_compile_model_5_multimer_v3_pred_0": 476.93150663375854,
    "relax_model_5_multimer_v3_pred_0": 378.2599666118622
}