{
    "iptm+ptm": {
        "model_1_multimer_v3_pred_0": 0.8985100147413763,
        "model_2_multimer_v3_pred_0": 0.9032091670847731,
        "model_3_multimer_v3_pred_0": 0.9081583366464785,
        "model_4_multimer_v3_pred_0": 0.9004871511008005,
        "model_5_multimer_v3_pred_0": 0.9126256803960413
    },
    "order": [
        "model_5_multimer_v3_pred_0",
        "model_3_multimer_v3_pred_0",
        "model_2_multimer_v3_pred_0",
        "model_4_multimer_v3_pred_0",
        "model_1_multimer_v3_pred_0"
    ]
}