{
    "features": 172.45667171478271,
    "process_features_model_1_multimer_v3_pred_0": 9.775161743164062e-06,
    "predict_and_compile_model_1_multimer_v3_pred_0": 621.4612443447113,
    "relax_model_1_multimer_v3_pred_0": 155.81254482269287,
    "process_features_model_2_multimer_v3_pred_0": 4.76837158203125e-06,
    "predict_and_compile_model_2_multimer_v3_pred_0": 467.55854177474976,
    "relax_model_2_multimer_v3_pred_0": 265.58687019348145,
    "process_features_model_3_multimer_v3_pred_0": 6.198883056640625e-06,
    "predict_and_compile_model_3_multimer_v3_pred_0": 420.48517203330994,
    "relax_model_3_multimer_v3_pred_0": 260.40291261672974,
    "process_features_model_4_multimer_v3_pred_0": 8.344650268554688e-06,
    "predict_and_compile_model_4_multimer_v3_pred_0": 411.78783082962036,
    "relax_model_4_multimer_v3_pred_0": 303.9709939956665,
    "process_features_model_5_multimer_v3_pred_0": 8.58306884765625e-06,
    "predict_and_compile_model_5_multimer_v3_pred_0": 411.88060879707336,
    "relax_model_5_multimer_v3_pred_0": 272.8403670787811
}