{
    "iptm+ptm": {
        "model_1_multimer_v3_pred_0": 0.7547046072287139,
        "model_2_multimer_v3_pred_0": 0.7678233160641621,
        "model_3_multimer_v3_pred_0": 0.7522011544877659,
        "model_4_multimer_v3_pred_0": 0.7361227247911419,
        "model_5_multimer_v3_pred_0": 0.7500192607177993
    },
    "order": [
        "model_2_multimer_v3_pred_0",
        "model_1_multimer_v3_pred_0",
        "model_3_multimer_v3_pred_0",
        "model_5_multimer_v3_pred_0",
        "model_4_multimer_v3_pred_0"
    ]
}