{
    "features": 292.2597589492798,
    "process_features_model_1_multimer_v3_pred_0": 1.1205673217773438e-05,
    "predict_and_compile_model_1_multimer_v3_pred_0": 820.3730866909027,
    "relax_model_1_multimer_v3_pred_0": 241.2823646068573,
    "process_features_model_2_multimer_v3_pred_0": 3.933906555175781e-05,
    "predict_and_compile_model_2_multimer_v3_pred_0": 607.924729347229,
    "relax_model_2_multimer_v3_pred_0": 161.06891512870789,
    "process_features_model_3_multimer_v3_pred_0": 2.4557113647460938e-05,
    "predict_and_compile_model_3_multimer_v3_pred_0": 552.5765886306763,
    "relax_model_3_multimer_v3_pred_0": 184.82159733772278,
    "process_features_model_4_multimer_v3_pred_0": 8.106231689453125e-06,
    "predict_and_compile_model_4_multimer_v3_pred_0": 657.0815267562866,
    "relax_model_4_multimer_v3_pred_0": 222.14951992034912,
    "process_features_model_5_multimer_v3_pred_0": 5.9604644775390625e-06,
    "predict_and_compile_model_5_multimer_v3_pred_0": 604.7816138267517,
    "relax_model_5_multimer_v3_pred_0": 271.0598142147064
}