{
    "iptm+ptm": {
        "model_1_multimer_v3_pred_0": 0.6073569216813266,
        "model_2_multimer_v3_pred_0": 0.6513069151742157,
        "model_3_multimer_v3_pred_0": 0.6206094323173688,
        "model_4_multimer_v3_pred_0": 0.6406294166278855,
        "model_5_multimer_v3_pred_0": 0.5936260166257399
    },
    "order": [
        "model_2_multimer_v3_pred_0",
        "model_4_multimer_v3_pred_0",
        "model_3_multimer_v3_pred_0",
        "model_1_multimer_v3_pred_0",
        "model_5_multimer_v3_pred_0"
    ]
}