{
    "features": 223.5590214729309,
    "process_features_model_1_multimer_v3_pred_0": 3.6716461181640625e-05,
    "predict_and_compile_model_1_multimer_v3_pred_0": 887.1517391204834,
    "relax_model_1_multimer_v3_pred_0": 319.760151386261,
    "process_features_model_2_multimer_v3_pred_0": 4.76837158203125e-06,
    "predict_and_compile_model_2_multimer_v3_pred_0": 837.8515572547913,
    "relax_model_2_multimer_v3_pred_0": 195.6559464931488,
    "process_features_model_3_multimer_v3_pred_0": 5.7220458984375e-06,
    "predict_and_compile_model_3_multimer_v3_pred_0": 832.6395008563995,
    "relax_model_3_multimer_v3_pred_0": 234.70002722740173,
    "process_features_model_4_multimer_v3_pred_0": 5.7220458984375e-06,
    "predict_and_compile_model_4_multimer_v3_pred_0": 1333.3298275470734,
    "relax_model_4_multimer_v3_pred_0": 234.22253894805908,
    "process_features_model_5_multimer_v3_pred_0": 5.4836273193359375e-06,
    "predict_and_compile_model_5_multimer_v3_pred_0": 1333.4037046432495,
    "relax_model_5_multimer_v3_pred_0": 309.1262192726135
}