{
    "iptm+ptm": {
        "model_1_multimer_v3_pred_0": 0.826366849780181,
        "model_2_multimer_v3_pred_0": 0.8406063786931269,
        "model_3_multimer_v3_pred_0": 0.855736226066333,
        "model_4_multimer_v3_pred_0": 0.7921660642826727,
        "model_5_multimer_v3_pred_0": 0.8670010044897356
    },
    "order": [
        "model_5_multimer_v3_pred_0",
        "model_3_multimer_v3_pred_0",
        "model_2_multimer_v3_pred_0",
        "model_1_multimer_v3_pred_0",
        "model_4_multimer_v3_pred_0"
    ]
}