{
    "features": 154.78505563735962,
    "process_features_model_1_multimer_v3_pred_0": 8.106231689453125e-06,
    "predict_and_compile_model_1_multimer_v3_pred_0": 746.7557225227356,
    "relax_model_1_multimer_v3_pred_0": 227.80465984344482,
    "process_features_model_2_multimer_v3_pred_0": 7.152557373046875e-06,
    "predict_and_compile_model_2_multimer_v3_pred_0": 701.9736671447754,
    "relax_model_2_multimer_v3_pred_0": 250.68844294548035,
    "process_features_model_3_multimer_v3_pred_0": 6.67572021484375e-06,
    "predict_and_compile_model_3_multimer_v3_pred_0": 1427.7317321300507,
    "relax_model_3_multimer_v3_pred_0": 202.1681547164917,
    "process_features_model_4_multimer_v3_pred_0": 6.4373016357421875e-06,
    "predict_and_compile_model_4_multimer_v3_pred_0": 1056.9781312942505,
    "relax_model_4_multimer_v3_pred_0": 271.8336007595062,
    "process_features_model_5_multimer_v3_pred_0": 5.245208740234375e-06,
    "predict_and_compile_model_5_multimer_v3_pred_0": 1100.872355222702,
    "relax_model_5_multimer_v3_pred_0": 231.03571033477783
}