{
    "iptm+ptm": {
        "model_1_multimer_v3_pred_0": 0.7876202071471279,
        "model_2_multimer_v3_pred_0": 0.7802459901505567,
        "model_3_multimer_v3_pred_0": 0.7773880139060608,
        "model_4_multimer_v3_pred_0": 0.7944825499024923,
        "model_5_multimer_v3_pred_0": 0.7948664972838317
    },
    "order": [
        "model_5_multimer_v3_pred_0",
        "model_4_multimer_v3_pred_0",
        "model_1_multimer_v3_pred_0",
        "model_2_multimer_v3_pred_0",
        "model_3_multimer_v3_pred_0"
    ]
}