{
    "features": 202.04440927505493,
    "process_features_model_1_multimer_v3_pred_0": 1.4543533325195312e-05,
    "predict_and_compile_model_1_multimer_v3_pred_0": 475.4584708213806,
    "relax_model_1_multimer_v3_pred_0": 259.78632974624634,
    "process_features_model_2_multimer_v3_pred_0": 6.198883056640625e-06,
    "predict_and_compile_model_2_multimer_v3_pred_0": 480.0262403488159,
    "relax_model_2_multimer_v3_pred_0": 207.75350213050842,
    "process_features_model_3_multimer_v3_pred_0": 1.049041748046875e-05,
    "predict_and_compile_model_3_multimer_v3_pred_0": 610.8830151557922,
    "relax_model_3_multimer_v3_pred_0": 399.9625451564789,
    "process_features_model_4_multimer_v3_pred_0": 7.3909759521484375e-06,
    "predict_and_compile_model_4_multimer_v3_pred_0": 463.50868487358093,
    "relax_model_4_multimer_v3_pred_0": 468.6829442977905,
    "process_features_model_5_multimer_v3_pred_0": 6.198883056640625e-06,
    "predict_and_compile_model_5_multimer_v3_pred_0": 506.93708992004395,
    "relax_model_5_multimer_v3_pred_0": 369.40447640419006
}