{
    "iptm+ptm": {
        "model_1_multimer_v3_pred_0": 0.8845555007385375,
        "model_2_multimer_v3_pred_0": 0.8806428972863322,
        "model_3_multimer_v3_pred_0": 0.8846029268066623,
        "model_4_multimer_v3_pred_0": 0.8876335763844847,
        "model_5_multimer_v3_pred_0": 0.8867257332916614
    },
    "order": [
        "model_4_multimer_v3_pred_0",
        "model_5_multimer_v3_pred_0",
        "model_3_multimer_v3_pred_0",
        "model_1_multimer_v3_pred_0",
        "model_2_multimer_v3_pred_0"
    ]
}