{
    "features": 81.77263140678406,
    "process_features_model_1_multimer_v3_pred_0": 1.5020370483398438e-05,
    "predict_and_compile_model_1_multimer_v3_pred_0": 107.56504559516907,
    "relax_model_1_multimer_v3_pred_0": 169.31145596504211,
    "process_features_model_2_multimer_v3_pred_0": 4.5299530029296875e-06,
    "predict_and_compile_model_2_multimer_v3_pred_0": 112.34125900268555,
    "relax_model_2_multimer_v3_pred_0": 352.4092381000519,
    "process_features_model_3_multimer_v3_pred_0": 6.67572021484375e-06,
    "predict_and_compile_model_3_multimer_v3_pred_0": 104.44475412368774,
    "relax_model_3_multimer_v3_pred_0": 322.6554718017578,
    "process_features_model_4_multimer_v3_pred_0": 4.5299530029296875e-06,
    "predict_and_compile_model_4_multimer_v3_pred_0": 116.45046329498291,
    "relax_model_4_multimer_v3_pred_0": 171.2915015220642,
    "process_features_model_5_multimer_v3_pred_0": 6.4373016357421875e-06,
    "predict_and_compile_model_5_multimer_v3_pred_0": 109.64627051353455,
    "relax_model_5_multimer_v3_pred_0": 329.1850531101227
}