{
    "iptm+ptm": {
        "model_1_multimer_v3_pred_0": 0.757388615276698,
        "model_2_multimer_v3_pred_0": 0.7580590586001509,
        "model_3_multimer_v3_pred_0": 0.7473741213304258,
        "model_4_multimer_v3_pred_0": 0.7622284630861446,
        "model_5_multimer_v3_pred_0": 0.7742976037194501
    },
    "order": [
        "model_5_multimer_v3_pred_0",
        "model_4_multimer_v3_pred_0",
        "model_2_multimer_v3_pred_0",
        "model_1_multimer_v3_pred_0",
        "model_3_multimer_v3_pred_0"
    ]
}