{
    "features": 233.86511278152466,
    "process_features_model_1_multimer_v3_pred_0": 2.384185791015625e-05,
    "predict_and_compile_model_1_multimer_v3_pred_0": 751.6177263259888,
    "relax_model_1_multimer_v3_pred_0": 410.5727596282959,
    "process_features_model_2_multimer_v3_pred_0": 5.7220458984375e-06,
    "predict_and_compile_model_2_multimer_v3_pred_0": 614.4406371116638,
    "relax_model_2_multimer_v3_pred_0": 208.581778049469,
    "process_features_model_3_multimer_v3_pred_0": 2.0265579223632812e-05,
    "predict_and_compile_model_3_multimer_v3_pred_0": 676.137051820755,
    "relax_model_3_multimer_v3_pred_0": 234.28958797454834,
    "process_features_model_4_multimer_v3_pred_0": 6.4373016357421875e-06,
    "predict_and_compile_model_4_multimer_v3_pred_0": 462.7558147907257,
    "relax_model_4_multimer_v3_pred_0": 340.6967010498047,
    "process_features_model_5_multimer_v3_pred_0": 5.9604644775390625e-06,
    "predict_and_compile_model_5_multimer_v3_pred_0": 587.5317330360413,
    "relax_model_5_multimer_v3_pred_0": 516.3034069538116
}