{
    "iptm+ptm": {
        "model_1_multimer_v3_pred_0": 0.9006612514137428,
        "model_2_multimer_v3_pred_0": 0.9029243898802737,
        "model_3_multimer_v3_pred_0": 0.8934204111794318,
        "model_4_multimer_v3_pred_0": 0.8951474341337153,
        "model_5_multimer_v3_pred_0": 0.9050585609190825
    },
    "order": [
        "model_5_multimer_v3_pred_0",
        "model_2_multimer_v3_pred_0",
        "model_1_multimer_v3_pred_0",
        "model_4_multimer_v3_pred_0",
        "model_3_multimer_v3_pred_0"
    ]
}