{
    "features": 248.7967300415039,
    "process_features_model_1_multimer_v3_pred_0": 1.3113021850585938e-05,
    "predict_and_compile_model_1_multimer_v3_pred_0": 970.0227751731873,
    "relax_model_1_multimer_v3_pred_0": 204.08031964302063,
    "process_features_model_2_multimer_v3_pred_0": 1.0013580322265625e-05,
    "predict_and_compile_model_2_multimer_v3_pred_0": 694.9427909851074,
    "relax_model_2_multimer_v3_pred_0": 314.4433379173279,
    "process_features_model_3_multimer_v3_pred_0": 7.867813110351562e-06,
    "predict_and_compile_model_3_multimer_v3_pred_0": 866.9638566970825,
    "relax_model_3_multimer_v3_pred_0": 206.4889554977417,
    "process_features_model_4_multimer_v3_pred_0": 9.369850158691406e-05,
    "predict_and_compile_model_4_multimer_v3_pred_0": 865.6168098449707,
    "relax_model_4_multimer_v3_pred_0": 336.64532923698425,
    "process_features_model_5_multimer_v3_pred_0": 9.775161743164062e-06,
    "predict_and_compile_model_5_multimer_v3_pred_0": 1292.2892122268677,
    "relax_model_5_multimer_v3_pred_0": 207.69160771369934
}