{
    "iptm+ptm": {
        "model_1_multimer_v3_pred_0": 0.48698803459214013,
        "model_2_multimer_v3_pred_0": 0.50353654947625,
        "model_3_multimer_v3_pred_0": 0.2926015864343658,
        "model_4_multimer_v3_pred_0": 0.4410516297770301,
        "model_5_multimer_v3_pred_0": 0.39962929539571773
    },
    "order": [
        "model_2_multimer_v3_pred_0",
        "model_1_multimer_v3_pred_0",
        "model_4_multimer_v3_pred_0",
        "model_5_multimer_v3_pred_0",
        "model_3_multimer_v3_pred_0"
    ]
}