{
    "features": 237.74721693992615,
    "process_features_model_1_multimer_v3_pred_0": 8.821487426757812e-06,
    "predict_and_compile_model_1_multimer_v3_pred_0": 2378.274510383606,
    "relax_model_1_multimer_v3_pred_0": 300.21888637542725,
    "process_features_model_2_multimer_v3_pred_0": 5.0067901611328125e-06,
    "predict_and_compile_model_2_multimer_v3_pred_0": 2376.138315677643,
    "relax_model_2_multimer_v3_pred_0": 620.9370076656342,
    "process_features_model_3_multimer_v3_pred_0": 1.3589859008789062e-05,
    "predict_and_compile_model_3_multimer_v3_pred_0": 1008.7808308601379,
    "relax_model_3_multimer_v3_pred_0": 696.4663987159729,
    "process_features_model_4_multimer_v3_pred_0": 5.7220458984375e-06,
    "predict_and_compile_model_4_multimer_v3_pred_0": 2305.4301998615265,
    "relax_model_4_multimer_v3_pred_0": 496.2562279701233,
    "process_features_model_5_multimer_v3_pred_0": 5.0067901611328125e-06,
    "predict_and_compile_model_5_multimer_v3_pred_0": 2313.69193315506,
    "relax_model_5_multimer_v3_pred_0": 350.83433198928833
}