{
    "iptm+ptm": {
        "model_1_multimer_v3_pred_0": 0.6051915349492187,
        "model_2_multimer_v3_pred_0": 0.5339672738568982,
        "model_3_multimer_v3_pred_0": 0.6972403974596948,
        "model_4_multimer_v3_pred_0": 0.5121441578866095,
        "model_5_multimer_v3_pred_0": 0.5635300009102344
    },
    "order": [
        "model_3_multimer_v3_pred_0",
        "model_1_multimer_v3_pred_0",
        "model_5_multimer_v3_pred_0",
        "model_2_multimer_v3_pred_0",
        "model_4_multimer_v3_pred_0"
    ]
}