{
    "features": 48.69317269325256,
    "process_features_model_1_multimer_v3_pred_0": 3.218650817871094e-05,
    "predict_and_compile_model_1_multimer_v3_pred_0": 503.66122555732727,
    "relax_model_1_multimer_v3_pred_0": 199.08952164649963,
    "process_features_model_2_multimer_v3_pred_0": 5.4836273193359375e-06,
    "predict_and_compile_model_2_multimer_v3_pred_0": 448.4456195831299,
    "relax_model_2_multimer_v3_pred_0": 296.51581740379333,
    "process_features_model_3_multimer_v3_pred_0": 4.76837158203125e-06,
    "predict_and_compile_model_3_multimer_v3_pred_0": 656.6315143108368,
    "relax_model_3_multimer_v3_pred_0": 121.51030015945435,
    "process_features_model_4_multimer_v3_pred_0": 5.245208740234375e-06,
    "predict_and_compile_model_4_multimer_v3_pred_0": 1182.5185329914093,
    "relax_model_4_multimer_v3_pred_0": 283.75756645202637,
    "process_features_model_5_multimer_v3_pred_0": 4.76837158203125e-06,
    "predict_and_compile_model_5_multimer_v3_pred_0": 907.521582365036,
    "relax_model_5_multimer_v3_pred_0": 164.4669895172119
}