{
    "iptm+ptm": {
        "model_1_multimer_v3_pred_0": 0.7978276660608037,
        "model_2_multimer_v3_pred_0": 0.791605093722556,
        "model_3_multimer_v3_pred_0": 0.8211965009486232,
        "model_4_multimer_v3_pred_0": 0.8025870267799025,
        "model_5_multimer_v3_pred_0": 0.8176118217887725
    },
    "order": [
        "model_3_multimer_v3_pred_0",
        "model_5_multimer_v3_pred_0",
        "model_4_multimer_v3_pred_0",
        "model_1_multimer_v3_pred_0",
        "model_2_multimer_v3_pred_0"
    ]
}