{
    "features": 295.60832047462463,
    "process_features_model_1_multimer_v3_pred_0": 2.0503997802734375e-05,
    "predict_and_compile_model_1_multimer_v3_pred_0": 967.5124719142914,
    "relax_model_1_multimer_v3_pred_0": 513.2855715751648,
    "process_features_model_2_multimer_v3_pred_0": 4.76837158203125e-06,
    "predict_and_compile_model_2_multimer_v3_pred_0": 1154.047863960266,
    "relax_model_2_multimer_v3_pred_0": 459.7288382053375,
    "process_features_model_3_multimer_v3_pred_0": 4.76837158203125e-06,
    "predict_and_compile_model_3_multimer_v3_pred_0": 656.2674961090088,
    "relax_model_3_multimer_v3_pred_0": 402.55384945869446,
    "process_features_model_4_multimer_v3_pred_0": 5.7220458984375e-06,
    "predict_and_compile_model_4_multimer_v3_pred_0": 1622.9790353775024,
    "relax_model_4_multimer_v3_pred_0": 490.570485830307,
    "process_features_model_5_multimer_v3_pred_0": 5.245208740234375e-06,
    "predict_and_compile_model_5_multimer_v3_pred_0": 717.1060438156128,
    "relax_model_5_multimer_v3_pred_0": 608.7294828891754
}