{
    "iptm+ptm": {
        "model_1_multimer_v3_pred_0": 0.6056485919011231,
        "model_2_multimer_v3_pred_0": 0.6491845535426816,
        "model_3_multimer_v3_pred_0": 0.6609726754815987,
        "model_4_multimer_v3_pred_0": 0.6962478068172232,
        "model_5_multimer_v3_pred_0": 0.6621172902163355
    },
    "order": [
        "model_4_multimer_v3_pred_0",
        "model_5_multimer_v3_pred_0",
        "model_3_multimer_v3_pred_0",
        "model_2_multimer_v3_pred_0",
        "model_1_multimer_v3_pred_0"
    ]
}