{
    "features": 215.23477339744568,
    "process_features_model_1_multimer_v3_pred_0": 3.695487976074219e-05,
    "predict_and_compile_model_1_multimer_v3_pred_0": 901.279482126236,
    "relax_model_1_multimer_v3_pred_0": 152.7108223438263,
    "process_features_model_2_multimer_v3_pred_0": 5.245208740234375e-06,
    "predict_and_compile_model_2_multimer_v3_pred_0": 1291.0003790855408,
    "relax_model_2_multimer_v3_pred_0": 201.93816590309143,
    "process_features_model_3_multimer_v3_pred_0": 5.9604644775390625e-06,
    "predict_and_compile_model_3_multimer_v3_pred_0": 708.6750340461731,
    "relax_model_3_multimer_v3_pred_0": 247.67525601387024,
    "process_features_model_4_multimer_v3_pred_0": 8.106231689453125e-06,
    "predict_and_compile_model_4_multimer_v3_pred_0": 609.6984579563141,
    "relax_model_4_multimer_v3_pred_0": 272.20778918266296,
    "process_features_model_5_multimer_v3_pred_0": 7.152557373046875e-06,
    "predict_and_compile_model_5_multimer_v3_pred_0": 903.5214619636536,
    "relax_model_5_multimer_v3_pred_0": 213.297278881073
}