{
    "iptm+ptm": {
        "model_1_multimer_v3_pred_0": 0.6152392741783798,
        "model_2_multimer_v3_pred_0": 0.6371966800055071,
        "model_3_multimer_v3_pred_0": 0.6378618322621517,
        "model_4_multimer_v3_pred_0": 0.6286418487052443,
        "model_5_multimer_v3_pred_0": 0.6136403543028494
    },
    "order": [
        "model_3_multimer_v3_pred_0",
        "model_2_multimer_v3_pred_0",
        "model_4_multimer_v3_pred_0",
        "model_1_multimer_v3_pred_0",
        "model_5_multimer_v3_pred_0"
    ]
}