{
    "features": 199.57764220237732,
    "process_features_model_1_multimer_v3_pred_0": 2.8371810913085938e-05,
    "predict_and_compile_model_1_multimer_v3_pred_0": 1929.6939675807953,
    "relax_model_1_multimer_v3_pred_0": 1060.783926486969,
    "process_features_model_2_multimer_v3_pred_0": 5.4836273193359375e-06,
    "predict_and_compile_model_2_multimer_v3_pred_0": 1912.9846794605255,
    "relax_model_2_multimer_v3_pred_0": 1022.3661613464355,
    "process_features_model_3_multimer_v3_pred_0": 5.245208740234375e-06,
    "predict_and_compile_model_3_multimer_v3_pred_0": 1914.1739313602448,
    "relax_model_3_multimer_v3_pred_0": 1420.8402078151703,
    "process_features_model_4_multimer_v3_pred_0": 3.075599670410156e-05,
    "predict_and_compile_model_4_multimer_v3_pred_0": 1902.523598432541,
    "relax_model_4_multimer_v3_pred_0": 514.4378726482391,
    "process_features_model_5_multimer_v3_pred_0": 6.198883056640625e-06,
    "predict_and_compile_model_5_multimer_v3_pred_0": 1880.5176358222961,
    "relax_model_5_multimer_v3_pred_0": 1072.4201509952545
}