{
    "iptm+ptm": {
        "model_1_multimer_v3_pred_0": 0.7093577975415436,
        "model_2_multimer_v3_pred_0": 0.646141203776014,
        "model_3_multimer_v3_pred_0": 0.6967920972174046,
        "model_4_multimer_v3_pred_0": 0.707506548894731,
        "model_5_multimer_v3_pred_0": 0.7291349212625851
    },
    "order": [
        "model_5_multimer_v3_pred_0",
        "model_1_multimer_v3_pred_0",
        "model_4_multimer_v3_pred_0",
        "model_3_multimer_v3_pred_0",
        "model_2_multimer_v3_pred_0"
    ]
}