{
    "features": 228.1970145702362,
    "process_features_model_1_multimer_v3_pred_0": 1.4066696166992188e-05,
    "predict_and_compile_model_1_multimer_v3_pred_0": 574.7415535449982,
    "relax_model_1_multimer_v3_pred_0": 385.6246840953827,
    "process_features_model_2_multimer_v3_pred_0": 5.245208740234375e-06,
    "predict_and_compile_model_2_multimer_v3_pred_0": 657.9620542526245,
    "relax_model_2_multimer_v3_pred_0": 554.4990403652191,
    "process_features_model_3_multimer_v3_pred_0": 7.62939453125e-06,
    "predict_and_compile_model_3_multimer_v3_pred_0": 541.3685173988342,
    "relax_model_3_multimer_v3_pred_0": 339.97342133522034,
    "process_features_model_4_multimer_v3_pred_0": 6.198883056640625e-06,
    "predict_and_compile_model_4_multimer_v3_pred_0": 646.3039376735687,
    "relax_model_4_multimer_v3_pred_0": 359.91687870025635,
    "process_features_model_5_multimer_v3_pred_0": 1.2874603271484375e-05,
    "predict_and_compile_model_5_multimer_v3_pred_0": 574.2493095397949,
    "relax_model_5_multimer_v3_pred_0": 340.01554584503174
}