{
    "iptm+ptm": {
        "model_1_multimer_v3_pred_0": 0.6293165821183294,
        "model_2_multimer_v3_pred_0": 0.555951351830213,
        "model_3_multimer_v3_pred_0": 0.7752660282222313,
        "model_4_multimer_v3_pred_0": 0.7755416733900307,
        "model_5_multimer_v3_pred_0": 0.8153121509027925
    },
    "order": [
        "model_5_multimer_v3_pred_0",
        "model_4_multimer_v3_pred_0",
        "model_3_multimer_v3_pred_0",
        "model_1_multimer_v3_pred_0",
        "model_2_multimer_v3_pred_0"
    ]
}