{
    "features": 291.9614565372467,
    "process_features_model_1_multimer_v3_pred_0": 9.298324584960938e-06,
    "predict_and_compile_model_1_multimer_v3_pred_0": 395.31277990341187,
    "relax_model_1_multimer_v3_pred_0": 631.292397737503,
    "process_features_model_2_multimer_v3_pred_0": 0.00010943412780761719,
    "predict_and_compile_model_2_multimer_v3_pred_0": 352.91818833351135,
    "relax_model_2_multimer_v3_pred_0": 149.1236526966095,
    "process_features_model_3_multimer_v3_pred_0": 8.344650268554688e-06,
    "predict_and_compile_model_3_multimer_v3_pred_0": 360.4587333202362,
    "relax_model_3_multimer_v3_pred_0": 204.90773367881775,
    "process_features_model_4_multimer_v3_pred_0": 2.3126602172851562e-05,
    "predict_and_compile_model_4_multimer_v3_pred_0": 416.42773485183716,
    "relax_model_4_multimer_v3_pred_0": 167.12985110282898,
    "process_features_model_5_multimer_v3_pred_0": 1.1920928955078125e-05,
    "predict_and_compile_model_5_multimer_v3_pred_0": 458.1675179004669,
    "relax_model_5_multimer_v3_pred_0": 143.17484664916992
}