{
    "iptm+ptm": {
        "model_1_multimer_v3_pred_0": 0.572918489570149,
        "model_2_multimer_v3_pred_0": 0.8415220427784689,
        "model_3_multimer_v3_pred_0": 0.6204623338039033,
        "model_4_multimer_v3_pred_0": 0.582471326642154,
        "model_5_multimer_v3_pred_0": 0.8486474428253624
    },
    "order": [
        "model_5_multimer_v3_pred_0",
        "model_2_multimer_v3_pred_0",
        "model_3_multimer_v3_pred_0",
        "model_4_multimer_v3_pred_0",
        "model_1_multimer_v3_pred_0"
    ]
}