{
    "features": 248.64686822891235,
    "process_features_model_1_multimer_v3_pred_0": 3.0517578125e-05,
    "predict_and_compile_model_1_multimer_v3_pred_0": 1421.379130601883,
    "relax_model_1_multimer_v3_pred_0": 182.6999843120575,
    "process_features_model_2_multimer_v3_pred_0": 3.075599670410156e-05,
    "predict_and_compile_model_2_multimer_v3_pred_0": 858.7266488075256,
    "relax_model_2_multimer_v3_pred_0": 425.3182373046875,
    "process_features_model_3_multimer_v3_pred_0": 1.0967254638671875e-05,
    "predict_and_compile_model_3_multimer_v3_pred_0": 939.174399137497,
    "relax_model_3_multimer_v3_pred_0": 784.6867520809174,
    "process_features_model_4_multimer_v3_pred_0": 2.2411346435546875e-05,
    "predict_and_compile_model_4_multimer_v3_pred_0": 1412.4087977409363,
    "relax_model_4_multimer_v3_pred_0": 372.481068611145,
    "process_features_model_5_multimer_v3_pred_0": 7.3909759521484375e-06,
    "predict_and_compile_model_5_multimer_v3_pred_0": 942.0648746490479,
    "relax_model_5_multimer_v3_pred_0": 256.8711202144623
}