{
    "iptm+ptm": {
        "model_1_multimer_v3_pred_0": 0.7273001229395961,
        "model_2_multimer_v3_pred_0": 0.7641404137032688,
        "model_3_multimer_v3_pred_0": 0.5721051405271563,
        "model_4_multimer_v3_pred_0": 0.5424906554284381,
        "model_5_multimer_v3_pred_0": 0.663377254968754
    },
    "order": [
        "model_2_multimer_v3_pred_0",
        "model_1_multimer_v3_pred_0",
        "model_5_multimer_v3_pred_0",
        "model_3_multimer_v3_pred_0",
        "model_4_multimer_v3_pred_0"
    ]
}