{
    "features": 271.8006389141083,
    "process_features_model_1_multimer_v3_pred_0": 4.6253204345703125e-05,
    "predict_and_compile_model_1_multimer_v3_pred_0": 486.9770278930664,
    "process_features_model_2_multimer_v3_pred_0": 2.9325485229492188e-05,
    "predict_and_compile_model_2_multimer_v3_pred_0": 592.8558807373047,
    "process_features_model_3_multimer_v3_pred_0": 9.059906005859375e-06,
    "predict_and_compile_model_3_multimer_v3_pred_0": 1061.6695437431335,
    "process_features_model_4_multimer_v3_pred_0": 9.5367431640625e-06,
    "predict_and_compile_model_4_multimer_v3_pred_0": 901.2372660636902,
    "process_features_model_5_multimer_v3_pred_0": 9.775161743164062e-06,
    "predict_and_compile_model_5_multimer_v3_pred_0": 573.3538818359375
}