{
    "iptm+ptm": {
        "model_1_multimer_v3_pred_0": 0.5995818385025409,
        "model_2_multimer_v3_pred_0": 0.5580351826338678,
        "model_3_multimer_v3_pred_0": 0.4834119399880129,
        "model_4_multimer_v3_pred_0": 0.6081904331517488,
        "model_5_multimer_v3_pred_0": 0.5091412314860502
    },
    "order": [
        "model_4_multimer_v3_pred_0",
        "model_1_multimer_v3_pred_0",
        "model_2_multimer_v3_pred_0",
        "model_5_multimer_v3_pred_0",
        "model_3_multimer_v3_pred_0"
    ]
}