{
    "features": 263.88016748428345,
    "process_features_model_1_multimer_v3_pred_0": 1.7881393432617188e-05,
    "predict_and_compile_model_1_multimer_v3_pred_0": 1174.3126227855682,
    "relax_model_1_multimer_v3_pred_0": 180.6861217021942,
    "process_features_model_2_multimer_v3_pred_0": 5.9604644775390625e-06,
    "predict_and_compile_model_2_multimer_v3_pred_0": 585.0719587802887,
    "relax_model_2_multimer_v3_pred_0": 622.8149836063385,
    "process_features_model_3_multimer_v3_pred_0": 5.7220458984375e-06,
    "predict_and_compile_model_3_multimer_v3_pred_0": 1461.4406929016113,
    "relax_model_3_multimer_v3_pred_0": 579.9730982780457,
    "process_features_model_4_multimer_v3_pred_0": 6.4373016357421875e-06,
    "predict_and_compile_model_4_multimer_v3_pred_0": 580.227411031723,
    "relax_model_4_multimer_v3_pred_0": 659.2335524559021,
    "process_features_model_5_multimer_v3_pred_0": 7.3909759521484375e-06,
    "predict_and_compile_model_5_multimer_v3_pred_0": 1194.8098282814026,
    "relax_model_5_multimer_v3_pred_0": 530.6572127342224
}