{
    "iptm+ptm": {
        "model_1_multimer_v3_pred_0": 0.9192585092496881,
        "model_2_multimer_v3_pred_0": 0.9234624296281465,
        "model_3_multimer_v3_pred_0": 0.9142362059772932,
        "model_4_multimer_v3_pred_0": 0.9140768986799319,
        "model_5_multimer_v3_pred_0": 0.9113792885747687
    },
    "order": [
        "model_2_multimer_v3_pred_0",
        "model_1_multimer_v3_pred_0",
        "model_3_multimer_v3_pred_0",
        "model_4_multimer_v3_pred_0",
        "model_5_multimer_v3_pred_0"
    ]
}