{
    "features": 174.48811650276184,
    "process_features_model_1_multimer_v3_pred_0": 1.0967254638671875e-05,
    "predict_and_compile_model_1_multimer_v3_pred_0": 1682.0737800598145,
    "relax_model_1_multimer_v3_pred_0": 269.3513231277466,
    "process_features_model_2_multimer_v3_pred_0": 9.059906005859375e-06,
    "predict_and_compile_model_2_multimer_v3_pred_0": 722.9783794879913,
    "relax_model_2_multimer_v3_pred_0": 258.46938014030457,
    "process_features_model_3_multimer_v3_pred_0": 2.002716064453125e-05,
    "predict_and_compile_model_3_multimer_v3_pred_0": 1669.3501524925232,
    "relax_model_3_multimer_v3_pred_0": 223.4193172454834,
    "process_features_model_4_multimer_v3_pred_0": 6.67572021484375e-06,
    "predict_and_compile_model_4_multimer_v3_pred_0": 855.4571325778961,
    "relax_model_4_multimer_v3_pred_0": 236.58058190345764,
    "process_features_model_5_multimer_v3_pred_0": 8.106231689453125e-06,
    "predict_and_compile_model_5_multimer_v3_pred_0": 1345.472776889801,
    "relax_model_5_multimer_v3_pred_0": 307.00632977485657
}