{
    "iptm+ptm": {
        "model_1_multimer_v3_pred_0": 0.8256973743395729,
        "model_2_multimer_v3_pred_0": 0.8471514475958615,
        "model_3_multimer_v3_pred_0": 0.8707249030860493,
        "model_4_multimer_v3_pred_0": 0.8256632179040704,
        "model_5_multimer_v3_pred_0": 0.8766820443350523
    },
    "order": [
        "model_5_multimer_v3_pred_0",
        "model_3_multimer_v3_pred_0",
        "model_2_multimer_v3_pred_0",
        "model_1_multimer_v3_pred_0",
        "model_4_multimer_v3_pred_0"
    ]
}