{
    "features": 167.95887517929077,
    "process_features_model_1_multimer_v3_pred_0": 1.0251998901367188e-05,
    "predict_and_compile_model_1_multimer_v3_pred_0": 839.7353842258453,
    "relax_model_1_multimer_v3_pred_0": 852.6281068325043,
    "process_features_model_2_multimer_v3_pred_0": 4.76837158203125e-06,
    "predict_and_compile_model_2_multimer_v3_pred_0": 668.967297077179,
    "relax_model_2_multimer_v3_pred_0": 432.8092677593231,
    "process_features_model_3_multimer_v3_pred_0": 5.9604644775390625e-06,
    "predict_and_compile_model_3_multimer_v3_pred_0": 1234.8376076221466,
    "relax_model_3_multimer_v3_pred_0": 592.3220615386963,
    "process_features_model_4_multimer_v3_pred_0": 4.5299530029296875e-06,
    "predict_and_compile_model_4_multimer_v3_pred_0": 1756.0106437206268,
    "relax_model_4_multimer_v3_pred_0": 486.87469577789307,
    "process_features_model_5_multimer_v3_pred_0": 5.0067901611328125e-06,
    "predict_and_compile_model_5_multimer_v3_pred_0": 898.024955034256,
    "relax_model_5_multimer_v3_pred_0": 287.1675355434418
}