{
    "iptm+ptm": {
        "model_1_multimer_v3_pred_0": 0.5781159990150221,
        "model_2_multimer_v3_pred_0": 0.6017102752188991,
        "model_3_multimer_v3_pred_0": 0.5696032467468697,
        "model_4_multimer_v3_pred_0": 0.5890223375061528,
        "model_5_multimer_v3_pred_0": 0.6174035334704278
    },
    "order": [
        "model_5_multimer_v3_pred_0",
        "model_2_multimer_v3_pred_0",
        "model_4_multimer_v3_pred_0",
        "model_1_multimer_v3_pred_0",
        "model_3_multimer_v3_pred_0"
    ]
}