{
    "features": 229.24742913246155,
    "process_features_model_1_multimer_v3_pred_0": 3.075599670410156e-05,
    "predict_and_compile_model_1_multimer_v3_pred_0": 905.099723815918,
    "relax_model_1_multimer_v3_pred_0": 229.35135769844055,
    "process_features_model_2_multimer_v3_pred_0": 5.245208740234375e-06,
    "predict_and_compile_model_2_multimer_v3_pred_0": 784.1692447662354,
    "relax_model_2_multimer_v3_pred_0": 391.6590895652771,
    "process_features_model_3_multimer_v3_pred_0": 5.7220458984375e-06,
    "predict_and_compile_model_3_multimer_v3_pred_0": 618.9676384925842,
    "relax_model_3_multimer_v3_pred_0": 334.25257325172424,
    "process_features_model_4_multimer_v3_pred_0": 9.059906005859375e-06,
    "predict_and_compile_model_4_multimer_v3_pred_0": 548.1126327514648,
    "relax_model_4_multimer_v3_pred_0": 338.28129053115845,
    "process_features_model_5_multimer_v3_pred_0": 7.152557373046875e-06,
    "predict_and_compile_model_5_multimer_v3_pred_0": 771.3801453113556,
    "relax_model_5_multimer_v3_pred_0": 294.9829111099243
}