{
    "iptm+ptm": {
        "model_1_multimer_v3_pred_0": 0.9014697095120398,
        "model_2_multimer_v3_pred_0": 0.9029858552676875,
        "model_3_multimer_v3_pred_0": 0.8981887994250688,
        "model_4_multimer_v3_pred_0": 0.9005740325031423,
        "model_5_multimer_v3_pred_0": 0.90510257764199
    },
    "order": [
        "model_5_multimer_v3_pred_0",
        "model_2_multimer_v3_pred_0",
        "model_1_multimer_v3_pred_0",
        "model_4_multimer_v3_pred_0",
        "model_3_multimer_v3_pred_0"
    ]
}