{
    "features": 274.3269145488739,
    "process_features_model_1_multimer_v3_pred_0": 1.1920928955078125e-05,
    "predict_and_compile_model_1_multimer_v3_pred_0": 901.2598559856415,
    "relax_model_1_multimer_v3_pred_0": 154.29126906394958,
    "process_features_model_2_multimer_v3_pred_0": 1.0728836059570312e-05,
    "predict_and_compile_model_2_multimer_v3_pred_0": 808.5976779460907,
    "relax_model_2_multimer_v3_pred_0": 177.76723408699036,
    "process_features_model_3_multimer_v3_pred_0": 9.059906005859375e-06,
    "predict_and_compile_model_3_multimer_v3_pred_0": 593.0872716903687,
    "relax_model_3_multimer_v3_pred_0": 263.7968924045563,
    "process_features_model_4_multimer_v3_pred_0": 5.5789947509765625e-05,
    "predict_and_compile_model_4_multimer_v3_pred_0": 744.8645622730255,
    "relax_model_4_multimer_v3_pred_0": 168.03862595558167,
    "process_features_model_5_multimer_v3_pred_0": 1.0251998901367188e-05,
    "predict_and_compile_model_5_multimer_v3_pred_0": 584.9038801193237,
    "relax_model_5_multimer_v3_pred_0": 175.1443088054657
}