{
    "iptm+ptm": {
        "model_1_multimer_v3_pred_0": 0.8097972967337801,
        "model_2_multimer_v3_pred_0": 0.8422228039471213,
        "model_3_multimer_v3_pred_0": 0.8443168861884007,
        "model_4_multimer_v3_pred_0": 0.8281276707864589,
        "model_5_multimer_v3_pred_0": 0.8470167736371689
    },
    "order": [
        "model_5_multimer_v3_pred_0",
        "model_3_multimer_v3_pred_0",
        "model_2_multimer_v3_pred_0",
        "model_4_multimer_v3_pred_0",
        "model_1_multimer_v3_pred_0"
    ]
}