{
    "features": 192.3095681667328,
    "process_features_model_1_multimer_v3_pred_0": 1.0013580322265625e-05,
    "predict_and_compile_model_1_multimer_v3_pred_0": 601.0686979293823,
    "relax_model_1_multimer_v3_pred_0": 171.71181082725525,
    "process_features_model_2_multimer_v3_pred_0": 5.4836273193359375e-06,
    "predict_and_compile_model_2_multimer_v3_pred_0": 523.4044902324677,
    "relax_model_2_multimer_v3_pred_0": 271.82284283638,
    "process_features_model_3_multimer_v3_pred_0": 5.7220458984375e-06,
    "predict_and_compile_model_3_multimer_v3_pred_0": 403.8298728466034,
    "relax_model_3_multimer_v3_pred_0": 198.42566633224487,
    "process_features_model_4_multimer_v3_pred_0": 5.7220458984375e-06,
    "predict_and_compile_model_4_multimer_v3_pred_0": 454.7836916446686,
    "relax_model_4_multimer_v3_pred_0": 227.45325183868408,
    "process_features_model_5_multimer_v3_pred_0": 5.4836273193359375e-06,
    "predict_and_compile_model_5_multimer_v3_pred_0": 586.8721854686737,
    "relax_model_5_multimer_v3_pred_0": 231.67919254302979
}