{
    "iptm+ptm": {
        "model_1_multimer_v3_pred_0": 0.8110869206362706,
        "model_2_multimer_v3_pred_0": 0.8190282583197872,
        "model_3_multimer_v3_pred_0": 0.8325447205128328,
        "model_4_multimer_v3_pred_0": 0.8307097465385788,
        "model_5_multimer_v3_pred_0": 0.8421921963731304
    },
    "order": [
        "model_5_multimer_v3_pred_0",
        "model_3_multimer_v3_pred_0",
        "model_4_multimer_v3_pred_0",
        "model_2_multimer_v3_pred_0",
        "model_1_multimer_v3_pred_0"
    ]
}