{
    "features": 228.0838794708252,
    "process_features_model_1_multimer_v3_pred_0": 3.5762786865234375e-05,
    "predict_and_compile_model_1_multimer_v3_pred_0": 491.841676235199,
    "relax_model_1_multimer_v3_pred_0": 239.45576739311218,
    "process_features_model_2_multimer_v3_pred_0": 1.049041748046875e-05,
    "predict_and_compile_model_2_multimer_v3_pred_0": 422.82087898254395,
    "relax_model_2_multimer_v3_pred_0": 800.8804223537445,
    "process_features_model_3_multimer_v3_pred_0": 8.344650268554688e-06,
    "predict_and_compile_model_3_multimer_v3_pred_0": 486.36112999916077,
    "relax_model_3_multimer_v3_pred_0": 365.7355351448059,
    "process_features_model_4_multimer_v3_pred_0": 9.5367431640625e-06,
    "predict_and_compile_model_4_multimer_v3_pred_0": 416.30623149871826,
    "relax_model_4_multimer_v3_pred_0": 223.04348373413086,
    "process_features_model_5_multimer_v3_pred_0": 1.1682510375976562e-05,
    "predict_and_compile_model_5_multimer_v3_pred_0": 426.23550963401794,
    "relax_model_5_multimer_v3_pred_0": 288.32026386260986
}