{
    "iptm+ptm": {
        "model_1_multimer_v3_pred_0": 0.732493443402626,
        "model_2_multimer_v3_pred_0": 0.6989113746966094,
        "model_3_multimer_v3_pred_0": 0.587108957791672,
        "model_4_multimer_v3_pred_0": 0.6485679076688358,
        "model_5_multimer_v3_pred_0": 0.6862209956583596
    },
    "order": [
        "model_1_multimer_v3_pred_0",
        "model_2_multimer_v3_pred_0",
        "model_5_multimer_v3_pred_0",
        "model_4_multimer_v3_pred_0",
        "model_3_multimer_v3_pred_0"
    ]
}