{
    "features": 131.7678303718567,
    "process_features_model_1_multimer_v3_pred_0": 1.6927719116210938e-05,
    "predict_and_compile_model_1_multimer_v3_pred_0": 398.92724800109863,
    "relax_model_1_multimer_v3_pred_0": 190.7366807460785,
    "process_features_model_2_multimer_v3_pred_0": 5.7220458984375e-06,
    "predict_and_compile_model_2_multimer_v3_pred_0": 637.9655787944794,
    "relax_model_2_multimer_v3_pred_0": 209.8881335258484,
    "process_features_model_3_multimer_v3_pred_0": 4.76837158203125e-06,
    "predict_and_compile_model_3_multimer_v3_pred_0": 537.1467213630676,
    "relax_model_3_multimer_v3_pred_0": 207.83338403701782,
    "process_features_model_4_multimer_v3_pred_0": 4.76837158203125e-06,
    "predict_and_compile_model_4_multimer_v3_pred_0": 479.2877764701843,
    "relax_model_4_multimer_v3_pred_0": 224.65220379829407,
    "process_features_model_5_multimer_v3_pred_0": 5.4836273193359375e-06,
    "predict_and_compile_model_5_multimer_v3_pred_0": 384.0628619194031,
    "relax_model_5_multimer_v3_pred_0": 167.6462321281433
}