{
    "iptm+ptm": {
        "model_1_multimer_v3_pred_0": 0.6973303516608459,
        "model_2_multimer_v3_pred_0": 0.7032928327710306,
        "model_3_multimer_v3_pred_0": 0.28376249194698355,
        "model_4_multimer_v3_pred_0": 0.29625453679867164,
        "model_5_multimer_v3_pred_0": 0.6708352480298989
    },
    "order": [
        "model_2_multimer_v3_pred_0",
        "model_1_multimer_v3_pred_0",
        "model_5_multimer_v3_pred_0",
        "model_4_multimer_v3_pred_0",
        "model_3_multimer_v3_pred_0"
    ]
}