{
    "features": 237.1224822998047,
    "process_features_model_1_multimer_v3_pred_0": 1.6689300537109375e-05,
    "predict_and_compile_model_1_multimer_v3_pred_0": 2612.289714574814,
    "relax_model_1_multimer_v3_pred_0": 1259.7406725883484,
    "process_features_model_2_multimer_v3_pred_0": 3.147125244140625e-05,
    "predict_and_compile_model_2_multimer_v3_pred_0": 2615.3212354183197,
    "relax_model_2_multimer_v3_pred_0": 1353.4830017089844,
    "process_features_model_3_multimer_v3_pred_0": 5.4836273193359375e-06,
    "predict_and_compile_model_3_multimer_v3_pred_0": 2619.05965423584,
    "relax_model_3_multimer_v3_pred_0": 1505.9326429367065,
    "process_features_model_4_multimer_v3_pred_0": 4.482269287109375e-05,
    "predict_and_compile_model_4_multimer_v3_pred_0": 2549.7992100715637,
    "relax_model_4_multimer_v3_pred_0": 1588.6123223304749,
    "process_features_model_5_multimer_v3_pred_0": 5.245208740234375e-06,
    "predict_and_compile_model_5_multimer_v3_pred_0": 2542.3553264141083,
    "relax_model_5_multimer_v3_pred_0": 752.3472852706909
}