{
    "iptm+ptm": {
        "model_1_multimer_v3_pred_0": 0.8131695972173106,
        "model_2_multimer_v3_pred_0": 0.8272308472593609,
        "model_3_multimer_v3_pred_0": 0.8246334511662541,
        "model_4_multimer_v3_pred_0": 0.841506383354599,
        "model_5_multimer_v3_pred_0": 0.8234475035096207
    },
    "order": [
        "model_4_multimer_v3_pred_0",
        "model_2_multimer_v3_pred_0",
        "model_3_multimer_v3_pred_0",
        "model_5_multimer_v3_pred_0",
        "model_1_multimer_v3_pred_0"
    ]
}