{
    "features": 159.7759952545166,
    "process_features_model_1_multimer_v3_pred_0": 8.344650268554688e-06,
    "predict_and_compile_model_1_multimer_v3_pred_0": 464.4111227989197,
    "relax_model_1_multimer_v3_pred_0": 300.9752187728882,
    "process_features_model_2_multimer_v3_pred_0": 1.0013580322265625e-05,
    "predict_and_compile_model_2_multimer_v3_pred_0": 470.9329876899719,
    "relax_model_2_multimer_v3_pred_0": 400.1658718585968,
    "process_features_model_3_multimer_v3_pred_0": 8.58306884765625e-06,
    "predict_and_compile_model_3_multimer_v3_pred_0": 603.3953943252563,
    "relax_model_3_multimer_v3_pred_0": 368.55199360847473,
    "process_features_model_4_multimer_v3_pred_0": 1.2874603271484375e-05,
    "predict_and_compile_model_4_multimer_v3_pred_0": 459.7609407901764,
    "relax_model_4_multimer_v3_pred_0": 392.1327631473541,
    "process_features_model_5_multimer_v3_pred_0": 8.58306884765625e-06,
    "predict_and_compile_model_5_multimer_v3_pred_0": 658.1823170185089,
    "relax_model_5_multimer_v3_pred_0": 583.0454857349396
}