{
    "iptm+ptm": {
        "model_1_multimer_v3_pred_0": 0.523930791424177,
        "model_2_multimer_v3_pred_0": 0.567604400137324,
        "model_3_multimer_v3_pred_0": 0.5134106491700299,
        "model_4_multimer_v3_pred_0": 0.514132603285714,
        "model_5_multimer_v3_pred_0": 0.5597870611210153
    },
    "order": [
        "model_2_multimer_v3_pred_0",
        "model_5_multimer_v3_pred_0",
        "model_1_multimer_v3_pred_0",
        "model_4_multimer_v3_pred_0",
        "model_3_multimer_v3_pred_0"
    ]
}