{
    "features": 334.85235047340393,
    "process_features_model_1_multimer_v3_pred_0": 1.5020370483398438e-05,
    "predict_and_compile_model_1_multimer_v3_pred_0": 653.1790919303894,
    "relax_model_1_multimer_v3_pred_0": 300.2582411766052,
    "process_features_model_2_multimer_v3_pred_0": 3.6716461181640625e-05,
    "predict_and_compile_model_2_multimer_v3_pred_0": 661.1752104759216,
    "relax_model_2_multimer_v3_pred_0": 252.34232473373413,
    "process_features_model_3_multimer_v3_pred_0": 9.059906005859375e-06,
    "predict_and_compile_model_3_multimer_v3_pred_0": 1255.5755279064178,
    "relax_model_3_multimer_v3_pred_0": 517.4824614524841,
    "process_features_model_4_multimer_v3_pred_0": 1.049041748046875e-05,
    "predict_and_compile_model_4_multimer_v3_pred_0": 475.62165570259094,
    "relax_model_4_multimer_v3_pred_0": 1197.5307462215424,
    "process_features_model_5_multimer_v3_pred_0": 1.1682510375976562e-05,
    "predict_and_compile_model_5_multimer_v3_pred_0": 844.9434802532196,
    "relax_model_5_multimer_v3_pred_0": 728.2767329216003
}