{
    "iptm+ptm": {
        "model_1_multimer_v3_pred_0": 0.8048804743124236,
        "model_2_multimer_v3_pred_0": 0.8409180196075643,
        "model_3_multimer_v3_pred_0": 0.8409524571133435,
        "model_4_multimer_v3_pred_0": 0.8271807146321645,
        "model_5_multimer_v3_pred_0": 0.850136784280251
    },
    "order": [
        "model_5_multimer_v3_pred_0",
        "model_3_multimer_v3_pred_0",
        "model_2_multimer_v3_pred_0",
        "model_4_multimer_v3_pred_0",
        "model_1_multimer_v3_pred_0"
    ]
}