{
    "features": 88.83929443359375,
    "process_features_model_1_multimer_v3_pred_0": 1.0967254638671875e-05,
    "predict_and_compile_model_1_multimer_v3_pred_0": 210.19294571876526,
    "relax_model_1_multimer_v3_pred_0": 380.41783356666565,
    "process_features_model_2_multimer_v3_pred_0": 7.62939453125e-06,
    "predict_and_compile_model_2_multimer_v3_pred_0": 155.05345034599304,
    "relax_model_2_multimer_v3_pred_0": 509.8899464607239,
    "process_features_model_3_multimer_v3_pred_0": 1.811981201171875e-05,
    "predict_and_compile_model_3_multimer_v3_pred_0": 187.373957157135,
    "relax_model_3_multimer_v3_pred_0": 939.9409108161926,
    "process_features_model_4_multimer_v3_pred_0": 5.4836273193359375e-06,
    "predict_and_compile_model_4_multimer_v3_pred_0": 210.97835421562195,
    "relax_model_4_multimer_v3_pred_0": 836.9175138473511,
    "process_features_model_5_multimer_v3_pred_0": 5.9604644775390625e-06,
    "predict_and_compile_model_5_multimer_v3_pred_0": 117.35847210884094,
    "relax_model_5_multimer_v3_pred_0": 695.7251889705658
}