{
    "iptm+ptm": {
        "model_1_multimer_v3_pred_0": 0.9041657215161141,
        "model_2_multimer_v3_pred_0": 0.9115724948580938,
        "model_3_multimer_v3_pred_0": 0.9149752424860516,
        "model_4_multimer_v3_pred_0": 0.9039559788518888,
        "model_5_multimer_v3_pred_0": 0.9184475491025355
    },
    "order": [
        "model_5_multimer_v3_pred_0",
        "model_3_multimer_v3_pred_0",
        "model_2_multimer_v3_pred_0",
        "model_1_multimer_v3_pred_0",
        "model_4_multimer_v3_pred_0"
    ]
}