{
    "features": 159.68053078651428,
    "process_features_model_1_multimer_v3_pred_0": 1.9788742065429688e-05,
    "predict_and_compile_model_1_multimer_v3_pred_0": 545.1087443828583,
    "relax_model_1_multimer_v3_pred_0": 386.7675709724426,
    "process_features_model_2_multimer_v3_pred_0": 6.9141387939453125e-06,
    "predict_and_compile_model_2_multimer_v3_pred_0": 421.5510709285736,
    "relax_model_2_multimer_v3_pred_0": 296.03285479545593,
    "process_features_model_3_multimer_v3_pred_0": 2.4318695068359375e-05,
    "predict_and_compile_model_3_multimer_v3_pred_0": 438.41745924949646,
    "relax_model_3_multimer_v3_pred_0": 292.7581079006195,
    "process_features_model_4_multimer_v3_pred_0": 6.4373016357421875e-06,
    "predict_and_compile_model_4_multimer_v3_pred_0": 422.572571516037,
    "relax_model_4_multimer_v3_pred_0": 205.37006497383118,
    "process_features_model_5_multimer_v3_pred_0": 5.0067901611328125e-06,
    "predict_and_compile_model_5_multimer_v3_pred_0": 415.40932750701904,
    "relax_model_5_multimer_v3_pred_0": 260.87418818473816
}