{
    "iptm+ptm": {
        "model_1_multimer_v3_pred_0": 0.7304579311001619,
        "model_2_multimer_v3_pred_0": 0.7761836165588967,
        "model_3_multimer_v3_pred_0": 0.7770218402629734,
        "model_4_multimer_v3_pred_0": 0.8572314570829189,
        "model_5_multimer_v3_pred_0": 0.7345537120085872
    },
    "order": [
        "model_4_multimer_v3_pred_0",
        "model_3_multimer_v3_pred_0",
        "model_2_multimer_v3_pred_0",
        "model_5_multimer_v3_pred_0",
        "model_1_multimer_v3_pred_0"
    ]
}