{
    "features": 84.70855641365051,
    "process_features_model_1_multimer_v3_pred_0": 1.1682510375976562e-05,
    "predict_and_compile_model_1_multimer_v3_pred_0": 105.97217607498169,
    "relax_model_1_multimer_v3_pred_0": 831.091073513031,
    "process_features_model_2_multimer_v3_pred_0": 5.7220458984375e-06,
    "predict_and_compile_model_2_multimer_v3_pred_0": 101.7909767627716,
    "relax_model_2_multimer_v3_pred_0": 329.04576563835144,
    "process_features_model_3_multimer_v3_pred_0": 5.7220458984375e-06,
    "predict_and_compile_model_3_multimer_v3_pred_0": 102.46547484397888,
    "relax_model_3_multimer_v3_pred_0": 341.36697578430176,
    "process_features_model_4_multimer_v3_pred_0": 6.4373016357421875e-06,
    "predict_and_compile_model_4_multimer_v3_pred_0": 117.4005765914917,
    "relax_model_4_multimer_v3_pred_0": 271.68080615997314,
    "process_features_model_5_multimer_v3_pred_0": 6.67572021484375e-06,
    "predict_and_compile_model_5_multimer_v3_pred_0": 108.49066042900085,
    "relax_model_5_multimer_v3_pred_0": 354.79731845855713
}