{
    "iptm+ptm": {
        "model_1_multimer_v3_pred_0": 0.5227446807949849,
        "model_2_multimer_v3_pred_0": 0.5403492786780767,
        "model_3_multimer_v3_pred_0": 0.5232082588418502,
        "model_4_multimer_v3_pred_0": 0.5602862048981647,
        "model_5_multimer_v3_pred_0": 0.5635287712483219
    },
    "order": [
        "model_5_multimer_v3_pred_0",
        "model_4_multimer_v3_pred_0",
        "model_2_multimer_v3_pred_0",
        "model_3_multimer_v3_pred_0",
        "model_1_multimer_v3_pred_0"
    ]
}