{
    "features": 222.3500280380249,
    "process_features_model_1_multimer_v3_pred_0": 3.528594970703125e-05,
    "predict_and_compile_model_1_multimer_v3_pred_0": 1360.0276913642883,
    "relax_model_1_multimer_v3_pred_0": 246.83925127983093,
    "process_features_model_2_multimer_v3_pred_0": 3.314018249511719e-05,
    "predict_and_compile_model_2_multimer_v3_pred_0": 557.628087759018,
    "relax_model_2_multimer_v3_pred_0": 288.1117169857025,
    "process_features_model_3_multimer_v3_pred_0": 6.9141387939453125e-06,
    "predict_and_compile_model_3_multimer_v3_pred_0": 667.8021123409271,
    "relax_model_3_multimer_v3_pred_0": 501.941113948822,
    "process_features_model_4_multimer_v3_pred_0": 5.245208740234375e-06,
    "predict_and_compile_model_4_multimer_v3_pred_0": 1364.895842552185,
    "relax_model_4_multimer_v3_pred_0": 190.25134921073914,
    "process_features_model_5_multimer_v3_pred_0": 3.5762786865234375e-05,
    "predict_and_compile_model_5_multimer_v3_pred_0": 1358.9398658275604,
    "relax_model_5_multimer_v3_pred_0": 312.35750246047974
}