{
    "iptm+ptm": {
        "model_1_multimer_v3_pred_0": 0.30559742308943894,
        "model_2_multimer_v3_pred_0": 0.34817601869155806,
        "model_3_multimer_v3_pred_0": 0.26652782432026045,
        "model_4_multimer_v3_pred_0": 0.2866398557252793,
        "model_5_multimer_v3_pred_0": 0.27199412556098057
    },
    "order": [
        "model_2_multimer_v3_pred_0",
        "model_1_multimer_v3_pred_0",
        "model_4_multimer_v3_pred_0",
        "model_5_multimer_v3_pred_0",
        "model_3_multimer_v3_pred_0"
    ]
}