{
    "features": 206.13348770141602,
    "process_features_model_1_multimer_v3_pred_0": 1.0728836059570312e-05,
    "predict_and_compile_model_1_multimer_v3_pred_0": 2129.473802804947,
    "relax_model_1_multimer_v3_pred_0": 598.7690615653992,
    "process_features_model_2_multimer_v3_pred_0": 5.7220458984375e-06,
    "predict_and_compile_model_2_multimer_v3_pred_0": 2127.0835304260254,
    "relax_model_2_multimer_v3_pred_0": 1036.5843403339386,
    "process_features_model_3_multimer_v3_pred_0": 5.9604644775390625e-06,
    "predict_and_compile_model_3_multimer_v3_pred_0": 2126.569734096527,
    "relax_model_3_multimer_v3_pred_0": 1926.1881823539734,
    "process_features_model_4_multimer_v3_pred_0": 5.7220458984375e-06,
    "predict_and_compile_model_4_multimer_v3_pred_0": 2089.5455236434937,
    "relax_model_4_multimer_v3_pred_0": 326.14970684051514,
    "process_features_model_5_multimer_v3_pred_0": 6.198883056640625e-06,
    "predict_and_compile_model_5_multimer_v3_pred_0": 2068.50714969635,
    "relax_model_5_multimer_v3_pred_0": 1286.3503155708313
}