{
    "iptm+ptm": {
        "model_1_multimer_v3_pred_0": 0.7917498400017459,
        "model_2_multimer_v3_pred_0": 0.7883961637476014,
        "model_3_multimer_v3_pred_0": 0.8079634596202354,
        "model_4_multimer_v3_pred_0": 0.7800450164571001,
        "model_5_multimer_v3_pred_0": 0.7701870203957965
    },
    "order": [
        "model_3_multimer_v3_pred_0",
        "model_1_multimer_v3_pred_0",
        "model_2_multimer_v3_pred_0",
        "model_4_multimer_v3_pred_0",
        "model_5_multimer_v3_pred_0"
    ]
}