{
    "features": 44.700732946395874,
    "process_features_model_1_multimer_v3_pred_0": 1.7404556274414062e-05,
    "predict_and_compile_model_1_multimer_v3_pred_0": 426.040456533432,
    "relax_model_1_multimer_v3_pred_0": 151.34261107444763,
    "process_features_model_2_multimer_v3_pred_0": 9.059906005859375e-06,
    "predict_and_compile_model_2_multimer_v3_pred_0": 426.7860219478607,
    "relax_model_2_multimer_v3_pred_0": 239.91677737236023,
    "process_features_model_3_multimer_v3_pred_0": 8.58306884765625e-06,
    "predict_and_compile_model_3_multimer_v3_pred_0": 431.838987827301,
    "relax_model_3_multimer_v3_pred_0": 172.768949508667,
    "process_features_model_4_multimer_v3_pred_0": 1.0251998901367188e-05,
    "predict_and_compile_model_4_multimer_v3_pred_0": 436.6155960559845,
    "relax_model_4_multimer_v3_pred_0": 230.27927112579346,
    "process_features_model_5_multimer_v3_pred_0": 8.58306884765625e-06,
    "predict_and_compile_model_5_multimer_v3_pred_0": 478.51488757133484,
    "relax_model_5_multimer_v3_pred_0": 275.5563335418701
}