{
    "iptm+ptm": {
        "model_1_multimer_v3_pred_0": 0.8245159492866959,
        "model_2_multimer_v3_pred_0": 0.8237892902603586,
        "model_3_multimer_v3_pred_0": 0.8096877266440657,
        "model_4_multimer_v3_pred_0": 0.8078489150182074,
        "model_5_multimer_v3_pred_0": 0.8286200046849564
    },
    "order": [
        "model_5_multimer_v3_pred_0",
        "model_1_multimer_v3_pred_0",
        "model_2_multimer_v3_pred_0",
        "model_3_multimer_v3_pred_0",
        "model_4_multimer_v3_pred_0"
    ]
}