{
    "features": 206.3029429912567,
    "process_features_model_1_multimer_v3_pred_0": 1.049041748046875e-05,
    "predict_and_compile_model_1_multimer_v3_pred_0": 407.6417510509491,
    "relax_model_1_multimer_v3_pred_0": 188.18886923789978,
    "process_features_model_2_multimer_v3_pred_0": 2.7418136596679688e-05,
    "predict_and_compile_model_2_multimer_v3_pred_0": 416.33350014686584,
    "relax_model_2_multimer_v3_pred_0": 324.87318086624146,
    "process_features_model_3_multimer_v3_pred_0": 4.76837158203125e-06,
    "predict_and_compile_model_3_multimer_v3_pred_0": 417.0419590473175,
    "relax_model_3_multimer_v3_pred_0": 456.65481543540955,
    "process_features_model_4_multimer_v3_pred_0": 5.4836273193359375e-06,
    "predict_and_compile_model_4_multimer_v3_pred_0": 433.1252157688141,
    "relax_model_4_multimer_v3_pred_0": 344.5909662246704,
    "process_features_model_5_multimer_v3_pred_0": 7.62939453125e-06,
    "predict_and_compile_model_5_multimer_v3_pred_0": 434.42282032966614,
    "relax_model_5_multimer_v3_pred_0": 296.7817678451538
}