{
    "iptm+ptm": {
        "model_1_multimer_v3_pred_0": 0.7809629541585821,
        "model_2_multimer_v3_pred_0": 0.8109375931678345,
        "model_3_multimer_v3_pred_0": 0.8178523020417657,
        "model_4_multimer_v3_pred_0": 0.7264648728911356,
        "model_5_multimer_v3_pred_0": 0.7673445717516281
    },
    "order": [
        "model_3_multimer_v3_pred_0",
        "model_2_multimer_v3_pred_0",
        "model_1_multimer_v3_pred_0",
        "model_5_multimer_v3_pred_0",
        "model_4_multimer_v3_pred_0"
    ]
}