{
    "features": 174.21093320846558,
    "process_features_model_1_multimer_v3_pred_0": 9.775161743164062e-06,
    "predict_and_compile_model_1_multimer_v3_pred_0": 1147.582578420639,
    "relax_model_1_multimer_v3_pred_0": 399.2911353111267,
    "process_features_model_2_multimer_v3_pred_0": 1.0013580322265625e-05,
    "predict_and_compile_model_2_multimer_v3_pred_0": 587.614709854126,
    "relax_model_2_multimer_v3_pred_0": 305.13222670555115,
    "process_features_model_3_multimer_v3_pred_0": 6.67572021484375e-06,
    "predict_and_compile_model_3_multimer_v3_pred_0": 526.8291718959808,
    "relax_model_3_multimer_v3_pred_0": 419.1704332828522,
    "process_features_model_4_multimer_v3_pred_0": 5.245208740234375e-06,
    "predict_and_compile_model_4_multimer_v3_pred_0": 826.5928363800049,
    "relax_model_4_multimer_v3_pred_0": 242.98980832099915,
    "process_features_model_5_multimer_v3_pred_0": 9.059906005859375e-06,
    "predict_and_compile_model_5_multimer_v3_pred_0": 651.6251373291016,
    "relax_model_5_multimer_v3_pred_0": 272.2784471511841
}