{
    "iptm+ptm": {
        "model_1_multimer_v3_pred_0": 0.6420815266777365,
        "model_2_multimer_v3_pred_0": 0.6209830972402517,
        "model_3_multimer_v3_pred_0": 0.5866469312049176,
        "model_4_multimer_v3_pred_0": 0.5620413617304383,
        "model_5_multimer_v3_pred_0": 0.6510373008044019
    },
    "order": [
        "model_5_multimer_v3_pred_0",
        "model_1_multimer_v3_pred_0",
        "model_2_multimer_v3_pred_0",
        "model_3_multimer_v3_pred_0",
        "model_4_multimer_v3_pred_0"
    ]
}