{
    "features": 324.89605236053467,
    "process_features_model_1_multimer_v3_pred_0": 8.821487426757812e-06,
    "predict_and_compile_model_1_multimer_v3_pred_0": 710.9867703914642,
    "relax_model_1_multimer_v3_pred_0": 559.2213463783264,
    "process_features_model_2_multimer_v3_pred_0": 1.0728836059570312e-05,
    "predict_and_compile_model_2_multimer_v3_pred_0": 510.88670659065247,
    "relax_model_2_multimer_v3_pred_0": 821.3395164012909,
    "process_features_model_3_multimer_v3_pred_0": 1.049041748046875e-05,
    "predict_and_compile_model_3_multimer_v3_pred_0": 525.7990624904633,
    "relax_model_3_multimer_v3_pred_0": 727.9264166355133,
    "process_features_model_4_multimer_v3_pred_0": 2.7418136596679688e-05,
    "predict_and_compile_model_4_multimer_v3_pred_0": 650.2232935428619,
    "relax_model_4_multimer_v3_pred_0": 337.1021499633789,
    "process_features_model_5_multimer_v3_pred_0": 1.9073486328125e-05,
    "predict_and_compile_model_5_multimer_v3_pred_0": 1430.2362716197968,
    "relax_model_5_multimer_v3_pred_0": 912.3173832893372
}