{
    "iptm+ptm": {
        "model_1_multimer_v3_pred_0": 0.27071059654968516,
        "model_2_multimer_v3_pred_0": 0.27556328879168646,
        "model_3_multimer_v3_pred_0": 0.28147416785522134,
        "model_4_multimer_v3_pred_0": 0.25879859335168476,
        "model_5_multimer_v3_pred_0": 0.2882258716372262
    },
    "order": [
        "model_5_multimer_v3_pred_0",
        "model_3_multimer_v3_pred_0",
        "model_2_multimer_v3_pred_0",
        "model_1_multimer_v3_pred_0",
        "model_4_multimer_v3_pred_0"
    ]
}