{
    "features": 194.20804810523987,
    "process_features_model_1_multimer_v3_pred_0": 2.7418136596679688e-05,
    "predict_and_compile_model_1_multimer_v3_pred_0": 3091.1025347709656,
    "relax_model_1_multimer_v3_pred_0": 592.2621693611145,
    "process_features_model_2_multimer_v3_pred_0": 5.245208740234375e-06,
    "predict_and_compile_model_2_multimer_v3_pred_0": 3071.3953037261963,
    "relax_model_2_multimer_v3_pred_0": 2414.8434884548187,
    "process_features_model_3_multimer_v3_pred_0": 6.4373016357421875e-06,
    "predict_and_compile_model_3_multimer_v3_pred_0": 1264.0871164798737,
    "relax_model_3_multimer_v3_pred_0": 394.7744562625885,
    "process_features_model_4_multimer_v3_pred_0": 6.198883056640625e-06,
    "predict_and_compile_model_4_multimer_v3_pred_0": 2972.751873254776,
    "relax_model_4_multimer_v3_pred_0": 741.2342562675476,
    "process_features_model_5_multimer_v3_pred_0": 5.245208740234375e-06,
    "predict_and_compile_model_5_multimer_v3_pred_0": 2982.6873033046722,
    "relax_model_5_multimer_v3_pred_0": 764.3486421108246
}