{
    "iptm+ptm": {
        "model_1_multimer_v3_pred_0": 0.5455028832566859,
        "model_2_multimer_v3_pred_0": 0.5315416200877399,
        "model_3_multimer_v3_pred_0": 0.5969255194801123,
        "model_4_multimer_v3_pred_0": 0.5986417867208224,
        "model_5_multimer_v3_pred_0": 0.4355574782358681
    },
    "order": [
        "model_4_multimer_v3_pred_0",
        "model_3_multimer_v3_pred_0",
        "model_1_multimer_v3_pred_0",
        "model_2_multimer_v3_pred_0",
        "model_5_multimer_v3_pred_0"
    ]
}