{
    "features": 230.85380625724792,
    "process_features_model_1_multimer_v3_pred_0": 4.076957702636719e-05,
    "predict_and_compile_model_1_multimer_v3_pred_0": 1157.05863904953,
    "relax_model_1_multimer_v3_pred_0": 199.58899474143982,
    "process_features_model_2_multimer_v3_pred_0": 2.5033950805664062e-05,
    "predict_and_compile_model_2_multimer_v3_pred_0": 833.7898762226105,
    "relax_model_2_multimer_v3_pred_0": 448.5961232185364,
    "process_features_model_3_multimer_v3_pred_0": 2.0265579223632812e-05,
    "predict_and_compile_model_3_multimer_v3_pred_0": 1471.713329076767,
    "relax_model_3_multimer_v3_pred_0": 800.090217590332,
    "process_features_model_4_multimer_v3_pred_0": 2.0742416381835938e-05,
    "predict_and_compile_model_4_multimer_v3_pred_0": 1430.0801963806152,
    "relax_model_4_multimer_v3_pred_0": 558.7804117202759,
    "process_features_model_5_multimer_v3_pred_0": 4.5299530029296875e-06,
    "predict_and_compile_model_5_multimer_v3_pred_0": 1428.1045460700989,
    "relax_model_5_multimer_v3_pred_0": 426.381413936615
}