{
    "iptm+ptm": {
        "model_1_multimer_v3_pred_0": 0.6271325809980868,
        "model_2_multimer_v3_pred_0": 0.5863679325748781,
        "model_3_multimer_v3_pred_0": 0.7428906993860463,
        "model_4_multimer_v3_pred_0": 0.744530369866107,
        "model_5_multimer_v3_pred_0": 0.6316059164962873
    },
    "order": [
        "model_4_multimer_v3_pred_0",
        "model_3_multimer_v3_pred_0",
        "model_5_multimer_v3_pred_0",
        "model_1_multimer_v3_pred_0",
        "model_2_multimer_v3_pred_0"
    ]
}