{
    "features": 198.2691376209259,
    "process_features_model_1_multimer_v3_pred_0": 1.430511474609375e-05,
    "predict_and_compile_model_1_multimer_v3_pred_0": 626.4860310554504,
    "relax_model_1_multimer_v3_pred_0": 212.52692914009094,
    "process_features_model_2_multimer_v3_pred_0": 5.9604644775390625e-06,
    "predict_and_compile_model_2_multimer_v3_pred_0": 513.7392225265503,
    "relax_model_2_multimer_v3_pred_0": 241.99857258796692,
    "process_features_model_3_multimer_v3_pred_0": 6.4373016357421875e-06,
    "predict_and_compile_model_3_multimer_v3_pred_0": 455.24831533432007,
    "relax_model_3_multimer_v3_pred_0": 218.43528008460999,
    "process_features_model_4_multimer_v3_pred_0": 3.743171691894531e-05,
    "predict_and_compile_model_4_multimer_v3_pred_0": 466.99457144737244,
    "relax_model_4_multimer_v3_pred_0": 255.6038899421692,
    "process_features_model_5_multimer_v3_pred_0": 5.7220458984375e-06,
    "predict_and_compile_model_5_multimer_v3_pred_0": 634.8194751739502,
    "relax_model_5_multimer_v3_pred_0": 245.80940437316895
}