{
    "iptm+ptm": {
        "model_1_multimer_v3_pred_0": 0.76331485034459,
        "model_2_multimer_v3_pred_0": 0.754454028307662,
        "model_3_multimer_v3_pred_0": 0.7586336591909566,
        "model_4_multimer_v3_pred_0": 0.7593353145189277,
        "model_5_multimer_v3_pred_0": 0.689681751503398
    },
    "order": [
        "model_1_multimer_v3_pred_0",
        "model_4_multimer_v3_pred_0",
        "model_3_multimer_v3_pred_0",
        "model_2_multimer_v3_pred_0",
        "model_5_multimer_v3_pred_0"
    ]
}