{
    "features": 178.3252375125885,
    "process_features_model_1_multimer_v3_pred_0": 2.5272369384765625e-05,
    "predict_and_compile_model_1_multimer_v3_pred_0": 1608.6805408000946,
    "relax_model_1_multimer_v3_pred_0": 483.58535599708557,
    "process_features_model_2_multimer_v3_pred_0": 1.8596649169921875e-05,
    "predict_and_compile_model_2_multimer_v3_pred_0": 988.6864140033722,
    "relax_model_2_multimer_v3_pred_0": 504.0414264202118,
    "process_features_model_3_multimer_v3_pred_0": 1.0251998901367188e-05,
    "predict_and_compile_model_3_multimer_v3_pred_0": 701.6254770755768,
    "relax_model_3_multimer_v3_pred_0": 714.2337191104889,
    "process_features_model_4_multimer_v3_pred_0": 1.1444091796875e-05,
    "predict_and_compile_model_4_multimer_v3_pred_0": 1579.698938369751,
    "relax_model_4_multimer_v3_pred_0": 295.4925615787506,
    "process_features_model_5_multimer_v3_pred_0": 2.3603439331054688e-05,
    "predict_and_compile_model_5_multimer_v3_pred_0": 556.8388833999634,
    "relax_model_5_multimer_v3_pred_0": 758.8155953884125
}