{
    "iptm+ptm": {
        "model_1_multimer_v3_pred_0": 0.8538560778694504,
        "model_2_multimer_v3_pred_0": 0.8544495726660035,
        "model_3_multimer_v3_pred_0": 0.8331395027003745,
        "model_4_multimer_v3_pred_0": 0.8608218854350245,
        "model_5_multimer_v3_pred_0": 0.8524669119904669
    },
    "order": [
        "model_4_multimer_v3_pred_0",
        "model_2_multimer_v3_pred_0",
        "model_1_multimer_v3_pred_0",
        "model_5_multimer_v3_pred_0",
        "model_3_multimer_v3_pred_0"
    ]
}