{
    "features": 177.3321681022644,
    "process_features_model_1_multimer_v3_pred_0": 9.775161743164062e-06,
    "predict_and_compile_model_1_multimer_v3_pred_0": 1747.841166973114,
    "relax_model_1_multimer_v3_pred_0": 304.98814940452576,
    "process_features_model_2_multimer_v3_pred_0": 6.67572021484375e-06,
    "predict_and_compile_model_2_multimer_v3_pred_0": 1054.912070274353,
    "relax_model_2_multimer_v3_pred_0": 233.32558798789978,
    "process_features_model_3_multimer_v3_pred_0": 1.2874603271484375e-05,
    "predict_and_compile_model_3_multimer_v3_pred_0": 1750.6005790233612,
    "relax_model_3_multimer_v3_pred_0": 326.49893021583557,
    "process_features_model_4_multimer_v3_pred_0": 6.67572021484375e-06,
    "predict_and_compile_model_4_multimer_v3_pred_0": 881.5480442047119,
    "relax_model_4_multimer_v3_pred_0": 642.6164634227753,
    "process_features_model_5_multimer_v3_pred_0": 6.9141387939453125e-06,
    "predict_and_compile_model_5_multimer_v3_pred_0": 1693.4399421215057,
    "relax_model_5_multimer_v3_pred_0": 309.1594138145447
}