{
    "iptm+ptm": {
        "model_1_multimer_v3_pred_0": 0.7612872283040959,
        "model_2_multimer_v3_pred_0": 0.6986489434199505,
        "model_3_multimer_v3_pred_0": 0.7131470689959288,
        "model_4_multimer_v3_pred_0": 0.6704070812906212,
        "model_5_multimer_v3_pred_0": 0.7089992461446799
    },
    "order": [
        "model_1_multimer_v3_pred_0",
        "model_3_multimer_v3_pred_0",
        "model_5_multimer_v3_pred_0",
        "model_2_multimer_v3_pred_0",
        "model_4_multimer_v3_pred_0"
    ]
}