{
    "features": 103.77296042442322,
    "process_features_model_1_multimer_v3_pred_0": 1.1444091796875e-05,
    "predict_and_compile_model_1_multimer_v3_pred_0": 355.33593225479126,
    "relax_model_1_multimer_v3_pred_0": 641.4767680168152,
    "process_features_model_2_multimer_v3_pred_0": 6.318092346191406e-05,
    "predict_and_compile_model_2_multimer_v3_pred_0": 463.0222051143646,
    "relax_model_2_multimer_v3_pred_0": 171.25703597068787,
    "process_features_model_3_multimer_v3_pred_0": 5.9604644775390625e-06,
    "predict_and_compile_model_3_multimer_v3_pred_0": 345.6787178516388,
    "relax_model_3_multimer_v3_pred_0": 146.22692728042603,
    "process_features_model_4_multimer_v3_pred_0": 6.198883056640625e-06,
    "predict_and_compile_model_4_multimer_v3_pred_0": 347.74351835250854,
    "relax_model_4_multimer_v3_pred_0": 201.60596251487732,
    "process_features_model_5_multimer_v3_pred_0": 7.867813110351562e-06,
    "predict_and_compile_model_5_multimer_v3_pred_0": 368.9044542312622,
    "relax_model_5_multimer_v3_pred_0": 164.96086168289185
}