{
    "iptm+ptm": {
        "model_1_multimer_v3_pred_0": 0.5601625468168174,
        "model_2_multimer_v3_pred_0": 0.5932384726155685,
        "model_3_multimer_v3_pred_0": 0.5442102402006133,
        "model_4_multimer_v3_pred_0": 0.6268581011487682,
        "model_5_multimer_v3_pred_0": 0.5972637569790857
    },
    "order": [
        "model_4_multimer_v3_pred_0",
        "model_5_multimer_v3_pred_0",
        "model_2_multimer_v3_pred_0",
        "model_1_multimer_v3_pred_0",
        "model_3_multimer_v3_pred_0"
    ]
}