{
    "features": 243.36113858222961,
    "process_features_model_1_multimer_v3_pred_0": 3.8623809814453125e-05,
    "predict_and_compile_model_1_multimer_v3_pred_0": 596.3099780082703,
    "relax_model_1_multimer_v3_pred_0": 184.05601143836975,
    "process_features_model_2_multimer_v3_pred_0": 5.0067901611328125e-06,
    "predict_and_compile_model_2_multimer_v3_pred_0": 532.8816604614258,
    "relax_model_2_multimer_v3_pred_0": 197.80965757369995,
    "process_features_model_3_multimer_v3_pred_0": 5.0067901611328125e-06,
    "predict_and_compile_model_3_multimer_v3_pred_0": 439.154221534729,
    "relax_model_3_multimer_v3_pred_0": 282.5351939201355,
    "process_features_model_4_multimer_v3_pred_0": 5.7220458984375e-06,
    "predict_and_compile_model_4_multimer_v3_pred_0": 596.1498069763184,
    "relax_model_4_multimer_v3_pred_0": 174.15628671646118,
    "process_features_model_5_multimer_v3_pred_0": 5.245208740234375e-06,
    "predict_and_compile_model_5_multimer_v3_pred_0": 1317.513332605362,
    "relax_model_5_multimer_v3_pred_0": 202.56875801086426
}