{
    "iptm+ptm": {
        "model_1_multimer_v3_pred_0": 0.7500530345659258,
        "model_2_multimer_v3_pred_0": 0.7590966536074689,
        "model_3_multimer_v3_pred_0": 0.22141081586924616,
        "model_4_multimer_v3_pred_0": 0.2842756405915963,
        "model_5_multimer_v3_pred_0": 0.6242716639465308
    },
    "order": [
        "model_2_multimer_v3_pred_0",
        "model_1_multimer_v3_pred_0",
        "model_5_multimer_v3_pred_0",
        "model_4_multimer_v3_pred_0",
        "model_3_multimer_v3_pred_0"
    ]
}