{
    "features": 224.12686109542847,
    "process_features_model_1_multimer_v3_pred_0": 3.147125244140625e-05,
    "predict_and_compile_model_1_multimer_v3_pred_0": 2497.6690418720245,
    "relax_model_1_multimer_v3_pred_0": 1605.8868861198425,
    "process_features_model_2_multimer_v3_pred_0": 6.198883056640625e-06,
    "predict_and_compile_model_2_multimer_v3_pred_0": 2493.570123195648,
    "relax_model_2_multimer_v3_pred_0": 602.8045897483826,
    "process_features_model_3_multimer_v3_pred_0": 4.76837158203125e-06,
    "predict_and_compile_model_3_multimer_v3_pred_0": 2512.514870405197,
    "relax_model_3_multimer_v3_pred_0": 1514.7269184589386,
    "process_features_model_4_multimer_v3_pred_0": 1.1205673217773438e-05,
    "predict_and_compile_model_4_multimer_v3_pred_0": 2469.0603172779083,
    "relax_model_4_multimer_v3_pred_0": 794.58358502388,
    "process_features_model_5_multimer_v3_pred_0": 6.9141387939453125e-06,
    "predict_and_compile_model_5_multimer_v3_pred_0": 2445.7158942222595,
    "relax_model_5_multimer_v3_pred_0": 1268.8341200351715
}