{
    "iptm+ptm": {
        "model_1_multimer_v3_pred_0": 0.6350476816698096,
        "model_2_multimer_v3_pred_0": 0.6342234836647347,
        "model_3_multimer_v3_pred_0": 0.690220515112701,
        "model_4_multimer_v3_pred_0": 0.6263245990765269,
        "model_5_multimer_v3_pred_0": 0.6671047334061231
    },
    "order": [
        "model_3_multimer_v3_pred_0",
        "model_5_multimer_v3_pred_0",
        "model_1_multimer_v3_pred_0",
        "model_2_multimer_v3_pred_0",
        "model_4_multimer_v3_pred_0"
    ]
}