{
    "features": 175.53960943222046,
    "process_features_model_1_multimer_v3_pred_0": 1.1205673217773438e-05,
    "predict_and_compile_model_1_multimer_v3_pred_0": 2185.771469593048,
    "relax_model_1_multimer_v3_pred_0": 1135.5920786857605,
    "process_features_model_2_multimer_v3_pred_0": 2.9802322387695312e-05,
    "predict_and_compile_model_2_multimer_v3_pred_0": 2171.6206254959106,
    "relax_model_2_multimer_v3_pred_0": 878.3103883266449,
    "process_features_model_3_multimer_v3_pred_0": 1.7881393432617188e-05,
    "predict_and_compile_model_3_multimer_v3_pred_0": 2182.573923110962,
    "relax_model_3_multimer_v3_pred_0": 1003.9531440734863,
    "process_features_model_4_multimer_v3_pred_0": 9.560585021972656e-05,
    "predict_and_compile_model_4_multimer_v3_pred_0": 2140.3559515476227,
    "relax_model_4_multimer_v3_pred_0": 964.2840900421143,
    "process_features_model_5_multimer_v3_pred_0": 5.7220458984375e-06,
    "predict_and_compile_model_5_multimer_v3_pred_0": 2133.082252264023,
    "relax_model_5_multimer_v3_pred_0": 1373.8993082046509
}