{
    "iptm+ptm": {
        "model_1_multimer_v3_pred_0": 0.5994593398381206,
        "model_2_multimer_v3_pred_0": 0.5899388126936362,
        "model_3_multimer_v3_pred_0": 0.5927816774538656,
        "model_4_multimer_v3_pred_0": 0.4966184921210301,
        "model_5_multimer_v3_pred_0": 0.5909861462853808
    },
    "order": [
        "model_1_multimer_v3_pred_0",
        "model_3_multimer_v3_pred_0",
        "model_5_multimer_v3_pred_0",
        "model_2_multimer_v3_pred_0",
        "model_4_multimer_v3_pred_0"
    ]
}