{
    "features": 220.28373742103577,
    "process_features_model_1_multimer_v3_pred_0": 2.6226043701171875e-05,
    "predict_and_compile_model_1_multimer_v3_pred_0": 869.4316322803497,
    "relax_model_1_multimer_v3_pred_0": 166.67317843437195,
    "process_features_model_2_multimer_v3_pred_0": 5.7220458984375e-06,
    "predict_and_compile_model_2_multimer_v3_pred_0": 1407.4763751029968,
    "relax_model_2_multimer_v3_pred_0": 319.7435178756714,
    "process_features_model_3_multimer_v3_pred_0": 1.0967254638671875e-05,
    "predict_and_compile_model_3_multimer_v3_pred_0": 576.0385494232178,
    "relax_model_3_multimer_v3_pred_0": 515.0336802005768,
    "process_features_model_4_multimer_v3_pred_0": 5.7220458984375e-06,
    "predict_and_compile_model_4_multimer_v3_pred_0": 808.016663312912,
    "relax_model_4_multimer_v3_pred_0": 500.843421459198,
    "process_features_model_5_multimer_v3_pred_0": 5.0067901611328125e-06,
    "predict_and_compile_model_5_multimer_v3_pred_0": 1380.1119813919067,
    "relax_model_5_multimer_v3_pred_0": 215.7935082912445
}