{
    "iptm+ptm": {
        "model_1_multimer_v3_pred_0": 0.7006595900694003,
        "model_2_multimer_v3_pred_0": 0.7316524570408021,
        "model_3_multimer_v3_pred_0": 0.6966803887450767,
        "model_4_multimer_v3_pred_0": 0.7240458375693855,
        "model_5_multimer_v3_pred_0": 0.698498902005437
    },
    "order": [
        "model_2_multimer_v3_pred_0",
        "model_4_multimer_v3_pred_0",
        "model_1_multimer_v3_pred_0",
        "model_5_multimer_v3_pred_0",
        "model_3_multimer_v3_pred_0"
    ]
}