{
    "features": 356.9915020465851,
    "process_features_model_1_multimer_v3_pred_0": 5.412101745605469e-05,
    "predict_and_compile_model_1_multimer_v3_pred_0": 1558.29310131073,
    "relax_model_1_multimer_v3_pred_0": 379.11781096458435,
    "process_features_model_2_multimer_v3_pred_0": 4.76837158203125e-06,
    "predict_and_compile_model_2_multimer_v3_pred_0": 879.0577800273895,
    "relax_model_2_multimer_v3_pred_0": 260.1196918487549,
    "process_features_model_3_multimer_v3_pred_0": 2.193450927734375e-05,
    "predict_and_compile_model_3_multimer_v3_pred_0": 550.3368856906891,
    "relax_model_3_multimer_v3_pred_0": 675.9063239097595,
    "process_features_model_4_multimer_v3_pred_0": 2.4557113647460938e-05,
    "predict_and_compile_model_4_multimer_v3_pred_0": 1406.481562614441,
    "relax_model_4_multimer_v3_pred_0": 885.0507361888885,
    "process_features_model_5_multimer_v3_pred_0": 5.7220458984375e-06,
    "predict_and_compile_model_5_multimer_v3_pred_0": 940.4079239368439,
    "relax_model_5_multimer_v3_pred_0": 365.94834780693054
}