{
    "iptm+ptm": {
        "model_1_multimer_v3_pred_0": 0.6893877680464342,
        "model_2_multimer_v3_pred_0": 0.7219824957999718,
        "model_3_multimer_v3_pred_0": 0.7066847806151113,
        "model_4_multimer_v3_pred_0": 0.6921274767877905,
        "model_5_multimer_v3_pred_0": 0.708394388361901
    },
    "order": [
        "model_2_multimer_v3_pred_0",
        "model_5_multimer_v3_pred_0",
        "model_3_multimer_v3_pred_0",
        "model_4_multimer_v3_pred_0",
        "model_1_multimer_v3_pred_0"
    ]
}