{
    "features": 159.78836035728455,
    "process_features_model_1_multimer_v3_pred_0": 9.5367431640625e-06,
    "predict_and_compile_model_1_multimer_v3_pred_0": 1817.119887828827,
    "relax_model_1_multimer_v3_pred_0": 228.39465022087097,
    "process_features_model_2_multimer_v3_pred_0": 5.4836273193359375e-06,
    "predict_and_compile_model_2_multimer_v3_pred_0": 1262.7824585437775,
    "relax_model_2_multimer_v3_pred_0": 247.81173968315125,
    "process_features_model_3_multimer_v3_pred_0": 5.245208740234375e-06,
    "predict_and_compile_model_3_multimer_v3_pred_0": 634.4233069419861,
    "relax_model_3_multimer_v3_pred_0": 961.7973425388336,
    "process_features_model_4_multimer_v3_pred_0": 5.7220458984375e-06,
    "predict_and_compile_model_4_multimer_v3_pred_0": 1078.6553885936737,
    "relax_model_4_multimer_v3_pred_0": 627.2170000076294,
    "process_features_model_5_multimer_v3_pred_0": 7.152557373046875e-06,
    "predict_and_compile_model_5_multimer_v3_pred_0": 611.5277509689331,
    "relax_model_5_multimer_v3_pred_0": 276.03558254241943
}