{
    "iptm+ptm": {
        "model_1_multimer_v3_pred_0": 0.752937846212362,
        "model_2_multimer_v3_pred_0": 0.7485803256817042,
        "model_3_multimer_v3_pred_0": 0.7833121156451608,
        "model_4_multimer_v3_pred_0": 0.7867676119929395,
        "model_5_multimer_v3_pred_0": 0.7648749374732933
    },
    "order": [
        "model_4_multimer_v3_pred_0",
        "model_3_multimer_v3_pred_0",
        "model_5_multimer_v3_pred_0",
        "model_1_multimer_v3_pred_0",
        "model_2_multimer_v3_pred_0"
    ]
}