{
    "features": 199.41289830207825,
    "process_features_model_1_multimer_v3_pred_0": 9.5367431640625e-06,
    "predict_and_compile_model_1_multimer_v3_pred_0": 680.963329076767,
    "relax_model_1_multimer_v3_pred_0": 187.1872525215149,
    "process_features_model_2_multimer_v3_pred_0": 2.5272369384765625e-05,
    "predict_and_compile_model_2_multimer_v3_pred_0": 556.0485746860504,
    "relax_model_2_multimer_v3_pred_0": 306.93021297454834,
    "process_features_model_3_multimer_v3_pred_0": 5.7220458984375e-06,
    "predict_and_compile_model_3_multimer_v3_pred_0": 510.66779232025146,
    "relax_model_3_multimer_v3_pred_0": 315.703405380249,
    "process_features_model_4_multimer_v3_pred_0": 6.9141387939453125e-06,
    "predict_and_compile_model_4_multimer_v3_pred_0": 568.2634551525116,
    "relax_model_4_multimer_v3_pred_0": 291.6051962375641,
    "process_features_model_5_multimer_v3_pred_0": 6.4373016357421875e-06,
    "predict_and_compile_model_5_multimer_v3_pred_0": 552.0205385684967,
    "relax_model_5_multimer_v3_pred_0": 270.90827775001526
}